#
# There is insufficient memory for the Java Runtime Environment to continue.
# Native memory allocation (mmap) failed to map 253755392 bytes for G1 virtual space
# Possible reasons:
#   The system is out of physical RAM or swap space
#   The process is running with CompressedOops enabled, and the Java Heap may be blocking the growth of the native heap
# Possible solutions:
#   Reduce memory load on the system
#   Increase physical memory or swap space
#   Check if swap backing store is full
#   Decrease Java heap size (-Xmx/-Xms)
#   Decrease number of Java threads
#   Decrease Java thread stack sizes (-Xss)
#   Set larger code cache with -XX:ReservedCodeCacheSize=
#   JVM is running with Unscaled Compressed Oops mode in which the Java heap is
#     placed in the first 4GB address space. The Java Heap base address is the
#     maximum limit for the native heap growth. Please use -XX:HeapBaseMinAddress
#     to set the Java Heap base and to place the Java Heap above 4GB virtual address.
# This output file may be truncated or incomplete.
#
#  Out of Memory Error (os_windows.cpp:3771), pid=28872, tid=23380
#
# JRE version: OpenJDK Runtime Environment (17.0.7) (build 17.0.7+0-b2043.56-10550314)
# Java VM: OpenJDK 64-Bit Server VM (17.0.7+0-b2043.56-10550314, mixed mode, tiered, compressed oops, compressed class ptrs, g1 gc, windows-amd64)
# No core dump will be written. Minidumps are not enabled by default on client versions of Windows
#

---------------  S U M M A R Y ------------

Command Line: --add-opens=java.base/java.lang=ALL-UNNAMED --add-opens=java.base/java.lang.invoke=ALL-UNNAMED --add-opens=java.base/java.util=ALL-UNNAMED --add-opens=java.prefs/java.util.prefs=ALL-UNNAMED --add-exports=jdk.compiler/com.sun.tools.javac.api=ALL-UNNAMED --add-exports=jdk.compiler/com.sun.tools.javac.util=ALL-UNNAMED --add-opens=java.base/java.util=ALL-UNNAMED --add-opens=java.prefs/java.util.prefs=ALL-UNNAMED --add-opens=java.base/java.nio.charset=ALL-UNNAMED --add-opens=java.base/java.net=ALL-UNNAMED --add-opens=java.base/java.util.concurrent.atomic=ALL-UNNAMED --add-opens=java.xml/javax.xml.namespace=ALL-UNNAMED -XX:MaxMetaspaceSize=512m -XX:ReservedCodeCacheSize=256m -XX:+HeapDumpOnOutOfMemoryError -Xmx2G -Dfile.encoding=UTF-8 -Duser.country=US -Duser.language=en -Duser.variant -javaagent:C:\Users\bashe\.gradle\wrapper\dists\gradle-8.12-all\ejduaidbjup3bmmkhw3rie4zb\gradle-8.12\lib\agents\gradle-instrumentation-agent-8.12.jar org.gradle.launcher.daemon.bootstrap.GradleDaemon 8.12

Host: 11th Gen Intel(R) Core(TM) i7-11800H @ 2.30GHz, 16 cores, 15G,  Windows 11 , 64 bit Build 22621 (10.0.22621.5415)
Time: Sun Aug 30 05:27:42 2026 Arab Standard Time elapsed time: 107.070012 seconds (0d 0h 1m 47s)

---------------  T H R E A D  ---------------

Current thread (0x0000021261462060):  VMThread "VM Thread" [stack: 0x0000001b3a100000,0x0000001b3a200000] [id=23380]

Stack: [0x0000001b3a100000,0x0000001b3a200000]
Native frames: (J=compiled Java code, j=interpreted, Vv=VM code, C=native code)
V  [jvm.dll+0x683bfa]
V  [jvm.dll+0x8430a4]
V  [jvm.dll+0x8449be]
V  [jvm.dll+0x845023]
V  [jvm.dll+0x24ad2f]
V  [jvm.dll+0x680ac9]
V  [jvm.dll+0x67519a]
V  [jvm.dll+0x30b3cb]
V  [jvm.dll+0x312876]
V  [jvm.dll+0x36221e]
V  [jvm.dll+0x36244f]
V  [jvm.dll+0x2e14a8]
V  [jvm.dll+0x2e4596]
V  [jvm.dll+0x2eed58]
V  [jvm.dll+0x323a40]
V  [jvm.dll+0x8496eb]
V  [jvm.dll+0x84a424]
V  [jvm.dll+0x84a93d]
V  [jvm.dll+0x84ad14]
V  [jvm.dll+0x84ade0]
V  [jvm.dll+0x7f2aea]
V  [jvm.dll+0x682a35]
C  [ucrtbase.dll+0x29333]
C  [KERNEL32.DLL+0x1259d]
C  [ntdll.dll+0x5af78]

VM_Operation (0x0000001b39dff7b0): G1Concurrent, mode: safepoint, requested by thread 0x000002124409d5d0


---------------  P R O C E S S  ---------------

Threads class SMR info:
_java_thread_list=0x000002127e2952d0, length=272, elements={
0x000002124419b100, 0x0000021261b9f010, 0x0000021261465790, 0x0000021261bac950,
0x0000021261bad300, 0x0000021261badcb0, 0x0000021261bca400, 0x0000021261bcaff0,
0x0000021261bcedf0, 0x0000021261bcf7e0, 0x0000021261bfa740, 0x0000021261e48350,
0x00000212441885c0, 0x0000021244187280, 0x0000021244189900, 0x0000021244189430,
0x0000021244189dd0, 0x0000021244186410, 0x00000212441868e0, 0x0000021244187750,
0x0000021268646bf0, 0x0000021268648da0, 0x0000021268645d80, 0x000002126864b420,
0x0000021268644f10, 0x000002126864a0e0, 0x0000021268647f30, 0x00000212686458b0,
0x000002126864bdc0, 0x000002126864a5b0, 0x0000021268646250, 0x0000021268649270,
0x0000021268646720, 0x000002126864aa80, 0x000002126864af50, 0x000002126864c290,
0x0000021268648400, 0x00000212686488d0, 0x000002126864c760, 0x00000212686453e0,
0x0000021244188f60, 0x0000021269bfa260, 0x0000021269bf80b0, 0x0000021269bfd280,
0x0000021269bfb5a0, 0x0000021269bfc8e0, 0x0000021269bfba70, 0x0000021269bfef60,
0x0000021269bf8580, 0x0000021269bff430, 0x0000021269bff900, 0x0000021269bfe5c0,
0x0000021269bf8a50, 0x0000021269bfdc20, 0x0000021269bfa730, 0x0000021269bf8f20,
0x0000021269bfd750, 0x0000021269bfbf40, 0x0000021269bf93f0, 0x0000021269bf98c0,
0x0000021269bf9d90, 0x0000021269bfac00, 0x0000021269bfe0f0, 0x0000021269bfcdb0,
0x0000021269bfb0d0, 0x0000021269bfc410, 0x0000021269bfea90, 0x000002126a759490,
0x000002126a75c980, 0x000002126a758fc0, 0x000002126a75a7d0, 0x000002126a75fe70,
0x000002126a759960, 0x000002126a75f4d0, 0x000002126a75aca0, 0x000002126a75ce50,
0x000002126a758af0, 0x000002126a75b170, 0x000002126a75e660, 0x000002126a75f9a0,
0x000002126a75b640, 0x000002126a75d320, 0x000002126a75bb10, 0x000002126a75bfe0,
0x000002126a75d7f0, 0x000002126a75dcc0, 0x000002126a75e190, 0x000002126a75f000,
0x000002126a75eb30, 0x000002126e62eee0, 0x000002126e62a6b0, 0x000002126e62d200,
0x000002126e62b050, 0x000002126e62a1e0, 0x000002126e62f880, 0x000002126e629370,
0x000002126e62bec0, 0x000002126e62d6d0, 0x000002126e62dba0, 0x000002126e62ab80,
0x000002126e62b520, 0x000002126e62cd30, 0x000002126e62e540, 0x000002126e62ea10,
0x000002126e62b9f0, 0x000002126e62f3b0, 0x000002126e629840, 0x000002126e62c390,
0x000002126e629d10, 0x000002126e62c860, 0x000002126e628030, 0x000002126e628500,
0x000002126e6289d0, 0x000002126e628ea0, 0x000002126e852a00, 0x000002126e855ef0,
0x000002126e8563c0, 0x000002126e852060, 0x000002126e852ed0, 0x000002126e854210,
0x000002126e857230, 0x000002126e856d60, 0x000002126e856890, 0x000002126e853d40,
0x000002126e857700, 0x000002126e852530, 0x000002126e857bd0, 0x000002126e8533a0,
0x000002126e8546e0, 0x000002126e853870, 0x000002126e854bb0, 0x000002126e8580a0,
0x000002126e858f10, 0x000002126e8593e0, 0x000002126e858570, 0x000002126e858a40,
0x000002126e8598b0, 0x000002126e855080, 0x000002126e855550, 0x000002126e855a20,
0x000002126e9b2ed0, 0x000002126e9b5080, 0x000002126e9b33a0, 0x000002126e9b3870,
0x000002126e9b3d40, 0x000002126e9b7700, 0x000002126e9b2a00, 0x000002126e9b63c0,
0x000002126e9b4bb0, 0x000002126e9b7230, 0x000002126e9b5a20, 0x000002126e9b93e0,
0x000002126e9b6890, 0x000002126e9b80a0, 0x000002126e9b8570, 0x000002126e9b8a40,
0x000002126e9b98b0, 0x000002126e9b2060, 0x000002126e9b2530, 0x000002126ae8c6e0,
0x000002126ae8c210, 0x000002126ae8d080, 0x000002126ae8bd40, 0x000002126ae8d550,
0x000002126ae8da20, 0x000002126ae8cbb0, 0x000002126ae8a060, 0x000002126ae8b3a0,
0x000002126ae8a530, 0x000002126ae8aa00, 0x000002126ae8aed0, 0x000002126ae8b870,
0x000002126768fd40, 0x0000021267690210, 0x00000212676906e0, 0x000002126768e530,
0x000002126768ea00, 0x0000021267690bb0, 0x0000021267691550, 0x0000021267691080,
0x000002126768eed0, 0x0000021267691a20, 0x000002126768e060, 0x000002126768f3a0,
0x000002126768f870, 0x00000212663d7210, 0x00000212663d8550, 0x00000212663da230,
0x00000212663da700, 0x00000212663d7bb0, 0x00000212663d8080, 0x00000212663d9890,
0x00000212663d76e0, 0x00000212663d9d60, 0x00000212663d6d40, 0x00000212663d93c0,
0x00000212663d8a20, 0x000002126c8783a0, 0x000002126c877530, 0x000002126c878870,
0x000002126c877060, 0x000002126a3cd520, 0x000002126a3ce860, 0x000002126a3cd9f0,
0x000002126a3cdec0, 0x000002126a3ce390, 0x000002126a3cd050, 0x000002126a3cbd10,
0x000002126ca0c980, 0x000002126ca0b640, 0x000002126ca0bb10, 0x000002126ca0bfe0,
0x000002126a8fd1d0, 0x000002126a8fcd00, 0x000002126a8fd6a0, 0x000002126ba1e660,
0x000002126ba1f000, 0x000002126ba20ce0, 0x000002126ba1f4d0, 0x000002126ba20340,
0x0000021267faf170, 0x0000021266ffb090, 0x0000021266ff9880, 0x0000021266ff9d50,
0x0000021266ffa220, 0x0000021267181530, 0x0000021267181ed0, 0x000002126baf7110,
0x000002127c8995f0, 0x000002126ebe57d0, 0x000002126ebe3150, 0x000002126ca0db20,
0x0000021267fae7d0, 0x000002126ebe5300, 0x000002126ebe3af0, 0x000002126ca0d650,
0x0000021267fac150, 0x000002126ce79170, 0x000002126ce79640, 0x000002126ce79fe0,
0x0000021267faf640, 0x0000021267fa7df0, 0x0000021267fab7b0, 0x000002126e3f8ef0,
0x000002126e3f93c0, 0x000002126e3f9890, 0x000002126c52ec70, 0x000002126c52f140,
0x000002127d151e20, 0x000002126ba21b50, 0x000002126baf95f0, 0x000002126baf82b0,
0x0000021200b147d0, 0x0000021200b14ca0, 0x0000021200b15170, 0x0000021200b15fe0,
0x0000021200b164b0, 0x0000021200b15b10, 0x0000021200b13490, 0x0000021200b13e30,
0x0000021200b14300, 0x0000021200b16980, 0x0000021200b16e50, 0x0000021200b15640,
0x0000021200b13960, 0x000002126a8fbc20, 0x000002126ca0e990, 0x000002127d150fb0,
0x000002127d14e460, 0x000002126cee99c0, 0x000002126c71b800, 0x0000021267496ec0
}
_to_delete_list=0x000002120c7998b0, length=273, elements={
0x000002124419b100, 0x0000021261b9f010, 0x0000021261465790, 0x0000021261bac950,
0x0000021261bad300, 0x0000021261badcb0, 0x0000021261bca400, 0x0000021261bcaff0,
0x0000021261bcedf0, 0x0000021261bcf7e0, 0x0000021261bfa740, 0x0000021261e48350,
0x00000212441885c0, 0x0000021244187280, 0x0000021244189900, 0x0000021244189430,
0x0000021244189dd0, 0x0000021244186410, 0x00000212441868e0, 0x0000021244187750,
0x0000021268646bf0, 0x0000021268648da0, 0x0000021268645d80, 0x000002126864b420,
0x0000021268644f10, 0x000002126864a0e0, 0x0000021268647f30, 0x00000212686458b0,
0x000002126864bdc0, 0x000002126864a5b0, 0x0000021268646250, 0x0000021268649270,
0x0000021268646720, 0x000002126864aa80, 0x000002126864af50, 0x000002126864c290,
0x0000021268648400, 0x00000212686488d0, 0x000002126864c760, 0x00000212686453e0,
0x0000021244188f60, 0x0000021269bfa260, 0x0000021269bf80b0, 0x0000021269bfd280,
0x0000021269bfb5a0, 0x0000021269bfc8e0, 0x0000021269bfba70, 0x0000021269bfef60,
0x0000021269bf8580, 0x0000021269bff430, 0x0000021269bff900, 0x0000021269bfe5c0,
0x0000021269bf8a50, 0x0000021269bfdc20, 0x0000021269bfa730, 0x0000021269bf8f20,
0x0000021269bfd750, 0x0000021269bfbf40, 0x0000021269bf93f0, 0x0000021269bf98c0,
0x0000021269bf9d90, 0x0000021269bfac00, 0x0000021269bfe0f0, 0x0000021269bfcdb0,
0x0000021269bfb0d0, 0x0000021269bfc410, 0x0000021269bfea90, 0x000002126a759490,
0x000002126a75c980, 0x000002126a758fc0, 0x000002126a75a7d0, 0x000002126a75fe70,
0x000002126a759960, 0x000002126a75f4d0, 0x000002126a75aca0, 0x000002126a75ce50,
0x000002126a758af0, 0x000002126a75b170, 0x000002126a75e660, 0x000002126a75f9a0,
0x000002126a75b640, 0x000002126a75d320, 0x000002126a75bb10, 0x000002126a75bfe0,
0x000002126a75d7f0, 0x000002126a75dcc0, 0x000002126a75e190, 0x000002126a75f000,
0x000002126a75eb30, 0x000002126e62eee0, 0x000002126e62a6b0, 0x000002126e62d200,
0x000002126e62b050, 0x000002126e62a1e0, 0x000002126e62f880, 0x000002126e629370,
0x000002126e62bec0, 0x000002126e62d6d0, 0x000002126e62dba0, 0x000002126e62ab80,
0x000002126e62b520, 0x000002126e62cd30, 0x000002126e62e540, 0x000002126e62ea10,
0x000002126e62b9f0, 0x000002126e62f3b0, 0x000002126e629840, 0x000002126e62c390,
0x000002126e629d10, 0x000002126e62c860, 0x000002126e628030, 0x000002126e628500,
0x000002126e6289d0, 0x000002126e628ea0, 0x000002126e852a00, 0x000002126e855ef0,
0x000002126e8563c0, 0x000002126e852060, 0x000002126e852ed0, 0x000002126e854210,
0x000002126e857230, 0x000002126e856d60, 0x000002126e856890, 0x000002126e853d40,
0x000002126e857700, 0x000002126e852530, 0x000002126e857bd0, 0x000002126e8533a0,
0x000002126e8546e0, 0x000002126e853870, 0x000002126e854bb0, 0x000002126e8580a0,
0x000002126e858f10, 0x000002126e8593e0, 0x000002126e858570, 0x000002126e858a40,
0x000002126e8598b0, 0x000002126e855080, 0x000002126e855550, 0x000002126e855a20,
0x000002126e9b2ed0, 0x000002126e9b5080, 0x000002126e9b33a0, 0x000002126e9b3870,
0x000002126e9b3d40, 0x000002126e9b7700, 0x000002126e9b2a00, 0x000002126e9b63c0,
0x000002126e9b4bb0, 0x000002126e9b7230, 0x000002126e9b5a20, 0x000002126e9b93e0,
0x000002126e9b6890, 0x000002126e9b80a0, 0x000002126e9b8570, 0x000002126e9b8a40,
0x000002126e9b98b0, 0x000002126e9b2060, 0x000002126e9b2530, 0x000002126ae8c6e0,
0x000002126ae8c210, 0x000002126ae8d080, 0x000002126ae8bd40, 0x000002126ae8d550,
0x000002126ae8da20, 0x000002126ae8cbb0, 0x000002126ae8a060, 0x000002126ae8b3a0,
0x000002126ae8a530, 0x000002126ae8aa00, 0x000002126ae8aed0, 0x000002126ae8b870,
0x000002126768fd40, 0x0000021267690210, 0x00000212676906e0, 0x000002126768e530,
0x000002126768ea00, 0x0000021267690bb0, 0x0000021267691550, 0x0000021267691080,
0x000002126768eed0, 0x0000021267691a20, 0x000002126768e060, 0x000002126768f3a0,
0x000002126768f870, 0x00000212663d7210, 0x00000212663d8550, 0x00000212663da230,
0x00000212663da700, 0x00000212663d7bb0, 0x00000212663d8080, 0x00000212663d9890,
0x00000212663d76e0, 0x00000212663d9d60, 0x00000212663d6d40, 0x00000212663d93c0,
0x00000212663d8a20, 0x000002126c8783a0, 0x000002126c877530, 0x000002126c878870,
0x000002126c877060, 0x000002126a3cd520, 0x000002126a3ce860, 0x000002126a3cd9f0,
0x000002126a3cdec0, 0x000002126a3ce390, 0x000002126a3cd050, 0x000002126a3cbd10,
0x000002126ca0c980, 0x000002126ca0b640, 0x000002126ca0bb10, 0x000002126ca0bfe0,
0x000002126a8fd1d0, 0x000002126a8fcd00, 0x000002126a8fd6a0, 0x000002126ba1e660,
0x000002126ba1f000, 0x000002126ba20ce0, 0x000002126ba1f4d0, 0x000002126ba20340,
0x0000021267faf170, 0x0000021266ffb090, 0x0000021266ff9880, 0x0000021266ff9d50,
0x0000021266ffa220, 0x0000021267181530, 0x0000021267181ed0, 0x000002126baf7110,
0x000002127c8995f0, 0x000002126ebe57d0, 0x000002126ebe3150, 0x000002126ca0db20,
0x0000021267fae7d0, 0x000002126ebe5300, 0x000002126ebe3af0, 0x000002126ca0d650,
0x0000021267fac150, 0x000002126ce79170, 0x000002126ce79640, 0x000002126ce79fe0,
0x0000021267faf640, 0x0000021267fa7df0, 0x0000021267fab7b0, 0x000002126e3f8ef0,
0x000002126e3f93c0, 0x000002126e3f9890, 0x000002126c52ec70, 0x000002126c52f140,
0x000002127d151e20, 0x000002126ba21b50, 0x000002126baf95f0, 0x000002126baf82b0,
0x0000021200b147d0, 0x0000021200b14ca0, 0x0000021200b15170, 0x0000021200b15fe0,
0x0000021200b164b0, 0x0000021200b15b10, 0x0000021200b13490, 0x0000021200b13e30,
0x0000021200b14300, 0x0000021200b16980, 0x0000021200b16e50, 0x0000021200b15640,
0x0000021200b13960, 0x000002126a8fbc20, 0x000002126ca0e990, 0x000002127d150fb0,
0x000002127d14e460, 0x000002126cee99c0, 0x000002126c71b800, 0x0000021267496ec0,
0x00000212011e4bb0
}

Java Threads: ( => current thread )
  0x000002124419b100 JavaThread "main" [_thread_blocked, id=6528, stack(0x0000001b39b00000,0x0000001b39c00000)]
  0x0000021261b9f010 JavaThread "Reference Handler" daemon [_thread_blocked, id=24780, stack(0x0000001b3a200000,0x0000001b3a300000)]
  0x0000021261465790 JavaThread "Finalizer" daemon [_thread_blocked, id=34776, stack(0x0000001b3a300000,0x0000001b3a400000)]
  0x0000021261bac950 JavaThread "Signal Dispatcher" daemon [_thread_blocked, id=13888, stack(0x0000001b3a400000,0x0000001b3a500000)]
  0x0000021261bad300 JavaThread "Attach Listener" daemon [_thread_blocked, id=14116, stack(0x0000001b3a500000,0x0000001b3a600000)]
  0x0000021261badcb0 JavaThread "Service Thread" daemon [_thread_blocked, id=23284, stack(0x0000001b3a600000,0x0000001b3a700000)]
  0x0000021261bca400 JavaThread "Monitor Deflation Thread" daemon [_thread_blocked, id=28232, stack(0x0000001b3a700000,0x0000001b3a800000)]
  0x0000021261bcaff0 JavaThread "C2 CompilerThread0" daemon [_thread_in_native, id=12940, stack(0x0000001b3a800000,0x0000001b3a900000)]
  0x0000021261bcedf0 JavaThread "C1 CompilerThread0" daemon [_thread_blocked, id=2424, stack(0x0000001b3a900000,0x0000001b3aa00000)]
  0x0000021261bcf7e0 JavaThread "Sweeper thread" daemon [_thread_blocked, id=25096, stack(0x0000001b3aa00000,0x0000001b3ab00000)]
  0x0000021261bfa740 JavaThread "Common-Cleaner" daemon [_thread_blocked, id=4924, stack(0x0000001b3ab00000,0x0000001b3ac00000)]
  0x0000021261e48350 JavaThread "Notification Thread" daemon [_thread_blocked, id=23672, stack(0x0000001b3af00000,0x0000001b3b000000)]
  0x00000212441885c0 JavaThread "Daemon health stats" [_thread_blocked, id=29768, stack(0x0000001b3b700000,0x0000001b3b800000)]
  0x0000021244187280 JavaThread "Incoming local TCP Connector on port 11113" [_thread_in_native, id=31392, stack(0x0000001b3b800000,0x0000001b3b900000)]
  0x0000021244189900 JavaThread "Daemon periodic checks" [_thread_blocked, id=9772, stack(0x0000001b3b900000,0x0000001b3ba00000)]
  0x0000021244189430 JavaThread "Daemon" [_thread_blocked, id=28836, stack(0x0000001b3ba00000,0x0000001b3bb00000)]
  0x0000021244189dd0 JavaThread "Handler for socket connection from /127.0.0.1:11113 to /127.0.0.1:11114" [_thread_in_native, id=28808, stack(0x0000001b3bb00000,0x0000001b3bc00000)]
  0x0000021244186410 JavaThread "Cancel handler" [_thread_blocked, id=28368, stack(0x0000001b3bc00000,0x0000001b3bd00000)]
  0x00000212441868e0 JavaThread "Daemon worker" [_thread_blocked, id=28088, stack(0x0000001b3bd00000,0x0000001b3be00000)]
  0x0000021244187750 JavaThread "Asynchronous log dispatcher for DefaultDaemonConnection: socket connection from /127.0.0.1:11113 to /127.0.0.1:11114" [_thread_blocked, id=13800, stack(0x0000001b3be00000,0x0000001b3bf00000)]
  0x0000021268646bf0 JavaThread "Stdin handler" [_thread_blocked, id=30132, stack(0x0000001b3bf00000,0x0000001b3c000000)]
  0x0000021268648da0 JavaThread "Daemon client event forwarder" [_thread_blocked, id=30112, stack(0x0000001b3c000000,0x0000001b3c100000)]
  0x0000021268645d80 JavaThread "Cache worker for journal cache (C:\Users\bashe\.gradle\caches\journal-1)" [_thread_blocked, id=25896, stack(0x0000001b3ca00000,0x0000001b3cb00000)]
  0x000002126864b420 JavaThread "File lock request listener" [_thread_in_native, id=34448, stack(0x0000001b3cb00000,0x0000001b3cc00000)]
  0x0000021268644f10 JavaThread "Cache worker for file hash cache (C:\Users\bashe\.gradle\caches\8.12\fileHashes)" [_thread_blocked, id=21140, stack(0x0000001b3cc00000,0x0000001b3cd00000)]
  0x000002126864a0e0 JavaThread "Cache worker for file hash cache (D:\all my project\asmaa\api+app\mediprescribe\android\.gradle\8.12\fileHashes)" [_thread_blocked, id=19264, stack(0x0000001b3cd00000,0x0000001b3ce00000)]
  0x0000021268647f30 JavaThread "Cache worker for Build Output Cleanup Cache (D:\all my project\asmaa\api+app\mediprescribe\android\.gradle\buildOutputCleanup)" [_thread_blocked, id=12716, stack(0x0000001b3ce00000,0x0000001b3cf00000)]
  0x00000212686458b0 JavaThread "File watcher server" daemon [_thread_blocked, id=30956, stack(0x0000001b3cf00000,0x0000001b3d000000)]
  0x000002126864bdc0 JavaThread "File watcher consumer" daemon [_thread_blocked, id=27620, stack(0x0000001b3d000000,0x0000001b3d100000)]
  0x000002126864a5b0 JavaThread "Cache worker for checksums cache (D:\all my project\asmaa\api+app\mediprescribe\android\.gradle\8.12\checksums)" [_thread_blocked, id=19384, stack(0x0000001b3d100000,0x0000001b3d200000)]
  0x0000021268646250 JavaThread "Cache worker for file content cache (C:\Users\bashe\.gradle\caches\8.12\fileContent)" [_thread_blocked, id=29988, stack(0x0000001b3d200000,0x0000001b3d300000)]
  0x0000021268649270 JavaThread "Cache worker for cache directory md-rule (C:\Users\bashe\.gradle\caches\8.12\md-rule)" [_thread_blocked, id=26216, stack(0x0000001b3d300000,0x0000001b3d400000)]
  0x0000021268646720 JavaThread "Cache worker for cache directory md-supplier (C:\Users\bashe\.gradle\caches\8.12\md-supplier)" [_thread_blocked, id=19096, stack(0x0000001b3d400000,0x0000001b3d500000)]
  0x000002126864aa80 JavaThread "Cache worker for Build Output Cleanup Cache (C:\src\flutter\packages\flutter_tools\gradle\.gradle\buildOutputCleanup)" [_thread_blocked, id=23484, stack(0x0000001b3d500000,0x0000001b3d600000)]
  0x000002126864af50 JavaThread "Unconstrained build operations" [_thread_blocked, id=2608, stack(0x0000001b3d600000,0x0000001b3d700000)]
  0x000002126864c290 JavaThread "Unconstrained build operations Thread 2" [_thread_blocked, id=20096, stack(0x0000001b3d700000,0x0000001b3d800000)]
  0x0000021268648400 JavaThread "Unconstrained build operations Thread 3" [_thread_blocked, id=3804, stack(0x0000001b3d800000,0x0000001b3d900000)]
  0x00000212686488d0 JavaThread "Unconstrained build operations Thread 4" [_thread_blocked, id=25664, stack(0x0000001b3d900000,0x0000001b3da00000)]
  0x000002126864c760 JavaThread "Unconstrained build operations Thread 5" [_thread_blocked, id=5532, stack(0x0000001b3da00000,0x0000001b3db00000)]
  0x00000212686453e0 JavaThread "Unconstrained build operations Thread 6" [_thread_blocked, id=34436, stack(0x0000001b3db00000,0x0000001b3dc00000)]
  0x0000021244188f60 JavaThread "Unconstrained build operations Thread 7" [_thread_blocked, id=28432, stack(0x0000001b3dc00000,0x0000001b3dd00000)]
  0x0000021269bfa260 JavaThread "Unconstrained build operations Thread 8" [_thread_blocked, id=26092, stack(0x0000001b3dd00000,0x0000001b3de00000)]
  0x0000021269bf80b0 JavaThread "Unconstrained build operations Thread 9" [_thread_blocked, id=10984, stack(0x0000001b3de00000,0x0000001b3df00000)]
  0x0000021269bfd280 JavaThread "Unconstrained build operations Thread 10" [_thread_blocked, id=18964, stack(0x0000001b3df00000,0x0000001b3e000000)]
  0x0000021269bfb5a0 JavaThread "Unconstrained build operations Thread 11" [_thread_blocked, id=24736, stack(0x0000001b3e000000,0x0000001b3e100000)]
  0x0000021269bfc8e0 JavaThread "Unconstrained build operations Thread 12" [_thread_blocked, id=15356, stack(0x0000001b3e100000,0x0000001b3e200000)]
  0x0000021269bfba70 JavaThread "Unconstrained build operations Thread 13" [_thread_blocked, id=18980, stack(0x0000001b3e200000,0x0000001b3e300000)]
  0x0000021269bfef60 JavaThread "Unconstrained build operations Thread 14" [_thread_blocked, id=19052, stack(0x0000001b3e300000,0x0000001b3e400000)]
  0x0000021269bf8580 JavaThread "Unconstrained build operations Thread 15" [_thread_blocked, id=29172, stack(0x0000001b3e400000,0x0000001b3e500000)]
  0x0000021269bff430 JavaThread "Unconstrained build operations Thread 16" [_thread_blocked, id=32048, stack(0x0000001b3e500000,0x0000001b3e600000)]
  0x0000021269bff900 JavaThread "Unconstrained build operations Thread 17" [_thread_blocked, id=8648, stack(0x0000001b3e600000,0x0000001b3e700000)]
  0x0000021269bfe5c0 JavaThread "Unconstrained build operations Thread 18" [_thread_blocked, id=34700, stack(0x0000001b3e700000,0x0000001b3e800000)]
  0x0000021269bf8a50 JavaThread "Unconstrained build operations Thread 19" [_thread_blocked, id=14524, stack(0x0000001b3e800000,0x0000001b3e900000)]
  0x0000021269bfdc20 JavaThread "Unconstrained build operations Thread 20" [_thread_blocked, id=29888, stack(0x0000001b3e900000,0x0000001b3ea00000)]
  0x0000021269bfa730 JavaThread "Unconstrained build operations Thread 21" [_thread_blocked, id=16624, stack(0x0000001b3ea00000,0x0000001b3eb00000)]
  0x0000021269bf8f20 JavaThread "Unconstrained build operations Thread 22" [_thread_blocked, id=23212, stack(0x0000001b3eb00000,0x0000001b3ec00000)]
  0x0000021269bfd750 JavaThread "Unconstrained build operations Thread 23" [_thread_blocked, id=28532, stack(0x0000001b3ec00000,0x0000001b3ed00000)]
  0x0000021269bfbf40 JavaThread "Unconstrained build operations Thread 24" [_thread_blocked, id=27980, stack(0x0000001b3ed00000,0x0000001b3ee00000)]
  0x0000021269bf93f0 JavaThread "Unconstrained build operations Thread 25" [_thread_blocked, id=29076, stack(0x0000001b3ee00000,0x0000001b3ef00000)]
  0x0000021269bf98c0 JavaThread "Unconstrained build operations Thread 26" [_thread_blocked, id=6536, stack(0x0000001b3ef00000,0x0000001b3f000000)]
  0x0000021269bf9d90 JavaThread "Unconstrained build operations Thread 27" [_thread_blocked, id=21948, stack(0x0000001b3f000000,0x0000001b3f100000)]
  0x0000021269bfac00 JavaThread "Unconstrained build operations Thread 28" [_thread_blocked, id=19748, stack(0x0000001b3f100000,0x0000001b3f200000)]
  0x0000021269bfe0f0 JavaThread "Unconstrained build operations Thread 29" [_thread_blocked, id=34132, stack(0x0000001b3f200000,0x0000001b3f300000)]
  0x0000021269bfcdb0 JavaThread "Unconstrained build operations Thread 30" [_thread_blocked, id=10232, stack(0x0000001b3f300000,0x0000001b3f400000)]
  0x0000021269bfb0d0 JavaThread "Unconstrained build operations Thread 31" [_thread_blocked, id=18072, stack(0x0000001b3f400000,0x0000001b3f500000)]
  0x0000021269bfc410 JavaThread "Unconstrained build operations Thread 32" [_thread_blocked, id=3104, stack(0x0000001b3f500000,0x0000001b3f600000)]
  0x0000021269bfea90 JavaThread "Unconstrained build operations Thread 33" [_thread_blocked, id=4552, stack(0x0000001b3f600000,0x0000001b3f700000)]
  0x000002126a759490 JavaThread "Unconstrained build operations Thread 34" [_thread_blocked, id=21704, stack(0x0000001b3f700000,0x0000001b3f800000)]
  0x000002126a75c980 JavaThread "Unconstrained build operations Thread 35" [_thread_blocked, id=10336, stack(0x0000001b3f800000,0x0000001b3f900000)]
  0x000002126a758fc0 JavaThread "Unconstrained build operations Thread 36" [_thread_blocked, id=26288, stack(0x0000001b3f900000,0x0000001b3fa00000)]
  0x000002126a75a7d0 JavaThread "Unconstrained build operations Thread 37" [_thread_blocked, id=15224, stack(0x0000001b3fa00000,0x0000001b3fb00000)]
  0x000002126a75fe70 JavaThread "Unconstrained build operations Thread 38" [_thread_blocked, id=33444, stack(0x0000001b3fb00000,0x0000001b3fc00000)]
  0x000002126a759960 JavaThread "Unconstrained build operations Thread 39" [_thread_blocked, id=27084, stack(0x0000001b3fc00000,0x0000001b3fd00000)]
  0x000002126a75f4d0 JavaThread "Unconstrained build operations Thread 40" [_thread_blocked, id=5308, stack(0x0000001b3fd00000,0x0000001b3fe00000)]
  0x000002126a75aca0 JavaThread "Unconstrained build operations Thread 41" [_thread_blocked, id=22776, stack(0x0000001b3fe00000,0x0000001b3ff00000)]
  0x000002126a75ce50 JavaThread "Unconstrained build operations Thread 42" [_thread_blocked, id=4576, stack(0x0000001b3ff00000,0x0000001b40000000)]
  0x000002126a758af0 JavaThread "Unconstrained build operations Thread 43" [_thread_blocked, id=4172, stack(0x0000001b40000000,0x0000001b40100000)]
  0x000002126a75b170 JavaThread "Unconstrained build operations Thread 44" [_thread_blocked, id=5840, stack(0x0000001b40100000,0x0000001b40200000)]
  0x000002126a75e660 JavaThread "Unconstrained build operations Thread 45" [_thread_blocked, id=34184, stack(0x0000001b40200000,0x0000001b40300000)]
  0x000002126a75f9a0 JavaThread "Memory manager" [_thread_blocked, id=15488, stack(0x0000001b40300000,0x0000001b40400000)]
  0x000002126a75b640 JavaThread "build event listener" [_thread_blocked, id=28604, stack(0x0000001b40400000,0x0000001b40500000)]
  0x000002126a75d320 JavaThread "included builds" [_thread_blocked, id=23300, stack(0x0000001b40500000,0x0000001b40600000)]
  0x000002126a75bb10 JavaThread "Execution worker" [_thread_blocked, id=28520, stack(0x0000001b40600000,0x0000001b40700000)]
  0x000002126a75bfe0 JavaThread "Execution worker Thread 2" [_thread_blocked, id=29676, stack(0x0000001b40700000,0x0000001b40800000)]
  0x000002126a75d7f0 JavaThread "Execution worker Thread 3" [_thread_blocked, id=13572, stack(0x0000001b40800000,0x0000001b40900000)]
  0x000002126a75dcc0 JavaThread "Execution worker Thread 4" [_thread_blocked, id=23152, stack(0x0000001b40900000,0x0000001b40a00000)]
  0x000002126a75e190 JavaThread "Execution worker Thread 5" [_thread_blocked, id=32528, stack(0x0000001b40a00000,0x0000001b40b00000)]
  0x000002126a75f000 JavaThread "Execution worker Thread 6" [_thread_blocked, id=6740, stack(0x0000001b40b00000,0x0000001b40c00000)]
  0x000002126a75eb30 JavaThread "Execution worker Thread 7" [_thread_blocked, id=15960, stack(0x0000001b40c00000,0x0000001b40d00000)]
  0x000002126e62eee0 JavaThread "Execution worker Thread 8" [_thread_blocked, id=14244, stack(0x0000001b40d00000,0x0000001b40e00000)]
  0x000002126e62a6b0 JavaThread "Execution worker Thread 9" [_thread_blocked, id=5212, stack(0x0000001b40e00000,0x0000001b40f00000)]
  0x000002126e62d200 JavaThread "Execution worker Thread 10" [_thread_blocked, id=32212, stack(0x0000001b40f00000,0x0000001b41000000)]
  0x000002126e62b050 JavaThread "Execution worker Thread 11" [_thread_blocked, id=25852, stack(0x0000001b41000000,0x0000001b41100000)]
  0x000002126e62a1e0 JavaThread "Execution worker Thread 12" [_thread_blocked, id=23852, stack(0x0000001b41100000,0x0000001b41200000)]
  0x000002126e62f880 JavaThread "Execution worker Thread 13" [_thread_blocked, id=14604, stack(0x0000001b41200000,0x0000001b41300000)]
  0x000002126e629370 JavaThread "Execution worker Thread 14" [_thread_blocked, id=14424, stack(0x0000001b41300000,0x0000001b41400000)]
  0x000002126e62bec0 JavaThread "Execution worker Thread 15" [_thread_blocked, id=28844, stack(0x0000001b41400000,0x0000001b41500000)]
  0x000002126e62d6d0 JavaThread "Cache worker for execution history cache (C:\src\flutter\packages\flutter_tools\gradle\.gradle\8.12\executionHistory)" [_thread_blocked, id=22712, stack(0x0000001b41500000,0x0000001b41600000)]
  0x000002126e62dba0 JavaThread "Unconstrained build operations Thread 46" [_thread_blocked, id=13536, stack(0x0000001b41600000,0x0000001b41700000)]
  0x000002126e62ab80 JavaThread "Unconstrained build operations Thread 47" [_thread_blocked, id=28804, stack(0x0000001b41700000,0x0000001b41800000)]
  0x000002126e62b520 JavaThread "Unconstrained build operations Thread 48" [_thread_blocked, id=4660, stack(0x0000001b41800000,0x0000001b41900000)]
  0x000002126e62cd30 JavaThread "Unconstrained build operations Thread 49" [_thread_blocked, id=23824, stack(0x0000001b41900000,0x0000001b41a00000)]
  0x000002126e62e540 JavaThread "Unconstrained build operations Thread 50" [_thread_blocked, id=32508, stack(0x0000001b41a00000,0x0000001b41b00000)]
  0x000002126e62ea10 JavaThread "Unconstrained build operations Thread 51" [_thread_blocked, id=32492, stack(0x0000001b41b00000,0x0000001b41c00000)]
  0x000002126e62b9f0 JavaThread "Unconstrained build operations Thread 52" [_thread_blocked, id=2260, stack(0x0000001b41c00000,0x0000001b41d00000)]
  0x000002126e62f3b0 JavaThread "Unconstrained build operations Thread 53" [_thread_blocked, id=27132, stack(0x0000001b41d00000,0x0000001b41e00000)]
  0x000002126e629840 JavaThread "Unconstrained build operations Thread 54" [_thread_blocked, id=31924, stack(0x0000001b41e00000,0x0000001b41f00000)]
  0x000002126e62c390 JavaThread "Unconstrained build operations Thread 55" [_thread_blocked, id=33932, stack(0x0000001b41f00000,0x0000001b42000000)]
  0x000002126e629d10 JavaThread "Unconstrained build operations Thread 56" [_thread_blocked, id=32148, stack(0x0000001b42000000,0x0000001b42100000)]
  0x000002126e62c860 JavaThread "Unconstrained build operations Thread 57" [_thread_blocked, id=31816, stack(0x0000001b42100000,0x0000001b42200000)]
  0x000002126e628030 JavaThread "Unconstrained build operations Thread 58" [_thread_blocked, id=4444, stack(0x0000001b42200000,0x0000001b42300000)]
  0x000002126e628500 JavaThread "Unconstrained build operations Thread 59" [_thread_blocked, id=24140, stack(0x0000001b42300000,0x0000001b42400000)]
  0x000002126e6289d0 JavaThread "Unconstrained build operations Thread 60" [_thread_blocked, id=27068, stack(0x0000001b42400000,0x0000001b42500000)]
  0x000002126e628ea0 JavaThread "Unconstrained build operations Thread 61" [_thread_blocked, id=22164, stack(0x0000001b42500000,0x0000001b42600000)]
  0x000002126e852a00 JavaThread "Unconstrained build operations Thread 62" [_thread_blocked, id=32012, stack(0x0000001b42600000,0x0000001b42700000)]
  0x000002126e855ef0 JavaThread "Unconstrained build operations Thread 63" [_thread_blocked, id=14452, stack(0x0000001b42700000,0x0000001b42800000)]
  0x000002126e8563c0 JavaThread "Unconstrained build operations Thread 64" [_thread_blocked, id=15008, stack(0x0000001b42800000,0x0000001b42900000)]
  0x000002126e852060 JavaThread "Unconstrained build operations Thread 65" [_thread_blocked, id=24872, stack(0x0000001b42900000,0x0000001b42a00000)]
  0x000002126e852ed0 JavaThread "Unconstrained build operations Thread 66" [_thread_blocked, id=28720, stack(0x0000001b42a00000,0x0000001b42b00000)]
  0x000002126e854210 JavaThread "Unconstrained build operations Thread 67" [_thread_blocked, id=33980, stack(0x0000001b42b00000,0x0000001b42c00000)]
  0x000002126e857230 JavaThread "Unconstrained build operations Thread 68" [_thread_blocked, id=33892, stack(0x0000001b42c00000,0x0000001b42d00000)]
  0x000002126e856d60 JavaThread "Unconstrained build operations Thread 69" [_thread_blocked, id=34648, stack(0x0000001b42d00000,0x0000001b42e00000)]
  0x000002126e856890 JavaThread "Unconstrained build operations Thread 70" [_thread_blocked, id=34704, stack(0x0000001b42e00000,0x0000001b42f00000)]
  0x000002126e853d40 JavaThread "Unconstrained build operations Thread 71" [_thread_blocked, id=7108, stack(0x0000001b42f00000,0x0000001b43000000)]
  0x000002126e857700 JavaThread "Unconstrained build operations Thread 72" [_thread_blocked, id=29380, stack(0x0000001b43000000,0x0000001b43100000)]
  0x000002126e852530 JavaThread "Unconstrained build operations Thread 73" [_thread_blocked, id=27120, stack(0x0000001b43100000,0x0000001b43200000)]
  0x000002126e857bd0 JavaThread "Unconstrained build operations Thread 74" [_thread_blocked, id=34740, stack(0x0000001b43200000,0x0000001b43300000)]
  0x000002126e8533a0 JavaThread "Unconstrained build operations Thread 75" [_thread_blocked, id=29468, stack(0x0000001b43300000,0x0000001b43400000)]
  0x000002126e8546e0 JavaThread "Unconstrained build operations Thread 76" [_thread_blocked, id=34784, stack(0x0000001b43400000,0x0000001b43500000)]
  0x000002126e853870 JavaThread "Unconstrained build operations Thread 77" [_thread_blocked, id=33964, stack(0x0000001b43500000,0x0000001b43600000)]
  0x000002126e854bb0 JavaThread "Unconstrained build operations Thread 78" [_thread_blocked, id=21992, stack(0x0000001b43600000,0x0000001b43700000)]
  0x000002126e8580a0 JavaThread "Unconstrained build operations Thread 79" [_thread_blocked, id=30568, stack(0x0000001b43700000,0x0000001b43800000)]
  0x000002126e858f10 JavaThread "Unconstrained build operations Thread 80" [_thread_blocked, id=4212, stack(0x0000001b43800000,0x0000001b43900000)]
  0x000002126e8593e0 JavaThread "Unconstrained build operations Thread 81" [_thread_blocked, id=10148, stack(0x0000001b43900000,0x0000001b43a00000)]
  0x000002126e858570 JavaThread "Unconstrained build operations Thread 82" [_thread_blocked, id=19848, stack(0x0000001b43a00000,0x0000001b43b00000)]
  0x000002126e858a40 JavaThread "Unconstrained build operations Thread 83" [_thread_blocked, id=25272, stack(0x0000001b43b00000,0x0000001b43c00000)]
  0x000002126e8598b0 JavaThread "Unconstrained build operations Thread 84" [_thread_blocked, id=32240, stack(0x0000001b43c00000,0x0000001b43d00000)]
  0x000002126e855080 JavaThread "Unconstrained build operations Thread 85" [_thread_blocked, id=9444, stack(0x0000001b43d00000,0x0000001b43e00000)]
  0x000002126e855550 JavaThread "Unconstrained build operations Thread 86" [_thread_blocked, id=32084, stack(0x0000001b43e00000,0x0000001b43f00000)]
  0x000002126e855a20 JavaThread "Unconstrained build operations Thread 87" [_thread_blocked, id=19864, stack(0x0000001b43f00000,0x0000001b44000000)]
  0x000002126e9b2ed0 JavaThread "Unconstrained build operations Thread 88" [_thread_blocked, id=22076, stack(0x0000001b44000000,0x0000001b44100000)]
  0x000002126e9b5080 JavaThread "Unconstrained build operations Thread 89" [_thread_blocked, id=27632, stack(0x0000001b44100000,0x0000001b44200000)]
  0x000002126e9b33a0 JavaThread "Unconstrained build operations Thread 90" [_thread_blocked, id=26132, stack(0x0000001b44200000,0x0000001b44300000)]
  0x000002126e9b3870 JavaThread "Unconstrained build operations Thread 91" [_thread_blocked, id=31248, stack(0x0000001b44300000,0x0000001b44400000)]
  0x000002126e9b3d40 JavaThread "Unconstrained build operations Thread 92" [_thread_blocked, id=34608, stack(0x0000001b44400000,0x0000001b44500000)]
  0x000002126e9b7700 JavaThread "WorkerExecutor Queue" [_thread_blocked, id=25304, stack(0x0000001b44500000,0x0000001b44600000)]
  0x000002126e9b2a00 JavaThread "RMI Scheduler(0)" daemon [_thread_blocked, id=25628, stack(0x0000001b3ad00000,0x0000001b3ae00000)]
  0x000002126e9b63c0 JavaThread "RMI GC Daemon" daemon [_thread_blocked, id=23724, stack(0x0000001b3b100000,0x0000001b3b200000)]
  0x000002126e9b4bb0 JavaThread "RMI TCP Accept-0" daemon [_thread_in_native, id=34256, stack(0x0000001b44600000,0x0000001b44700000)]
  0x000002126e9b7230 JavaThread "RMI Reaper" [_thread_blocked, id=408, stack(0x0000001b44700000,0x0000001b44800000)]
  0x000002126e9b5a20 JavaThread "RMI TCP Connection(2)-127.0.0.1" daemon [_thread_in_native, id=10200, stack(0x0000001b44800000,0x0000001b44900000)]
  0x000002126e9b93e0 JavaThread "Unconstrained build operations Thread 93" [_thread_blocked, id=23320, stack(0x0000001b3ac00000,0x0000001b3ad00000)]
  0x000002126e9b6890 JavaThread "Unconstrained build operations Thread 94" [_thread_blocked, id=34332, stack(0x0000001b3ae00000,0x0000001b3af00000)]
  0x000002126e9b80a0 JavaThread "Unconstrained build operations Thread 95" [_thread_blocked, id=33820, stack(0x0000001b44900000,0x0000001b44a00000)]
  0x000002126e9b8570 JavaThread "Unconstrained build operations Thread 96" [_thread_blocked, id=4540, stack(0x0000001b44a00000,0x0000001b44b00000)]
  0x000002126e9b8a40 JavaThread "Unconstrained build operations Thread 97" [_thread_blocked, id=4052, stack(0x0000001b44b00000,0x0000001b44c00000)]
  0x000002126e9b98b0 JavaThread "Unconstrained build operations Thread 98" [_thread_blocked, id=34220, stack(0x0000001b44c00000,0x0000001b44d00000)]
  0x000002126e9b2060 JavaThread "Unconstrained build operations Thread 99" [_thread_blocked, id=34216, stack(0x0000001b44d00000,0x0000001b44e00000)]
  0x000002126e9b2530 JavaThread "Unconstrained build operations Thread 100" [_thread_blocked, id=34204, stack(0x0000001b44e00000,0x0000001b44f00000)]
  0x000002126ae8c6e0 JavaThread "Unconstrained build operations Thread 101" [_thread_blocked, id=34208, stack(0x0000001b44f00000,0x0000001b45000000)]
  0x000002126ae8c210 JavaThread "Unconstrained build operations Thread 102" [_thread_blocked, id=34212, stack(0x0000001b45000000,0x0000001b45100000)]
  0x000002126ae8d080 JavaThread "Unconstrained build operations Thread 103" [_thread_blocked, id=23832, stack(0x0000001b45100000,0x0000001b45200000)]
  0x000002126ae8bd40 JavaThread "Unconstrained build operations Thread 104" [_thread_blocked, id=30968, stack(0x0000001b45200000,0x0000001b45300000)]
  0x000002126ae8d550 JavaThread "Unconstrained build operations Thread 105" [_thread_blocked, id=24156, stack(0x0000001b45300000,0x0000001b45400000)]
  0x000002126ae8da20 JavaThread "Unconstrained build operations Thread 106" [_thread_blocked, id=23348, stack(0x0000001b45400000,0x0000001b45500000)]
  0x000002126ae8cbb0 JavaThread "Unconstrained build operations Thread 107" [_thread_blocked, id=25588, stack(0x0000001b45500000,0x0000001b45600000)]
  0x000002126ae8a060 JavaThread "Unconstrained build operations Thread 108" [_thread_blocked, id=29896, stack(0x0000001b45600000,0x0000001b45700000)]
  0x000002126ae8b3a0 JavaThread "Unconstrained build operations Thread 109" [_thread_blocked, id=29236, stack(0x0000001b45700000,0x0000001b45800000)]
  0x000002126ae8a530 JavaThread "Unconstrained build operations Thread 110" [_thread_blocked, id=25408, stack(0x0000001b45800000,0x0000001b45900000)]
  0x000002126ae8aa00 JavaThread "Unconstrained build operations Thread 111" [_thread_blocked, id=31000, stack(0x0000001b45900000,0x0000001b45a00000)]
  0x000002126ae8aed0 JavaThread "Unconstrained build operations Thread 112" [_thread_blocked, id=22396, stack(0x0000001b45a00000,0x0000001b45b00000)]
  0x000002126ae8b870 JavaThread "Unconstrained build operations Thread 113" [_thread_blocked, id=176, stack(0x0000001b45b00000,0x0000001b45c00000)]
  0x000002126768fd40 JavaThread "Unconstrained build operations Thread 114" [_thread_blocked, id=1944, stack(0x0000001b45c00000,0x0000001b45d00000)]
  0x0000021267690210 JavaThread "Unconstrained build operations Thread 115" [_thread_blocked, id=26212, stack(0x0000001b45d00000,0x0000001b45e00000)]
  0x00000212676906e0 JavaThread "Unconstrained build operations Thread 116" [_thread_blocked, id=26452, stack(0x0000001b45e00000,0x0000001b45f00000)]
  0x000002126768e530 JavaThread "Unconstrained build operations Thread 117" [_thread_blocked, id=16372, stack(0x0000001b45f00000,0x0000001b46000000)]
  0x000002126768ea00 JavaThread "Unconstrained build operations Thread 118" [_thread_blocked, id=10356, stack(0x0000001b46000000,0x0000001b46100000)]
  0x0000021267690bb0 JavaThread "Unconstrained build operations Thread 119" [_thread_blocked, id=28596, stack(0x0000001b46100000,0x0000001b46200000)]
  0x0000021267691550 JavaThread "Unconstrained build operations Thread 120" [_thread_blocked, id=34088, stack(0x0000001b46200000,0x0000001b46300000)]
  0x0000021267691080 JavaThread "Unconstrained build operations Thread 121" [_thread_blocked, id=28832, stack(0x0000001b46300000,0x0000001b46400000)]
  0x000002126768eed0 JavaThread "Unconstrained build operations Thread 122" [_thread_blocked, id=27384, stack(0x0000001b46400000,0x0000001b46500000)]
  0x0000021267691a20 JavaThread "Unconstrained build operations Thread 123" [_thread_blocked, id=10160, stack(0x0000001b46600000,0x0000001b46700000)]
  0x000002126768e060 JavaThread "Unconstrained build operations Thread 124" [_thread_blocked, id=32856, stack(0x0000001b46700000,0x0000001b46800000)]
  0x000002126768f3a0 JavaThread "Unconstrained build operations Thread 125" [_thread_blocked, id=23520, stack(0x0000001b46800000,0x0000001b46900000)]
  0x000002126768f870 JavaThread "Unconstrained build operations Thread 126" [_thread_blocked, id=32844, stack(0x0000001b46900000,0x0000001b46a00000)]
  0x00000212663d7210 JavaThread "Unconstrained build operations Thread 127" [_thread_blocked, id=32864, stack(0x0000001b46a00000,0x0000001b46b00000)]
  0x00000212663d8550 JavaThread "Unconstrained build operations Thread 128" [_thread_blocked, id=22500, stack(0x0000001b46b00000,0x0000001b46c00000)]
  0x00000212663da230 JavaThread "Unconstrained build operations Thread 129" [_thread_blocked, id=22112, stack(0x0000001b46c00000,0x0000001b46d00000)]
  0x00000212663da700 JavaThread "Unconstrained build operations Thread 130" [_thread_blocked, id=23872, stack(0x0000001b46d00000,0x0000001b46e00000)]
  0x00000212663d7bb0 JavaThread "Unconstrained build operations Thread 131" [_thread_blocked, id=25996, stack(0x0000001b46e00000,0x0000001b46f00000)]
  0x00000212663d8080 JavaThread "Unconstrained build operations Thread 132" [_thread_blocked, id=16440, stack(0x0000001b46f00000,0x0000001b47000000)]
  0x00000212663d9890 JavaThread "Unconstrained build operations Thread 133" [_thread_blocked, id=32904, stack(0x0000001b47000000,0x0000001b47100000)]
  0x00000212663d76e0 JavaThread "Unconstrained build operations Thread 134" [_thread_blocked, id=21716, stack(0x0000001b47100000,0x0000001b47200000)]
  0x00000212663d9d60 JavaThread "Unconstrained build operations Thread 135" [_thread_blocked, id=32828, stack(0x0000001b47200000,0x0000001b47300000)]
  0x00000212663d6d40 JavaThread "Unconstrained build operations Thread 136" [_thread_blocked, id=18244, stack(0x0000001b47300000,0x0000001b47400000)]
  0x00000212663d93c0 JavaThread "Unconstrained build operations Thread 137" [_thread_blocked, id=34476, stack(0x0000001b47400000,0x0000001b47500000)]
  0x00000212663d8a20 JavaThread "build event listener" [_thread_blocked, id=22488, stack(0x0000001b47500000,0x0000001b47600000)]
  0x000002126c8783a0 JavaThread "Unconstrained build operations Thread 138" [_thread_blocked, id=24488, stack(0x0000001b47600000,0x0000001b47700000)]
  0x000002126c877530 JavaThread "Unconstrained build operations Thread 139" [_thread_blocked, id=31412, stack(0x0000001b47700000,0x0000001b47800000)]
  0x000002126c878870 JavaThread "Unconstrained build operations Thread 140" [_thread_blocked, id=23540, stack(0x0000001b47800000,0x0000001b47900000)]
  0x000002126c877060 JavaThread "Unconstrained build operations Thread 141" [_thread_blocked, id=24564, stack(0x0000001b47900000,0x0000001b47a00000)]
  0x000002126a3cd520 JavaThread "Unconstrained build operations Thread 142" [_thread_blocked, id=3324, stack(0x0000001b47a00000,0x0000001b47b00000)]
  0x000002126a3ce860 JavaThread "Unconstrained build operations Thread 143" [_thread_blocked, id=29712, stack(0x0000001b47b00000,0x0000001b47c00000)]
  0x000002126a3cd9f0 JavaThread "Unconstrained build operations Thread 144" [_thread_blocked, id=31144, stack(0x0000001b47c00000,0x0000001b47d00000)]
  0x000002126a3cdec0 JavaThread "Unconstrained build operations Thread 145" [_thread_blocked, id=23728, stack(0x0000001b47d00000,0x0000001b47e00000)]
  0x000002126a3ce390 JavaThread "Unconstrained build operations Thread 146" [_thread_blocked, id=24076, stack(0x0000001b47e00000,0x0000001b47f00000)]
  0x000002126a3cd050 JavaThread "Unconstrained build operations Thread 147" [_thread_blocked, id=10096, stack(0x0000001b47f00000,0x0000001b48000000)]
  0x000002126a3cbd10 JavaThread "Unconstrained build operations Thread 148" [_thread_blocked, id=28748, stack(0x0000001b48000000,0x0000001b48100000)]
  0x000002126ca0c980 JavaThread "Unconstrained build operations Thread 149" [_thread_blocked, id=25764, stack(0x0000001b48100000,0x0000001b48200000)]
  0x000002126ca0b640 JavaThread "Unconstrained build operations Thread 150" [_thread_blocked, id=30252, stack(0x0000001b48200000,0x0000001b48300000)]
  0x000002126ca0bb10 JavaThread "Unconstrained build operations Thread 151" [_thread_blocked, id=4596, stack(0x0000001b48300000,0x0000001b48400000)]
  0x000002126ca0bfe0 JavaThread "Unconstrained build operations Thread 152" [_thread_blocked, id=22912, stack(0x0000001b48400000,0x0000001b48500000)]
  0x000002126a8fd1d0 JavaThread "Unconstrained build operations Thread 153" [_thread_blocked, id=22944, stack(0x0000001b48500000,0x0000001b48600000)]
  0x000002126a8fcd00 JavaThread "Unconstrained build operations Thread 154" [_thread_blocked, id=18416, stack(0x0000001b48600000,0x0000001b48700000)]
  0x000002126a8fd6a0 JavaThread "Unconstrained build operations Thread 155" [_thread_blocked, id=23364, stack(0x0000001b48700000,0x0000001b48800000)]
  0x000002126ba1e660 JavaThread "Unconstrained build operations Thread 156" [_thread_blocked, id=21624, stack(0x0000001b48800000,0x0000001b48900000)]
  0x000002126ba1f000 JavaThread "Unconstrained build operations Thread 157" [_thread_blocked, id=31072, stack(0x0000001b48900000,0x0000001b48a00000)]
  0x000002126ba20ce0 JavaThread "Unconstrained build operations Thread 158" [_thread_blocked, id=5892, stack(0x0000001b48a00000,0x0000001b48b00000)]
  0x000002126ba1f4d0 JavaThread "Unconstrained build operations Thread 159" [_thread_blocked, id=2848, stack(0x0000001b48b00000,0x0000001b48c00000)]
  0x000002126ba20340 JavaThread "Unconstrained build operations Thread 160" [_thread_blocked, id=14844, stack(0x0000001b48c00000,0x0000001b48d00000)]
  0x0000021267faf170 JavaThread "jar transforms" [_thread_blocked, id=18532, stack(0x0000001b49a00000,0x0000001b49b00000)]
  0x0000021266ffb090 JavaThread "jar transforms Thread 2" [_thread_blocked, id=19208, stack(0x0000001b49b00000,0x0000001b49c00000)]
  0x0000021266ff9880 JavaThread "jar transforms Thread 3" [_thread_blocked, id=33684, stack(0x0000001b49c00000,0x0000001b49d00000)]
  0x0000021266ff9d50 JavaThread "jar transforms Thread 4" [_thread_blocked, id=27440, stack(0x0000001b49d00000,0x0000001b49e00000)]
  0x0000021266ffa220 JavaThread "Problems report writer" [_thread_blocked, id=31352, stack(0x0000001b49e00000,0x0000001b49f00000)]
  0x0000021267181530 JavaThread "jar transforms Thread 5" [_thread_blocked, id=27304, stack(0x0000001b49f00000,0x0000001b4a000000)]
  0x0000021267181ed0 JavaThread "jar transforms Thread 6" [_thread_blocked, id=29996, stack(0x0000001b4a000000,0x0000001b4a100000)]
  0x000002126baf7110 JavaThread "Cache worker for execution history cache (D:\all my project\asmaa\api+app\mediprescribe\android\.gradle\8.12\executionHistory)" [_thread_blocked, id=2536, stack(0x0000001b4a100000,0x0000001b4a200000)]
  0x000002127c8995f0 JavaThread "Exec process" [_thread_blocked, id=34572, stack(0x0000001b4a200000,0x0000001b4a300000)]
  0x000002126ebe57d0 JavaThread "Exec process Thread 2" [_thread_blocked, id=21088, stack(0x0000001b4a300000,0x0000001b4a400000)]
  0x000002126ebe3150 JavaThread "Exec process Thread 3" [_thread_blocked, id=30196, stack(0x0000001b4a400000,0x0000001b4a500000)]
  0x000002126ca0db20 JavaThread "WorkerExecutor Queue Thread 2" [_thread_blocked, id=7844, stack(0x0000001b46500000,0x0000001b46600000)]
  0x0000021267fae7d0 JavaThread "WorkerExecutor Queue Thread 3" [_thread_blocked, id=27292, stack(0x0000001b4a500000,0x0000001b4a600000)]
  0x000002126ebe5300 JavaThread "WorkerExecutor Queue Thread 4" [_thread_blocked, id=31196, stack(0x0000001b4aa00000,0x0000001b4ab00000)]
  0x000002126ebe3af0 JavaThread "WorkerExecutor Queue Thread 5" [_thread_blocked, id=23080, stack(0x0000001b4ab00000,0x0000001b4ac00000)]
  0x000002126ca0d650 JavaThread "WorkerExecutor Queue Thread 6" [_thread_blocked, id=23288, stack(0x0000001b4ac00000,0x0000001b4ad00000)]
  0x0000021267fac150 JavaThread "WorkerExecutor Queue Thread 7" [_thread_blocked, id=31220, stack(0x0000001b4a600000,0x0000001b4a700000)]
  0x000002126ce79170 JavaThread "WorkerExecutor Queue Thread 8" [_thread_blocked, id=31012, stack(0x0000001b4af00000,0x0000001b4b000000)]
  0x000002126ce79640 JavaThread "WorkerExecutor Queue Thread 9" [_thread_blocked, id=23676, stack(0x0000001b4b000000,0x0000001b4b100000)]
  0x000002126ce79fe0 JavaThread "WorkerExecutor Queue Thread 10" [_thread_blocked, id=16464, stack(0x0000001b4b100000,0x0000001b4b200000)]
  0x0000021267faf640 JavaThread "WorkerExecutor Queue Thread 11" [_thread_blocked, id=29180, stack(0x0000001b4b200000,0x0000001b4b300000)]
  0x0000021267fa7df0 JavaThread "WorkerExecutor Queue Thread 12" [_thread_blocked, id=10756, stack(0x0000001b4b300000,0x0000001b4b400000)]
  0x0000021267fab7b0 JavaThread "WorkerExecutor Queue Thread 13" [_thread_blocked, id=33888, stack(0x0000001b4b400000,0x0000001b4b500000)]
  0x000002126e3f8ef0 JavaThread "WorkerExecutor Queue Thread 14" [_thread_blocked, id=31200, stack(0x0000001b4b600000,0x0000001b4b700000)]
  0x000002126e3f93c0 JavaThread "WorkerExecutor Queue Thread 15" [_thread_blocked, id=4160, stack(0x0000001b4b700000,0x0000001b4b800000)]
  0x000002126e3f9890 JavaThread "WorkerExecutor Queue Thread 16" [_thread_blocked, id=4184, stack(0x0000001b4b800000,0x0000001b4b900000)]
  0x000002126c52ec70 JavaThread "pool-3-thread-1" [_thread_blocked, id=27264, stack(0x0000001b4b900000,0x0000001b4ba00000)]
  0x000002126c52f140 JavaThread "stderr" [_thread_in_native, id=28184, stack(0x0000001b4ba00000,0x0000001b4bb00000)]
  0x000002127d151e20 JavaThread "stdout" [_thread_in_native, id=1332, stack(0x0000001b4bb00000,0x0000001b4bc00000)]
  0x000002126ba21b50 JavaThread "Cache worker for Java compile cache (C:\Users\bashe\.gradle\caches\8.12\javaCompile)" [_thread_blocked, id=21980, stack(0x0000001b4a900000,0x0000001b4aa00000)]
  0x000002126baf95f0 JavaThread "Build operations" [_thread_blocked, id=28140, stack(0x0000001b4bc00000,0x0000001b4bd00000)]
  0x000002126baf82b0 JavaThread "Build operations Thread 2" [_thread_blocked, id=31312, stack(0x0000001b4bd00000,0x0000001b4be00000)]
  0x0000021200b147d0 JavaThread "Build operations Thread 3" [_thread_blocked, id=33072, stack(0x0000001b4be00000,0x0000001b4bf00000)]
  0x0000021200b14ca0 JavaThread "Build operations Thread 4" [_thread_blocked, id=24168, stack(0x0000001b4bf00000,0x0000001b4c000000)]
  0x0000021200b15170 JavaThread "Build operations Thread 5" [_thread_blocked, id=30776, stack(0x0000001b4c000000,0x0000001b4c100000)]
  0x0000021200b15fe0 JavaThread "Build operations Thread 6" [_thread_blocked, id=28044, stack(0x0000001b4c100000,0x0000001b4c200000)]
  0x0000021200b164b0 JavaThread "Build operations Thread 7" [_thread_blocked, id=33464, stack(0x0000001b4c200000,0x0000001b4c300000)]
  0x0000021200b15b10 JavaThread "Build operations Thread 8" [_thread_blocked, id=32588, stack(0x0000001b4c300000,0x0000001b4c400000)]
  0x0000021200b13490 JavaThread "Build operations Thread 9" [_thread_blocked, id=15820, stack(0x0000001b4c400000,0x0000001b4c500000)]
  0x0000021200b13e30 JavaThread "Build operations Thread 10" [_thread_blocked, id=26220, stack(0x0000001b4c500000,0x0000001b4c600000)]
  0x0000021200b14300 JavaThread "Build operations Thread 11" [_thread_blocked, id=26604, stack(0x0000001b4c600000,0x0000001b4c700000)]
  0x0000021200b16980 JavaThread "Build operations Thread 12" [_thread_blocked, id=8852, stack(0x0000001b4c700000,0x0000001b4c800000)]
  0x0000021200b16e50 JavaThread "Build operations Thread 13" [_thread_blocked, id=26716, stack(0x0000001b4c800000,0x0000001b4c900000)]
  0x0000021200b15640 JavaThread "Build operations Thread 14" [_thread_blocked, id=32308, stack(0x0000001b4c900000,0x0000001b4ca00000)]
  0x0000021200b13960 JavaThread "Build operations Thread 15" [_thread_blocked, id=21996, stack(0x0000001b4ca00000,0x0000001b4cb00000)]
  0x000002126a8fbc20 JavaThread "C1 CompilerThread1" daemon [_thread_blocked, id=23136, stack(0x0000001b4a700000,0x0000001b4a800000)]
  0x000002126ca0e990 JavaThread "Build operations Thread 16" [_thread_blocked, id=5816, stack(0x0000001b4cb00000,0x0000001b4cc00000)]
  0x000002127d150fb0 JavaThread "RMI RenewClean-[127.0.0.1:17265,org.jetbrains.kotlin.daemon.common.LoopbackNetworkInterface$ClientLoopbackSocketFactory@4fe1d16a]" daemon [_thread_blocked, id=26168, stack(0x0000001b4b500000,0x0000001b4b600000)]
  0x000002127d14e460 JavaThread "RMI TCP Accept-0" daemon [_thread_in_native, id=12412, stack(0x0000001b4cc00000,0x0000001b4cd00000)]
  0x000002126cee99c0 JavaThread "C2 CompilerThread1" daemon [_thread_blocked, id=22608, stack(0x0000001b39800000,0x0000001b39900000)]
  0x000002126c71b800 JavaThread "C1 CompilerThread2" daemon [_thread_blocked, id=372, stack(0x0000001b39900000,0x0000001b39a00000)]
  0x0000021267496ec0 JavaThread "C1 CompilerThread3" daemon [_thread_blocked, id=15504, stack(0x0000001b39a00000,0x0000001b39b00000)]

Other Threads:
=>0x0000021261462060 VMThread "VM Thread" [stack: 0x0000001b3a100000,0x0000001b3a200000] [id=23380]
  0x000002124422afc0 WatcherThread [stack: 0x0000001b3b000000,0x0000001b3b100000] [id=21724]
  0x000002124409c900 GCTaskThread "GC Thread#0" [stack: 0x0000001b39c00000,0x0000001b39d00000] [id=14108]
  0x0000021266883f60 GCTaskThread "GC Thread#1" [stack: 0x0000001b3b200000,0x0000001b3b300000] [id=25740]
  0x000002126664ec90 GCTaskThread "GC Thread#2" [stack: 0x0000001b3b300000,0x0000001b3b400000] [id=31464]
  0x00000212667bf890 GCTaskThread "GC Thread#3" [stack: 0x0000001b3b400000,0x0000001b3b500000] [id=33744]
  0x0000021266987600 GCTaskThread "GC Thread#4" [stack: 0x0000001b3b500000,0x0000001b3b600000] [id=20144]
  0x000002126647ad20 GCTaskThread "GC Thread#5" [stack: 0x0000001b3b600000,0x0000001b3b700000] [id=33376]
  0x0000021266b3b100 GCTaskThread "GC Thread#6" [stack: 0x0000001b3c100000,0x0000001b3c200000] [id=30804]
  0x000002126812cb30 GCTaskThread "GC Thread#7" [stack: 0x0000001b3c200000,0x0000001b3c300000] [id=22292]
  0x0000021266a2c6d0 GCTaskThread "GC Thread#8" [stack: 0x0000001b3c300000,0x0000001b3c400000] [id=22980]
  0x00000212685a2e60 GCTaskThread "GC Thread#9" [stack: 0x0000001b3c400000,0x0000001b3c500000] [id=33680]
  0x000002126812e730 GCTaskThread "GC Thread#10" [stack: 0x0000001b3c500000,0x0000001b3c600000] [id=32564]
  0x000002126889aac0 GCTaskThread "GC Thread#11" [stack: 0x0000001b3c600000,0x0000001b3c700000] [id=22432]
  0x0000021268898fe0 GCTaskThread "GC Thread#12" [stack: 0x0000001b3c700000,0x0000001b3c800000] [id=29504]
  0x000002124409d5d0 ConcurrentGCThread "G1 Main Marker" [stack: 0x0000001b39d00000,0x0000001b39e00000] [id=33588]
  0x000002124409e780 ConcurrentGCThread "G1 Conc#0" [stack: 0x0000001b39e00000,0x0000001b39f00000] [id=22624]
  0x0000021268899290 ConcurrentGCThread "G1 Conc#1" [stack: 0x0000001b3c800000,0x0000001b3c900000] [id=24316]
  0x0000021268899540 ConcurrentGCThread "G1 Conc#2" [stack: 0x0000001b3c900000,0x0000001b3ca00000] [id=24248]
  0x000002124423e540 ConcurrentGCThread "G1 Refine#0" [stack: 0x0000001b39f00000,0x0000001b3a000000] [id=12508]
  0x000002126a3dad20 ConcurrentGCThread "G1 Refine#1" [stack: 0x0000001b48d00000,0x0000001b48e00000] [id=32536]
  0x000002126a3db000 ConcurrentGCThread "G1 Refine#2" [stack: 0x0000001b48e00000,0x0000001b48f00000] [id=33984]
  0x000002126b11bc40 ConcurrentGCThread "G1 Refine#3" [stack: 0x0000001b48f00000,0x0000001b49000000] [id=33168]
  0x000002126b11c4e0 ConcurrentGCThread "G1 Refine#4" [stack: 0x0000001b49000000,0x0000001b49100000] [id=27804]
  0x000002126b11c7c0 ConcurrentGCThread "G1 Refine#5" [stack: 0x0000001b49100000,0x0000001b49200000] [id=34004]
  0x000002126b119f80 ConcurrentGCThread "G1 Refine#6" [stack: 0x0000001b49200000,0x0000001b49300000] [id=31572]
  0x000002126c6fdb50 ConcurrentGCThread "G1 Refine#7" [stack: 0x0000001b49300000,0x0000001b49400000] [id=30768]
  0x000002126c6fd590 ConcurrentGCThread "G1 Refine#8" [stack: 0x0000001b49400000,0x0000001b49500000] [id=27200]
  0x000002126c6fec90 ConcurrentGCThread "G1 Refine#9" [stack: 0x0000001b49500000,0x0000001b49600000] [id=30592]
  0x000002127dae4360 ConcurrentGCThread "G1 Refine#10" [stack: 0x0000001b4a800000,0x0000001b4a900000] [id=32268]
  0x0000021261355d90 ConcurrentGCThread "G1 Service" [stack: 0x0000001b3a000000,0x0000001b3a100000] [id=23100]

Threads with active compile tasks:
C2 CompilerThread0   107115 44200       4       com.android.tools.r8.internal.IR::b (806 bytes)
C2 CompilerThread1   107115 44340       4       com.android.tools.r8.internal.Va::a (396 bytes)
C1 CompilerThread2   107115 44376       2       com.android.tools.r8.internal.Tg::<init> (40 bytes)

VM state: at safepoint (normal execution)

VM Mutex/Monitor currently owned by a thread:  ([mutex/lock_event])
[0x0000021244198780] Threads_lock - owner thread: 0x0000021261462060
[0x0000021244197a00] Heap_lock - owner thread: 0x000002124409d5d0

Heap address: 0x0000000080000000, size: 2048 MB, Compressed Oops mode: 32-bit

CDS archive(s) not mapped
Compressed class space mapped at: 0x0000000100000000-0x000000011a000000, reserved size: 436207616
Narrow klass base: 0x0000000000000000, Narrow klass shift: 3, Narrow klass range: 0x11a000000

GC Precious Log:
 CPUs: 16 total, 16 available
 Memory: 16085M
 Large Page Support: Disabled
 NUMA Support: Disabled
 Compressed Oops: Enabled (32-bit)
 Heap Region Size: 1M
 Heap Min Capacity: 8M
 Heap Initial Capacity: 252M
 Heap Max Capacity: 2G
 Pre-touch: Disabled
 Parallel Workers: 13
 Concurrent Workers: 3
 Concurrent Refinement Workers: 13
 Periodic GC: Disabled

Heap:
 garbage-first heap   total 931840K, used 706135K [0x0000000080000000, 0x0000000100000000)
  region size 1024K, 279 young (285696K), 40 survivors (40960K)
 Metaspace       used 257405K, committed 259008K, reserved 688128K
  class space    used 33962K, committed 34752K, reserved 425984K

Heap Regions: E=young(eden), S=young(survivor), O=old, HS=humongous(starts), HC=humongous(continues), CS=collection set, F=free, OA=open archive, CA=closed archive, TAMS=top-at-mark-start (previous, next)
|   0|0x0000000080000000, 0x0000000080100000, 0x0000000080100000|100%| O|  |TAMS 0x0000000080100000, 0x0000000080000000| Updating 
|   1|0x0000000080100000, 0x0000000080200000, 0x0000000080200000|100%|HS|  |TAMS 0x0000000080200000, 0x0000000080100000| Complete 
|   2|0x0000000080200000, 0x0000000080300000, 0x0000000080300000|100%|HC|  |TAMS 0x0000000080300000, 0x0000000080200000| Complete 
|   3|0x0000000080300000, 0x0000000080400000, 0x0000000080400000|100%|HC|  |TAMS 0x0000000080400000, 0x0000000080300000| Complete 
|   4|0x0000000080400000, 0x0000000080500000, 0x0000000080500000|100%| O|  |TAMS 0x0000000080500000, 0x0000000080400000| Updating 
|   5|0x0000000080500000, 0x0000000080600000, 0x0000000080600000|100%| O|  |TAMS 0x0000000080600000, 0x0000000080500000| Untracked 
|   6|0x0000000080600000, 0x0000000080700000, 0x0000000080700000|100%| O|  |TAMS 0x0000000080700000, 0x0000000080600000| Untracked 
|   7|0x0000000080700000, 0x0000000080800000, 0x0000000080800000|100%|HS|  |TAMS 0x0000000080800000, 0x0000000080700000| Complete 
|   8|0x0000000080800000, 0x0000000080900000, 0x0000000080900000|100%| O|  |TAMS 0x0000000080900000, 0x0000000080800000| Untracked 
|   9|0x0000000080900000, 0x0000000080a00000, 0x0000000080a00000|100%| O|  |TAMS 0x0000000080a00000, 0x0000000080900000| Untracked 
|  10|0x0000000080a00000, 0x0000000080b00000, 0x0000000080b00000|100%| O|  |TAMS 0x0000000080b00000, 0x0000000080a00000| Untracked 
|  11|0x0000000080b00000, 0x0000000080c00000, 0x0000000080c00000|100%| O|  |TAMS 0x0000000080c00000, 0x0000000080b00000| Untracked 
|  12|0x0000000080c00000, 0x0000000080cfca00, 0x0000000080d00000| 98%| O|  |TAMS 0x0000000080cfca00, 0x0000000080c00000| Untracked 
|  13|0x0000000080d00000, 0x0000000080e00000, 0x0000000080e00000|100%| O|  |TAMS 0x0000000080e00000, 0x0000000080d00000| Untracked 
|  14|0x0000000080e00000, 0x0000000080f00000, 0x0000000080f00000|100%| O|  |TAMS 0x0000000080f00000, 0x0000000080e00000| Untracked 
|  15|0x0000000080f00000, 0x0000000081000000, 0x0000000081000000|100%| O|  |TAMS 0x0000000081000000, 0x0000000080f00000| Untracked 
|  16|0x0000000081000000, 0x0000000081100000, 0x0000000081100000|100%| O|  |TAMS 0x0000000081100000, 0x0000000081000000| Untracked 
|  17|0x0000000081100000, 0x0000000081200000, 0x0000000081200000|100%| O|  |TAMS 0x0000000081200000, 0x0000000081100000| Untracked 
|  18|0x0000000081200000, 0x0000000081300000, 0x0000000081300000|100%| O|  |TAMS 0x0000000081300000, 0x0000000081200000| Untracked 
|  19|0x0000000081300000, 0x0000000081400000, 0x0000000081400000|100%| O|  |TAMS 0x0000000081400000, 0x0000000081300000| Untracked 
|  20|0x0000000081400000, 0x0000000081500000, 0x0000000081500000|100%| O|  |TAMS 0x0000000081500000, 0x0000000081400000| Untracked 
|  21|0x0000000081500000, 0x0000000081600000, 0x0000000081600000|100%| O|  |TAMS 0x0000000081600000, 0x0000000081500000| Untracked 
|  22|0x0000000081600000, 0x0000000081700000, 0x0000000081700000|100%| O|  |TAMS 0x0000000081700000, 0x0000000081600000| Updating 
|  23|0x0000000081700000, 0x0000000081800000, 0x0000000081800000|100%| O|  |TAMS 0x0000000081800000, 0x0000000081700000| Untracked 
|  24|0x0000000081800000, 0x0000000081900000, 0x0000000081900000|100%|HS|  |TAMS 0x0000000081900000, 0x0000000081800000| Complete 
|  25|0x0000000081900000, 0x0000000081a00000, 0x0000000081a00000|100%| O|  |TAMS 0x0000000081a00000, 0x0000000081900000| Updating 
|  26|0x0000000081a00000, 0x0000000081b00000, 0x0000000081b00000|100%| O|  |TAMS 0x0000000081b00000, 0x0000000081a00000| Untracked 
|  27|0x0000000081b00000, 0x0000000081c00000, 0x0000000081c00000|100%| O|  |TAMS 0x0000000081c00000, 0x0000000081b00000| Untracked 
|  28|0x0000000081c00000, 0x0000000081d00000, 0x0000000081d00000|100%| O|  |TAMS 0x0000000081d00000, 0x0000000081c00000| Untracked 
|  29|0x0000000081d00000, 0x0000000081e00000, 0x0000000081e00000|100%| O|  |TAMS 0x0000000081e00000, 0x0000000081d00000| Untracked 
|  30|0x0000000081e00000, 0x0000000081f00000, 0x0000000081f00000|100%| O|  |TAMS 0x0000000081f00000, 0x0000000081e00000| Updating 
|  31|0x0000000081f00000, 0x0000000082000000, 0x0000000082000000|100%| O|  |TAMS 0x0000000082000000, 0x0000000081f00000| Updating 
|  32|0x0000000082000000, 0x0000000082100000, 0x0000000082100000|100%| O|  |TAMS 0x0000000082100000, 0x0000000082000000| Updating 
|  33|0x0000000082100000, 0x0000000082200000, 0x0000000082200000|100%| O|  |TAMS 0x0000000082200000, 0x0000000082100000| Updating 
|  34|0x0000000082200000, 0x0000000082300000, 0x0000000082300000|100%| O|  |TAMS 0x0000000082300000, 0x0000000082200000| Untracked 
|  35|0x0000000082300000, 0x0000000082400000, 0x0000000082400000|100%| O|  |TAMS 0x0000000082400000, 0x0000000082300000| Untracked 
|  36|0x0000000082400000, 0x0000000082500000, 0x0000000082500000|100%| O|  |TAMS 0x0000000082500000, 0x0000000082400000| Untracked 
|  37|0x0000000082500000, 0x0000000082600000, 0x0000000082600000|100%| O|  |TAMS 0x0000000082600000, 0x0000000082500000| Untracked 
|  38|0x0000000082600000, 0x0000000082700000, 0x0000000082700000|100%| O|  |TAMS 0x0000000082700000, 0x0000000082600000| Updating 
|  39|0x0000000082700000, 0x0000000082800000, 0x0000000082800000|100%| O|  |TAMS 0x0000000082800000, 0x0000000082700000| Untracked 
|  40|0x0000000082800000, 0x0000000082900000, 0x0000000082900000|100%| O|  |TAMS 0x0000000082900000, 0x0000000082800000| Untracked 
|  41|0x0000000082900000, 0x0000000082a00000, 0x0000000082a00000|100%| O|  |TAMS 0x0000000082a00000, 0x0000000082900000| Untracked 
|  42|0x0000000082a00000, 0x0000000082b00000, 0x0000000082b00000|100%|HS|  |TAMS 0x0000000082b00000, 0x0000000082a00000| Complete 
|  43|0x0000000082b00000, 0x0000000082c00000, 0x0000000082c00000|100%| O|  |TAMS 0x0000000082c00000, 0x0000000082b00000| Updating 
|  44|0x0000000082c00000, 0x0000000082d00000, 0x0000000082d00000|100%|HS|  |TAMS 0x0000000082d00000, 0x0000000082c00000| Complete 
|  45|0x0000000082d00000, 0x0000000082e00000, 0x0000000082e00000|100%|HC|  |TAMS 0x0000000082e00000, 0x0000000082d00000| Complete 
|  46|0x0000000082e00000, 0x0000000082f00000, 0x0000000082f00000|100%|HS|  |TAMS 0x0000000082f00000, 0x0000000082e00000| Complete 
|  47|0x0000000082f00000, 0x0000000083000000, 0x0000000083000000|100%|HC|  |TAMS 0x0000000083000000, 0x0000000082f00000| Complete 
|  48|0x0000000083000000, 0x0000000083100000, 0x0000000083100000|100%|HS|  |TAMS 0x0000000083100000, 0x0000000083000000| Complete 
|  49|0x0000000083100000, 0x0000000083200000, 0x0000000083200000|100%|HC|  |TAMS 0x0000000083200000, 0x0000000083100000| Complete 
|  50|0x0000000083200000, 0x0000000083300000, 0x0000000083300000|100%|HC|  |TAMS 0x0000000083300000, 0x0000000083200000| Complete 
|  51|0x0000000083300000, 0x0000000083400000, 0x0000000083400000|100%| O|  |TAMS 0x0000000083400000, 0x0000000083300000| Untracked 
|  52|0x0000000083400000, 0x0000000083500000, 0x0000000083500000|100%| O|  |TAMS 0x0000000083500000, 0x0000000083400000| Untracked 
|  53|0x0000000083500000, 0x0000000083600000, 0x0000000083600000|100%| O|  |TAMS 0x0000000083600000, 0x0000000083500000| Updating 
|  54|0x0000000083600000, 0x0000000083700000, 0x0000000083700000|100%|HS|  |TAMS 0x0000000083700000, 0x0000000083600000| Complete 
|  55|0x0000000083700000, 0x0000000083800000, 0x0000000083800000|100%|HC|  |TAMS 0x0000000083800000, 0x0000000083700000| Complete 
|  56|0x0000000083800000, 0x0000000083900000, 0x0000000083900000|100%|HC|  |TAMS 0x0000000083900000, 0x0000000083800000| Complete 
|  57|0x0000000083900000, 0x0000000083a00000, 0x0000000083a00000|100%| O|  |TAMS 0x0000000083a00000, 0x0000000083900000| Untracked 
|  58|0x0000000083a00000, 0x0000000083b00000, 0x0000000083b00000|100%| O|  |TAMS 0x0000000083b00000, 0x0000000083a00000| Untracked 
|  59|0x0000000083b00000, 0x0000000083c00000, 0x0000000083c00000|100%| O|  |TAMS 0x0000000083c00000, 0x0000000083b00000| Untracked 
|  60|0x0000000083c00000, 0x0000000083d00000, 0x0000000083d00000|100%| O|  |TAMS 0x0000000083d00000, 0x0000000083c00000| Untracked 
|  61|0x0000000083d00000, 0x0000000083e00000, 0x0000000083e00000|100%| O|  |TAMS 0x0000000083e00000, 0x0000000083d00000| Updating 
|  62|0x0000000083e00000, 0x0000000083f00000, 0x0000000083f00000|100%| O|  |TAMS 0x0000000083f00000, 0x0000000083e00000| Untracked 
|  63|0x0000000083f00000, 0x0000000084000000, 0x0000000084000000|100%| O|  |TAMS 0x0000000084000000, 0x0000000083f00000| Updating 
|  64|0x0000000084000000, 0x0000000084100000, 0x0000000084100000|100%| O|  |TAMS 0x0000000084100000, 0x0000000084000000| Untracked 
|  65|0x0000000084100000, 0x0000000084200000, 0x0000000084200000|100%| O|  |TAMS 0x0000000084200000, 0x0000000084100000| Untracked 
|  66|0x0000000084200000, 0x0000000084300000, 0x0000000084300000|100%|HS|  |TAMS 0x0000000084300000, 0x0000000084200000| Complete 
|  67|0x0000000084300000, 0x0000000084400000, 0x0000000084400000|100%| O|  |TAMS 0x0000000084400000, 0x0000000084300000| Updating 
|  68|0x0000000084400000, 0x0000000084500000, 0x0000000084500000|100%| O|  |TAMS 0x0000000084500000, 0x0000000084400000| Untracked 
|  69|0x0000000084500000, 0x0000000084600000, 0x0000000084600000|100%| O|  |TAMS 0x0000000084600000, 0x0000000084500000| Untracked 
|  70|0x0000000084600000, 0x0000000084700000, 0x0000000084700000|100%| O|  |TAMS 0x0000000084700000, 0x0000000084600000| Untracked 
|  71|0x0000000084700000, 0x0000000084800000, 0x0000000084800000|100%| O|  |TAMS 0x0000000084800000, 0x0000000084700000| Updating 
|  72|0x0000000084800000, 0x0000000084900000, 0x0000000084900000|100%| O|  |TAMS 0x0000000084900000, 0x0000000084800000| Updating 
|  73|0x0000000084900000, 0x0000000084a00000, 0x0000000084a00000|100%| O|  |TAMS 0x0000000084a00000, 0x0000000084900000| Untracked 
|  74|0x0000000084a00000, 0x0000000084b00000, 0x0000000084b00000|100%| O|  |TAMS 0x0000000084b00000, 0x0000000084a00000| Updating 
|  75|0x0000000084b00000, 0x0000000084c00000, 0x0000000084c00000|100%| O|  |TAMS 0x0000000084c00000, 0x0000000084b00000| Updating 
|  76|0x0000000084c00000, 0x0000000084d00000, 0x0000000084d00000|100%| O|  |TAMS 0x0000000084d00000, 0x0000000084c00000| Untracked 
|  77|0x0000000084d00000, 0x0000000084e00000, 0x0000000084e00000|100%| O|  |TAMS 0x0000000084e00000, 0x0000000084d00000| Untracked 
|  78|0x0000000084e00000, 0x0000000084f00000, 0x0000000084f00000|100%| O|  |TAMS 0x0000000084f00000, 0x0000000084e00000| Updating 
|  79|0x0000000084f00000, 0x0000000085000000, 0x0000000085000000|100%|HS|  |TAMS 0x0000000085000000, 0x0000000084f00000| Complete 
|  80|0x0000000085000000, 0x0000000085100000, 0x0000000085100000|100%|HC|  |TAMS 0x0000000085100000, 0x0000000085000000| Complete 
|  81|0x0000000085100000, 0x0000000085200000, 0x0000000085200000|100%|HS|  |TAMS 0x0000000085200000, 0x0000000085100000| Complete 
|  82|0x0000000085200000, 0x0000000085300000, 0x0000000085300000|100%|HS|  |TAMS 0x0000000085300000, 0x0000000085200000| Complete 
|  83|0x0000000085300000, 0x0000000085400000, 0x0000000085400000|100%| O|  |TAMS 0x0000000085400000, 0x0000000085300000| Updating 
|  84|0x0000000085400000, 0x0000000085500000, 0x0000000085500000|100%|HS|  |TAMS 0x0000000085500000, 0x0000000085400000| Complete 
|  85|0x0000000085500000, 0x0000000085600000, 0x0000000085600000|100%|HC|  |TAMS 0x0000000085600000, 0x0000000085500000| Complete 
|  86|0x0000000085600000, 0x0000000085700000, 0x0000000085700000|100%|HS|  |TAMS 0x0000000085700000, 0x0000000085600000| Complete 
|  87|0x0000000085700000, 0x0000000085800000, 0x0000000085800000|100%|HS|  |TAMS 0x0000000085800000, 0x0000000085700000| Complete 
|  88|0x0000000085800000, 0x0000000085900000, 0x0000000085900000|100%| O|  |TAMS 0x0000000085900000, 0x0000000085800000| Untracked 
|  89|0x0000000085900000, 0x0000000085a00000, 0x0000000085a00000|100%| O|  |TAMS 0x0000000085a00000, 0x0000000085900000| Updating 
|  90|0x0000000085a00000, 0x0000000085b00000, 0x0000000085b00000|100%| O|  |TAMS 0x0000000085b00000, 0x0000000085a00000| Untracked 
|  91|0x0000000085b00000, 0x0000000085c00000, 0x0000000085c00000|100%| O|  |TAMS 0x0000000085c00000, 0x0000000085b00000| Updating 
|  92|0x0000000085c00000, 0x0000000085d00000, 0x0000000085d00000|100%| O|  |TAMS 0x0000000085d00000, 0x0000000085c00000| Untracked 
|  93|0x0000000085d00000, 0x0000000085e00000, 0x0000000085e00000|100%| O|  |TAMS 0x0000000085e00000, 0x0000000085d00000| Updating 
|  94|0x0000000085e00000, 0x0000000085f00000, 0x0000000085f00000|100%| O|  |TAMS 0x0000000085f00000, 0x0000000085e00000| Updating 
|  95|0x0000000085f00000, 0x0000000086000000, 0x0000000086000000|100%| O|  |TAMS 0x0000000086000000, 0x0000000085f00000| Updating 
|  96|0x0000000086000000, 0x0000000086100000, 0x0000000086100000|100%| O|  |TAMS 0x0000000086100000, 0x0000000086000000| Updating 
|  97|0x0000000086100000, 0x0000000086200000, 0x0000000086200000|100%| O|  |TAMS 0x0000000086200000, 0x0000000086100000| Updating 
|  98|0x0000000086200000, 0x0000000086300000, 0x0000000086300000|100%| O|  |TAMS 0x0000000086300000, 0x0000000086200000| Updating 
|  99|0x0000000086300000, 0x0000000086400000, 0x0000000086400000|100%| O|  |TAMS 0x0000000086400000, 0x0000000086300000| Updating 
| 100|0x0000000086400000, 0x0000000086500000, 0x0000000086500000|100%| O|  |TAMS 0x0000000086500000, 0x0000000086400000| Updating 
| 101|0x0000000086500000, 0x0000000086600000, 0x0000000086600000|100%| O|  |TAMS 0x0000000086600000, 0x0000000086500000| Updating 
| 102|0x0000000086600000, 0x0000000086700000, 0x0000000086700000|100%| O|  |TAMS 0x0000000086700000, 0x0000000086600000| Updating 
| 103|0x0000000086700000, 0x0000000086800000, 0x0000000086800000|100%| O|  |TAMS 0x0000000086800000, 0x0000000086700000| Untracked 
| 104|0x0000000086800000, 0x0000000086900000, 0x0000000086900000|100%| O|  |TAMS 0x0000000086900000, 0x0000000086800000| Untracked 
| 105|0x0000000086900000, 0x0000000086a00000, 0x0000000086a00000|100%| O|  |TAMS 0x0000000086a00000, 0x0000000086900000| Untracked 
| 106|0x0000000086a00000, 0x0000000086b00000, 0x0000000086b00000|100%|HS|  |TAMS 0x0000000086b00000, 0x0000000086a00000| Complete 
| 107|0x0000000086b00000, 0x0000000086c00000, 0x0000000086c00000|100%| O|  |TAMS 0x0000000086c00000, 0x0000000086b00000| Untracked 
| 108|0x0000000086c00000, 0x0000000086d00000, 0x0000000086d00000|100%| O|  |TAMS 0x0000000086d00000, 0x0000000086c00000| Untracked 
| 109|0x0000000086d00000, 0x0000000086e00000, 0x0000000086e00000|100%| O|  |TAMS 0x0000000086e00000, 0x0000000086d00000| Untracked 
| 110|0x0000000086e00000, 0x0000000086f00000, 0x0000000086f00000|100%| O|  |TAMS 0x0000000086f00000, 0x0000000086e00000| Untracked 
| 111|0x0000000086f00000, 0x0000000087000000, 0x0000000087000000|100%| O|  |TAMS 0x0000000087000000, 0x0000000086f00000| Untracked 
| 112|0x0000000087000000, 0x0000000087100000, 0x0000000087100000|100%| O|  |TAMS 0x0000000087100000, 0x0000000087000000| Untracked 
| 113|0x0000000087100000, 0x0000000087200000, 0x0000000087200000|100%| O|  |TAMS 0x0000000087200000, 0x0000000087100000| Untracked 
| 114|0x0000000087200000, 0x0000000087300000, 0x0000000087300000|100%| O|  |TAMS 0x0000000087300000, 0x0000000087200000| Updating 
| 115|0x0000000087300000, 0x0000000087400000, 0x0000000087400000|100%| O|  |TAMS 0x0000000087400000, 0x0000000087300000| Untracked 
| 116|0x0000000087400000, 0x0000000087500000, 0x0000000087500000|100%| O|  |TAMS 0x0000000087500000, 0x0000000087400000| Untracked 
| 117|0x0000000087500000, 0x0000000087600000, 0x0000000087600000|100%| O|  |TAMS 0x0000000087600000, 0x0000000087500000| Untracked 
| 118|0x0000000087600000, 0x0000000087700000, 0x0000000087700000|100%| O|  |TAMS 0x0000000087700000, 0x0000000087600000| Updating 
| 119|0x0000000087700000, 0x0000000087800000, 0x0000000087800000|100%| O|  |TAMS 0x0000000087800000, 0x0000000087700000| Updating 
| 120|0x0000000087800000, 0x0000000087900000, 0x0000000087900000|100%| O|  |TAMS 0x0000000087900000, 0x0000000087800000| Untracked 
| 121|0x0000000087900000, 0x0000000087a00000, 0x0000000087a00000|100%| O|  |TAMS 0x0000000087a00000, 0x0000000087900000| Updating 
| 122|0x0000000087a00000, 0x0000000087b00000, 0x0000000087b00000|100%| O|  |TAMS 0x0000000087b00000, 0x0000000087a00000| Untracked 
| 123|0x0000000087b00000, 0x0000000087c00000, 0x0000000087c00000|100%| O|  |TAMS 0x0000000087c00000, 0x0000000087b00000| Untracked 
| 124|0x0000000087c00000, 0x0000000087d00000, 0x0000000087d00000|100%| O|  |TAMS 0x0000000087d00000, 0x0000000087c00000| Updating 
| 125|0x0000000087d00000, 0x0000000087e00000, 0x0000000087e00000|100%| O|  |TAMS 0x0000000087e00000, 0x0000000087d00000| Updating 
| 126|0x0000000087e00000, 0x0000000087f00000, 0x0000000087f00000|100%| O|  |TAMS 0x0000000087f00000, 0x0000000087e00000| Updating 
| 127|0x0000000087f00000, 0x0000000088000000, 0x0000000088000000|100%|HS|  |TAMS 0x0000000088000000, 0x0000000087f00000| Complete 
| 128|0x0000000088000000, 0x0000000088100000, 0x0000000088100000|100%|HS|  |TAMS 0x0000000088100000, 0x0000000088000000| Complete 
| 129|0x0000000088100000, 0x0000000088200000, 0x0000000088200000|100%| O|  |TAMS 0x0000000088200000, 0x0000000088100000| Updating 
| 130|0x0000000088200000, 0x0000000088300000, 0x0000000088300000|100%| O|  |TAMS 0x0000000088300000, 0x0000000088200000| Updating 
| 131|0x0000000088300000, 0x0000000088400000, 0x0000000088400000|100%| O|  |TAMS 0x0000000088400000, 0x0000000088300000| Untracked 
| 132|0x0000000088400000, 0x0000000088500000, 0x0000000088500000|100%| O|  |TAMS 0x0000000088500000, 0x0000000088400000| Updating 
| 133|0x0000000088500000, 0x0000000088600000, 0x0000000088600000|100%| O|  |TAMS 0x0000000088600000, 0x0000000088500000| Updating 
| 134|0x0000000088600000, 0x0000000088700000, 0x0000000088700000|100%| O|  |TAMS 0x0000000088700000, 0x0000000088600000| Updating 
| 135|0x0000000088700000, 0x0000000088800000, 0x0000000088800000|100%| O|  |TAMS 0x0000000088800000, 0x0000000088700000| Untracked 
| 136|0x0000000088800000, 0x0000000088900000, 0x0000000088900000|100%| O|  |TAMS 0x0000000088900000, 0x0000000088800000| Updating 
| 137|0x0000000088900000, 0x0000000088a00000, 0x0000000088a00000|100%| O|  |TAMS 0x0000000088a00000, 0x0000000088900000| Untracked 
| 138|0x0000000088a00000, 0x0000000088b00000, 0x0000000088b00000|100%| O|  |TAMS 0x0000000088b00000, 0x0000000088a00000| Updating 
| 139|0x0000000088b00000, 0x0000000088c00000, 0x0000000088c00000|100%| O|  |TAMS 0x0000000088c00000, 0x0000000088b00000| Updating 
| 140|0x0000000088c00000, 0x0000000088d00000, 0x0000000088d00000|100%| O|  |TAMS 0x0000000088d00000, 0x0000000088c00000| Untracked 
| 141|0x0000000088d00000, 0x0000000088e00000, 0x0000000088e00000|100%| O|  |TAMS 0x0000000088e00000, 0x0000000088d00000| Updating 
| 142|0x0000000088e00000, 0x0000000088f00000, 0x0000000088f00000|100%| O|  |TAMS 0x0000000088f00000, 0x0000000088e00000| Untracked 
| 143|0x0000000088f00000, 0x0000000089000000, 0x0000000089000000|100%| O|  |TAMS 0x0000000089000000, 0x0000000088f00000| Untracked 
| 144|0x0000000089000000, 0x0000000089100000, 0x0000000089100000|100%| O|  |TAMS 0x0000000089100000, 0x0000000089000000| Updating 
| 145|0x0000000089100000, 0x0000000089200000, 0x0000000089200000|100%| O|  |TAMS 0x0000000089200000, 0x0000000089100000| Updating 
| 146|0x0000000089200000, 0x0000000089300000, 0x0000000089300000|100%| O|  |TAMS 0x0000000089300000, 0x0000000089200000| Updating 
| 147|0x0000000089300000, 0x0000000089400000, 0x0000000089400000|100%| O|  |TAMS 0x0000000089400000, 0x0000000089300000| Updating 
| 148|0x0000000089400000, 0x0000000089500000, 0x0000000089500000|100%| O|  |TAMS 0x0000000089500000, 0x0000000089400000| Updating 
| 149|0x0000000089500000, 0x0000000089600000, 0x0000000089600000|100%| O|  |TAMS 0x0000000089600000, 0x0000000089500000| Untracked 
| 150|0x0000000089600000, 0x0000000089700000, 0x0000000089700000|100%| O|  |TAMS 0x0000000089700000, 0x0000000089600000| Untracked 
| 151|0x0000000089700000, 0x0000000089800000, 0x0000000089800000|100%| O|  |TAMS 0x0000000089800000, 0x0000000089700000| Untracked 
| 152|0x0000000089800000, 0x0000000089900000, 0x0000000089900000|100%| O|  |TAMS 0x0000000089900000, 0x0000000089800000| Untracked 
| 153|0x0000000089900000, 0x0000000089a00000, 0x0000000089a00000|100%| O|  |TAMS 0x0000000089a00000, 0x0000000089900000| Untracked 
| 154|0x0000000089a00000, 0x0000000089b00000, 0x0000000089b00000|100%| O|  |TAMS 0x0000000089b00000, 0x0000000089a00000| Untracked 
| 155|0x0000000089b00000, 0x0000000089c00000, 0x0000000089c00000|100%| O|  |TAMS 0x0000000089c00000, 0x0000000089b00000| Untracked 
| 156|0x0000000089c00000, 0x0000000089d00000, 0x0000000089d00000|100%| O|  |TAMS 0x0000000089d00000, 0x0000000089c00000| Untracked 
| 157|0x0000000089d00000, 0x0000000089e00000, 0x0000000089e00000|100%| O|  |TAMS 0x0000000089e00000, 0x0000000089d00000| Untracked 
| 158|0x0000000089e00000, 0x0000000089f00000, 0x0000000089f00000|100%| O|  |TAMS 0x0000000089f00000, 0x0000000089e00000| Untracked 
| 159|0x0000000089f00000, 0x000000008a000000, 0x000000008a000000|100%| O|  |TAMS 0x000000008a000000, 0x0000000089f00000| Updating 
| 160|0x000000008a000000, 0x000000008a100000, 0x000000008a100000|100%| O|  |TAMS 0x000000008a100000, 0x000000008a000000| Updating 
| 161|0x000000008a100000, 0x000000008a200000, 0x000000008a200000|100%| O|  |TAMS 0x000000008a200000, 0x000000008a100000| Untracked 
| 162|0x000000008a200000, 0x000000008a300000, 0x000000008a300000|100%| O|  |TAMS 0x000000008a300000, 0x000000008a200000| Updating 
| 163|0x000000008a300000, 0x000000008a400000, 0x000000008a400000|100%| O|  |TAMS 0x000000008a400000, 0x000000008a300000| Untracked 
| 164|0x000000008a400000, 0x000000008a500000, 0x000000008a500000|100%| O|  |TAMS 0x000000008a500000, 0x000000008a400000| Untracked 
| 165|0x000000008a500000, 0x000000008a600000, 0x000000008a600000|100%| O|  |TAMS 0x000000008a600000, 0x000000008a500000| Updating 
| 166|0x000000008a600000, 0x000000008a700000, 0x000000008a700000|100%| O|  |TAMS 0x000000008a700000, 0x000000008a600000| Untracked 
| 167|0x000000008a700000, 0x000000008a800000, 0x000000008a800000|100%| O|  |TAMS 0x000000008a800000, 0x000000008a700000| Untracked 
| 168|0x000000008a800000, 0x000000008a900000, 0x000000008a900000|100%| O|  |TAMS 0x000000008a900000, 0x000000008a800000| Untracked 
| 169|0x000000008a900000, 0x000000008aa00000, 0x000000008aa00000|100%| O|  |TAMS 0x000000008aa00000, 0x000000008a900000| Untracked 
| 170|0x000000008aa00000, 0x000000008ab00000, 0x000000008ab00000|100%| O|  |TAMS 0x000000008ab00000, 0x000000008aa00000| Untracked 
| 171|0x000000008ab00000, 0x000000008ac00000, 0x000000008ac00000|100%| O|  |TAMS 0x000000008ac00000, 0x000000008ab00000| Updating 
| 172|0x000000008ac00000, 0x000000008ad00000, 0x000000008ad00000|100%| O|  |TAMS 0x000000008ad00000, 0x000000008ac00000| Updating 
| 173|0x000000008ad00000, 0x000000008ae00000, 0x000000008ae00000|100%| O|  |TAMS 0x000000008ae00000, 0x000000008ad00000| Updating 
| 174|0x000000008ae00000, 0x000000008af00000, 0x000000008af00000|100%| O|  |TAMS 0x000000008af00000, 0x000000008ae00000| Untracked 
| 175|0x000000008af00000, 0x000000008b000000, 0x000000008b000000|100%| O|  |TAMS 0x000000008b000000, 0x000000008af00000| Updating 
| 176|0x000000008b000000, 0x000000008b100000, 0x000000008b100000|100%| O|  |TAMS 0x000000008b100000, 0x000000008b000000| Updating 
| 177|0x000000008b100000, 0x000000008b200000, 0x000000008b200000|100%| O|  |TAMS 0x000000008b200000, 0x000000008b100000| Updating 
| 178|0x000000008b200000, 0x000000008b300000, 0x000000008b300000|100%| O|  |TAMS 0x000000008b300000, 0x000000008b200000| Updating 
| 179|0x000000008b300000, 0x000000008b400000, 0x000000008b400000|100%| O|  |TAMS 0x000000008b400000, 0x000000008b300000| Updating 
| 180|0x000000008b400000, 0x000000008b500000, 0x000000008b500000|100%| O|  |TAMS 0x000000008b500000, 0x000000008b400000| Updating 
| 181|0x000000008b500000, 0x000000008b600000, 0x000000008b600000|100%| O|  |TAMS 0x000000008b600000, 0x000000008b500000| Updating 
| 182|0x000000008b600000, 0x000000008b700000, 0x000000008b700000|100%|HS|  |TAMS 0x000000008b700000, 0x000000008b600000| Complete 
| 183|0x000000008b700000, 0x000000008b800000, 0x000000008b800000|100%| O|  |TAMS 0x000000008b800000, 0x000000008b700000| Untracked 
| 184|0x000000008b800000, 0x000000008b900000, 0x000000008b900000|100%| O|  |TAMS 0x000000008b900000, 0x000000008b800000| Updating 
| 185|0x000000008b900000, 0x000000008ba00000, 0x000000008ba00000|100%| O|  |TAMS 0x000000008ba00000, 0x000000008b900000| Untracked 
| 186|0x000000008ba00000, 0x000000008bb00000, 0x000000008bb00000|100%| O|  |TAMS 0x000000008bb00000, 0x000000008ba00000| Updating 
| 187|0x000000008bb00000, 0x000000008bc00000, 0x000000008bc00000|100%| O|  |TAMS 0x000000008bc00000, 0x000000008bb00000| Untracked 
| 188|0x000000008bc00000, 0x000000008bd00000, 0x000000008bd00000|100%| O|  |TAMS 0x000000008bc00000, 0x000000008bc00000| Untracked 
| 189|0x000000008bd00000, 0x000000008be00000, 0x000000008be00000|100%| O|  |TAMS 0x000000008be00000, 0x000000008bd00000| Updating 
| 190|0x000000008be00000, 0x000000008bf00000, 0x000000008bf00000|100%| O|  |TAMS 0x000000008bf00000, 0x000000008be00000| Updating 
| 191|0x000000008bf00000, 0x000000008c000000, 0x000000008c000000|100%| O|  |TAMS 0x000000008bf00000, 0x000000008bf00000| Untracked 
| 192|0x000000008c000000, 0x000000008c100000, 0x000000008c100000|100%| O|  |TAMS 0x000000008c100000, 0x000000008c000000| Updating 
| 193|0x000000008c100000, 0x000000008c200000, 0x000000008c200000|100%| O|  |TAMS 0x000000008c200000, 0x000000008c100000| Untracked 
| 194|0x000000008c200000, 0x000000008c300000, 0x000000008c300000|100%| O|  |TAMS 0x000000008c300000, 0x000000008c200000| Untracked 
| 195|0x000000008c300000, 0x000000008c400000, 0x000000008c400000|100%| O|  |TAMS 0x000000008c400000, 0x000000008c300000| Updating 
| 196|0x000000008c400000, 0x000000008c500000, 0x000000008c500000|100%| O|  |TAMS 0x000000008c500000, 0x000000008c400000| Updating 
| 197|0x000000008c500000, 0x000000008c600000, 0x000000008c600000|100%| O|  |TAMS 0x000000008c500000, 0x000000008c500000| Untracked 
| 198|0x000000008c600000, 0x000000008c700000, 0x000000008c700000|100%| O|  |TAMS 0x000000008c700000, 0x000000008c600000| Updating 
| 199|0x000000008c700000, 0x000000008c800000, 0x000000008c800000|100%| O|  |TAMS 0x000000008c800000, 0x000000008c700000| Updating 
| 200|0x000000008c800000, 0x000000008c900000, 0x000000008c900000|100%| O|  |TAMS 0x000000008c900000, 0x000000008c800000| Updating 
| 201|0x000000008c900000, 0x000000008ca00000, 0x000000008ca00000|100%| O|  |TAMS 0x000000008ca00000, 0x000000008c900000| Updating 
| 202|0x000000008ca00000, 0x000000008cb00000, 0x000000008cb00000|100%| O|  |TAMS 0x000000008cb00000, 0x000000008ca00000| Updating 
| 203|0x000000008cb00000, 0x000000008cc00000, 0x000000008cc00000|100%| O|  |TAMS 0x000000008cc00000, 0x000000008cb00000| Updating 
| 204|0x000000008cc00000, 0x000000008cd00000, 0x000000008cd00000|100%| O|  |TAMS 0x000000008cc00000, 0x000000008cc00000| Untracked 
| 205|0x000000008cd00000, 0x000000008ce00000, 0x000000008ce00000|100%|HS|  |TAMS 0x000000008ce00000, 0x000000008cd00000| Complete 
| 206|0x000000008ce00000, 0x000000008cf00000, 0x000000008cf00000|100%|HS|  |TAMS 0x000000008cf00000, 0x000000008ce00000| Complete 
| 207|0x000000008cf00000, 0x000000008d000000, 0x000000008d000000|100%| O|  |TAMS 0x000000008d000000, 0x000000008cf00000| Updating 
| 208|0x000000008d000000, 0x000000008d100000, 0x000000008d100000|100%| O|  |TAMS 0x000000008d100000, 0x000000008d000000| Updating 
| 209|0x000000008d100000, 0x000000008d200000, 0x000000008d200000|100%| O|  |TAMS 0x000000008d200000, 0x000000008d100000| Updating 
| 210|0x000000008d200000, 0x000000008d300000, 0x000000008d300000|100%| O|  |TAMS 0x000000008d300000, 0x000000008d200000| Untracked 
| 211|0x000000008d300000, 0x000000008d400000, 0x000000008d400000|100%| O|  |TAMS 0x000000008d400000, 0x000000008d300000| Untracked 
| 212|0x000000008d400000, 0x000000008d500000, 0x000000008d500000|100%| O|  |TAMS 0x000000008d500000, 0x000000008d400000| Untracked 
| 213|0x000000008d500000, 0x000000008d600000, 0x000000008d600000|100%| O|  |TAMS 0x000000008d600000, 0x000000008d500000| Updating 
| 214|0x000000008d600000, 0x000000008d700000, 0x000000008d700000|100%| O|  |TAMS 0x000000008d700000, 0x000000008d600000| Updating 
| 215|0x000000008d700000, 0x000000008d800000, 0x000000008d800000|100%| O|  |TAMS 0x000000008d800000, 0x000000008d700000| Updating 
| 216|0x000000008d800000, 0x000000008d900000, 0x000000008d900000|100%| O|  |TAMS 0x000000008d900000, 0x000000008d800000| Updating 
| 217|0x000000008d900000, 0x000000008da00000, 0x000000008da00000|100%| O|  |TAMS 0x000000008da00000, 0x000000008d900000| Updating 
| 218|0x000000008da00000, 0x000000008db00000, 0x000000008db00000|100%| O|  |TAMS 0x000000008db00000, 0x000000008da00000| Updating 
| 219|0x000000008db00000, 0x000000008dc00000, 0x000000008dc00000|100%| O|  |TAMS 0x000000008db00000, 0x000000008db00000| Untracked 
| 220|0x000000008dc00000, 0x000000008dd00000, 0x000000008dd00000|100%| O|  |TAMS 0x000000008dd00000, 0x000000008dc00000| Untracked 
| 221|0x000000008dd00000, 0x000000008de00000, 0x000000008de00000|100%| O|  |TAMS 0x000000008de00000, 0x000000008dd00000| Untracked 
| 222|0x000000008de00000, 0x000000008df00000, 0x000000008df00000|100%| O|  |TAMS 0x000000008df00000, 0x000000008de00000| Untracked 
| 223|0x000000008df00000, 0x000000008e000000, 0x000000008e000000|100%| O|  |TAMS 0x000000008e000000, 0x000000008df00000| Untracked 
| 224|0x000000008e000000, 0x000000008e100000, 0x000000008e100000|100%| O|  |TAMS 0x000000008e100000, 0x000000008e000000| Untracked 
| 225|0x000000008e100000, 0x000000008e200000, 0x000000008e200000|100%| O|  |TAMS 0x000000008e200000, 0x000000008e100000| Untracked 
| 226|0x000000008e200000, 0x000000008e300000, 0x000000008e300000|100%| O|  |TAMS 0x000000008e300000, 0x000000008e200000| Untracked 
| 227|0x000000008e300000, 0x000000008e400000, 0x000000008e400000|100%| O|  |TAMS 0x000000008e400000, 0x000000008e300000| Untracked 
| 228|0x000000008e400000, 0x000000008e500000, 0x000000008e500000|100%| O|  |TAMS 0x000000008e500000, 0x000000008e400000| Untracked 
| 229|0x000000008e500000, 0x000000008e600000, 0x000000008e600000|100%| O|  |TAMS 0x000000008e600000, 0x000000008e500000| Untracked 
| 230|0x000000008e600000, 0x000000008e700000, 0x000000008e700000|100%| O|  |TAMS 0x000000008e700000, 0x000000008e600000| Untracked 
| 231|0x000000008e700000, 0x000000008e800000, 0x000000008e800000|100%| O|  |TAMS 0x000000008e800000, 0x000000008e700000| Updating 
| 232|0x000000008e800000, 0x000000008e900000, 0x000000008e900000|100%| O|  |TAMS 0x000000008e900000, 0x000000008e800000| Updating 
| 233|0x000000008e900000, 0x000000008ea00000, 0x000000008ea00000|100%| O|  |TAMS 0x000000008ea00000, 0x000000008e900000| Untracked 
| 234|0x000000008ea00000, 0x000000008eb00000, 0x000000008eb00000|100%| O|  |TAMS 0x000000008eb00000, 0x000000008ea00000| Updating 
| 235|0x000000008eb00000, 0x000000008ec00000, 0x000000008ec00000|100%| O|  |TAMS 0x000000008ec00000, 0x000000008eb00000| Untracked 
| 236|0x000000008ec00000, 0x000000008ed00000, 0x000000008ed00000|100%| O|  |TAMS 0x000000008ed00000, 0x000000008ec00000| Updating 
| 237|0x000000008ed00000, 0x000000008ee00000, 0x000000008ee00000|100%| O|  |TAMS 0x000000008ee00000, 0x000000008ed00000| Updating 
| 238|0x000000008ee00000, 0x000000008ef00000, 0x000000008ef00000|100%|HS|  |TAMS 0x000000008ef00000, 0x000000008ee00000| Complete 
| 239|0x000000008ef00000, 0x000000008f000000, 0x000000008f000000|100%|HC|  |TAMS 0x000000008f000000, 0x000000008ef00000| Complete 
| 240|0x000000008f000000, 0x000000008f100000, 0x000000008f100000|100%| O|  |TAMS 0x000000008f100000, 0x000000008f000000| Updating 
| 241|0x000000008f100000, 0x000000008f200000, 0x000000008f200000|100%| O|  |TAMS 0x000000008f200000, 0x000000008f100000| Untracked 
| 242|0x000000008f200000, 0x000000008f300000, 0x000000008f300000|100%| O|  |TAMS 0x000000008f300000, 0x000000008f200000| Untracked 
| 243|0x000000008f300000, 0x000000008f400000, 0x000000008f400000|100%| O|  |TAMS 0x000000008f400000, 0x000000008f300000| Untracked 
| 244|0x000000008f400000, 0x000000008f500000, 0x000000008f500000|100%| O|  |TAMS 0x000000008f500000, 0x000000008f400000| Updating 
| 245|0x000000008f500000, 0x000000008f600000, 0x000000008f600000|100%| O|  |TAMS 0x000000008f600000, 0x000000008f500000| Updating 
| 246|0x000000008f600000, 0x000000008f700000, 0x000000008f700000|100%| O|  |TAMS 0x000000008f700000, 0x000000008f600000| Untracked 
| 247|0x000000008f700000, 0x000000008f800000, 0x000000008f800000|100%| O|  |TAMS 0x000000008f800000, 0x000000008f700000| Updating 
| 248|0x000000008f800000, 0x000000008f900000, 0x000000008f900000|100%| O|  |TAMS 0x000000008f900000, 0x000000008f800000| Updating 
| 249|0x000000008f900000, 0x000000008fa00000, 0x000000008fa00000|100%| O|  |TAMS 0x000000008fa00000, 0x000000008f900000| Updating 
| 250|0x000000008fa00000, 0x000000008fb00000, 0x000000008fb00000|100%| O|  |TAMS 0x000000008fb00000, 0x000000008fa00000| Updating 
| 251|0x000000008fb00000, 0x000000008fc00000, 0x000000008fc00000|100%| O|  |TAMS 0x000000008fc00000, 0x000000008fb00000| Updating 
| 252|0x000000008fc00000, 0x000000008fd00000, 0x000000008fd00000|100%| O|  |TAMS 0x000000008fd00000, 0x000000008fc00000| Updating 
| 253|0x000000008fd00000, 0x000000008fe00000, 0x000000008fe00000|100%| O|  |TAMS 0x000000008fe00000, 0x000000008fd00000| Updating 
| 254|0x000000008fe00000, 0x000000008ff00000, 0x000000008ff00000|100%| O|  |TAMS 0x000000008ff00000, 0x000000008fe00000| Untracked 
| 255|0x000000008ff00000, 0x0000000090000000, 0x0000000090000000|100%| O|  |TAMS 0x000000008ff00000, 0x000000008ff00000| Untracked 
| 256|0x0000000090000000, 0x0000000090100000, 0x0000000090100000|100%| O|  |TAMS 0x0000000090100000, 0x0000000090000000| Updating 
| 257|0x0000000090100000, 0x0000000090200000, 0x0000000090200000|100%| O|  |TAMS 0x0000000090200000, 0x0000000090100000| Untracked 
| 258|0x0000000090200000, 0x0000000090300000, 0x0000000090300000|100%| O|  |TAMS 0x0000000090300000, 0x0000000090200000| Updating 
| 259|0x0000000090300000, 0x0000000090400000, 0x0000000090400000|100%| O|  |TAMS 0x0000000090400000, 0x0000000090300000| Untracked 
| 260|0x0000000090400000, 0x0000000090500000, 0x0000000090500000|100%| O|  |TAMS 0x0000000090500000, 0x0000000090400000| Untracked 
| 261|0x0000000090500000, 0x0000000090600000, 0x0000000090600000|100%| O|  |TAMS 0x0000000090600000, 0x0000000090500000| Untracked 
| 262|0x0000000090600000, 0x0000000090700000, 0x0000000090700000|100%| O|  |TAMS 0x0000000090700000, 0x0000000090600000| Updating 
| 263|0x0000000090700000, 0x0000000090800000, 0x0000000090800000|100%| O|  |TAMS 0x0000000090800000, 0x0000000090700000| Updating 
| 264|0x0000000090800000, 0x0000000090900000, 0x0000000090900000|100%| O|  |TAMS 0x0000000090800000, 0x0000000090800000| Untracked 
| 265|0x0000000090900000, 0x0000000090a00000, 0x0000000090a00000|100%| O|  |TAMS 0x0000000090900000, 0x0000000090900000| Untracked 
| 266|0x0000000090a00000, 0x0000000090b00000, 0x0000000090b00000|100%| O|  |TAMS 0x0000000090b00000, 0x0000000090a00000| Untracked 
| 267|0x0000000090b00000, 0x0000000090c00000, 0x0000000090c00000|100%| O|  |TAMS 0x0000000090c00000, 0x0000000090b00000| Untracked 
| 268|0x0000000090c00000, 0x0000000090d00000, 0x0000000090d00000|100%| O|  |TAMS 0x0000000090d00000, 0x0000000090c00000| Updating 
| 269|0x0000000090d00000, 0x0000000090e00000, 0x0000000090e00000|100%| O|  |TAMS 0x0000000090e00000, 0x0000000090d00000| Updating 
| 270|0x0000000090e00000, 0x0000000090f00000, 0x0000000090f00000|100%| O|  |TAMS 0x0000000090f00000, 0x0000000090e00000| Updating 
| 271|0x0000000090f00000, 0x0000000091000000, 0x0000000091000000|100%| O|  |TAMS 0x0000000091000000, 0x0000000090f00000| Untracked 
| 272|0x0000000091000000, 0x0000000091100000, 0x0000000091100000|100%| O|  |TAMS 0x0000000091100000, 0x0000000091000000| Updating 
| 273|0x0000000091100000, 0x0000000091200000, 0x0000000091200000|100%| O|  |TAMS 0x0000000091100000, 0x0000000091100000| Untracked 
| 274|0x0000000091200000, 0x0000000091300000, 0x0000000091300000|100%| O|  |TAMS 0x0000000091200000, 0x0000000091200000| Untracked 
| 275|0x0000000091300000, 0x0000000091400000, 0x0000000091400000|100%| O|  |TAMS 0x0000000091400000, 0x0000000091300000| Untracked 
| 276|0x0000000091400000, 0x0000000091500000, 0x0000000091500000|100%| O|  |TAMS 0x0000000091500000, 0x0000000091400000| Updating 
| 277|0x0000000091500000, 0x0000000091600000, 0x0000000091600000|100%| O|  |TAMS 0x0000000091600000, 0x0000000091500000| Untracked 
| 278|0x0000000091600000, 0x0000000091700000, 0x0000000091700000|100%| O|  |TAMS 0x0000000091700000, 0x0000000091600000| Untracked 
| 279|0x0000000091700000, 0x0000000091800000, 0x0000000091800000|100%| O|  |TAMS 0x0000000091800000, 0x0000000091700000| Updating 
| 280|0x0000000091800000, 0x0000000091900000, 0x0000000091900000|100%| O|  |TAMS 0x0000000091900000, 0x0000000091800000| Updating 
| 281|0x0000000091900000, 0x0000000091a00000, 0x0000000091a00000|100%| O|  |TAMS 0x0000000091a00000, 0x0000000091900000| Updating 
| 282|0x0000000091a00000, 0x0000000091b00000, 0x0000000091b00000|100%| O|  |TAMS 0x0000000091b00000, 0x0000000091a00000| Untracked 
| 283|0x0000000091b00000, 0x0000000091c00000, 0x0000000091c00000|100%| O|  |TAMS 0x0000000091c00000, 0x0000000091b00000| Untracked 
| 284|0x0000000091c00000, 0x0000000091d00000, 0x0000000091d00000|100%| O|  |TAMS 0x0000000091d00000, 0x0000000091c00000| Untracked 
| 285|0x0000000091d00000, 0x0000000091e00000, 0x0000000091e00000|100%| O|  |TAMS 0x0000000091e00000, 0x0000000091d00000| Untracked 
| 286|0x0000000091e00000, 0x0000000091f00000, 0x0000000091f00000|100%| O|  |TAMS 0x0000000091f00000, 0x0000000091e00000| Updating 
| 287|0x0000000091f00000, 0x0000000092000000, 0x0000000092000000|100%| O|  |TAMS 0x0000000092000000, 0x0000000091f00000| Updating 
| 288|0x0000000092000000, 0x0000000092100000, 0x0000000092100000|100%| O|  |TAMS 0x0000000092100000, 0x0000000092000000| Updating 
| 289|0x0000000092100000, 0x0000000092200000, 0x0000000092200000|100%| O|  |TAMS 0x0000000092200000, 0x0000000092100000| Untracked 
| 290|0x0000000092200000, 0x0000000092300000, 0x0000000092300000|100%| O|  |TAMS 0x0000000092300000, 0x0000000092200000| Untracked 
| 291|0x0000000092300000, 0x0000000092400000, 0x0000000092400000|100%| O|  |TAMS 0x0000000092400000, 0x0000000092300000| Untracked 
| 292|0x0000000092400000, 0x0000000092500000, 0x0000000092500000|100%| O|  |TAMS 0x0000000092500000, 0x0000000092400000| Untracked 
| 293|0x0000000092500000, 0x0000000092600000, 0x0000000092600000|100%| O|  |TAMS 0x0000000092600000, 0x0000000092500000| Untracked 
| 294|0x0000000092600000, 0x0000000092700000, 0x0000000092700000|100%| O|  |TAMS 0x0000000092700000, 0x0000000092600000| Updating 
| 295|0x0000000092700000, 0x0000000092800000, 0x0000000092800000|100%| O|  |TAMS 0x0000000092800000, 0x0000000092700000| Updating 
| 296|0x0000000092800000, 0x0000000092900000, 0x0000000092900000|100%| O|  |TAMS 0x0000000092900000, 0x0000000092800000| Updating 
| 297|0x0000000092900000, 0x0000000092a00000, 0x0000000092a00000|100%| O|  |TAMS 0x0000000092a00000, 0x0000000092900000| Untracked 
| 298|0x0000000092a00000, 0x0000000092b00000, 0x0000000092b00000|100%| O|  |TAMS 0x0000000092b00000, 0x0000000092a00000| Updating 
| 299|0x0000000092b00000, 0x0000000092c00000, 0x0000000092c00000|100%| O|  |TAMS 0x0000000092c00000, 0x0000000092b00000| Untracked 
| 300|0x0000000092c00000, 0x0000000092c99400, 0x0000000092d00000| 59%| O|  |TAMS 0x0000000092c00000, 0x0000000092c00000| Updating 
| 301|0x0000000092d00000, 0x0000000092e00000, 0x0000000092e00000|100%| O|  |TAMS 0x0000000092e00000, 0x0000000092d00000| Untracked 
| 302|0x0000000092e00000, 0x0000000092f00000, 0x0000000092f00000|100%| O|  |TAMS 0x0000000092f00000, 0x0000000092e00000| Updating 
| 303|0x0000000092f00000, 0x0000000093000000, 0x0000000093000000|100%| O|  |TAMS 0x0000000093000000, 0x0000000092f00000| Updating 
| 304|0x0000000093000000, 0x0000000093100000, 0x0000000093100000|100%| O|  |TAMS 0x0000000093100000, 0x0000000093000000| Updating 
| 305|0x0000000093100000, 0x0000000093200000, 0x0000000093200000|100%| O|  |TAMS 0x0000000093200000, 0x0000000093100000| Untracked 
| 306|0x0000000093200000, 0x0000000093300000, 0x0000000093300000|100%| O|  |TAMS 0x0000000093300000, 0x0000000093200000| Updating 
| 307|0x0000000093300000, 0x0000000093400000, 0x0000000093400000|100%| O|  |TAMS 0x0000000093400000, 0x0000000093300000| Updating 
| 308|0x0000000093400000, 0x0000000093500000, 0x0000000093500000|100%| O|  |TAMS 0x0000000093500000, 0x0000000093400000| Untracked 
| 309|0x0000000093500000, 0x0000000093600000, 0x0000000093600000|100%| O|  |TAMS 0x0000000093600000, 0x0000000093500000| Updating 
| 310|0x0000000093600000, 0x0000000093700000, 0x0000000093700000|100%| O|  |TAMS 0x0000000093700000, 0x0000000093600000| Untracked 
| 311|0x0000000093700000, 0x0000000093800000, 0x0000000093800000|100%| O|  |TAMS 0x0000000093800000, 0x0000000093700000| Untracked 
| 312|0x0000000093800000, 0x0000000093900000, 0x0000000093900000|100%| O|  |TAMS 0x0000000093900000, 0x0000000093800000| Untracked 
| 313|0x0000000093900000, 0x0000000093a00000, 0x0000000093a00000|100%| O|  |TAMS 0x0000000093a00000, 0x0000000093900000| Untracked 
| 314|0x0000000093a00000, 0x0000000093b00000, 0x0000000093b00000|100%| O|  |TAMS 0x0000000093b00000, 0x0000000093a00000| Untracked 
| 315|0x0000000093b00000, 0x0000000093c00000, 0x0000000093c00000|100%| O|  |TAMS 0x0000000093c00000, 0x0000000093b00000| Updating 
| 316|0x0000000093c00000, 0x0000000093d00000, 0x0000000093d00000|100%| O|  |TAMS 0x0000000093d00000, 0x0000000093c00000| Untracked 
| 317|0x0000000093d00000, 0x0000000093e00000, 0x0000000093e00000|100%| O|  |TAMS 0x0000000093e00000, 0x0000000093d00000| Untracked 
| 318|0x0000000093e00000, 0x0000000093f00000, 0x0000000093f00000|100%| O|  |TAMS 0x0000000093f00000, 0x0000000093e00000| Untracked 
| 319|0x0000000093f00000, 0x0000000093f00000, 0x0000000094000000|  0%| F|  |TAMS 0x0000000093f00000, 0x0000000093f00000| Untracked 
| 320|0x0000000094000000, 0x0000000094100000, 0x0000000094100000|100%| O|  |TAMS 0x0000000094100000, 0x0000000094000000| Updating 
| 321|0x0000000094100000, 0x0000000094200000, 0x0000000094200000|100%| O|  |TAMS 0x0000000094200000, 0x0000000094100000| Untracked 
| 322|0x0000000094200000, 0x0000000094300000, 0x0000000094300000|100%| O|  |TAMS 0x0000000094300000, 0x0000000094200000| Untracked 
| 323|0x0000000094300000, 0x0000000094400000, 0x0000000094400000|100%| O|  |TAMS 0x0000000094400000, 0x0000000094300000| Updating 
| 324|0x0000000094400000, 0x0000000094500000, 0x0000000094500000|100%| O|  |TAMS 0x0000000094500000, 0x0000000094400000| Untracked 
| 325|0x0000000094500000, 0x0000000094600000, 0x0000000094600000|100%| O|  |TAMS 0x0000000094600000, 0x0000000094500000| Untracked 
| 326|0x0000000094600000, 0x0000000094700000, 0x0000000094700000|100%| O|  |TAMS 0x0000000094700000, 0x0000000094600000| Untracked 
| 327|0x0000000094700000, 0x0000000094800000, 0x0000000094800000|100%| O|  |TAMS 0x0000000094800000, 0x0000000094700000| Untracked 
| 328|0x0000000094800000, 0x0000000094900000, 0x0000000094900000|100%| O|  |TAMS 0x0000000094900000, 0x0000000094800000| Untracked 
| 329|0x0000000094900000, 0x0000000094a00000, 0x0000000094a00000|100%| O|  |TAMS 0x0000000094a00000, 0x0000000094900000| Updating 
| 330|0x0000000094a00000, 0x0000000094b00000, 0x0000000094b00000|100%| O|  |TAMS 0x0000000094b00000, 0x0000000094a00000| Updating 
| 331|0x0000000094b00000, 0x0000000094c00000, 0x0000000094c00000|100%| O|  |TAMS 0x0000000094c00000, 0x0000000094b00000| Untracked 
| 332|0x0000000094c00000, 0x0000000094d00000, 0x0000000094d00000|100%| O|  |TAMS 0x0000000094d00000, 0x0000000094c00000| Updating 
| 333|0x0000000094d00000, 0x0000000094d00000, 0x0000000094e00000|  0%| F|  |TAMS 0x0000000094d00000, 0x0000000094d00000| Untracked 
| 334|0x0000000094e00000, 0x0000000094f00000, 0x0000000094f00000|100%| O|  |TAMS 0x0000000094f00000, 0x0000000094e00000| Updating 
| 335|0x0000000094f00000, 0x0000000095000000, 0x0000000095000000|100%| O|  |TAMS 0x0000000095000000, 0x0000000094f00000| Updating 
| 336|0x0000000095000000, 0x0000000095100000, 0x0000000095100000|100%| O|  |TAMS 0x0000000095100000, 0x0000000095000000| Updating 
| 337|0x0000000095100000, 0x0000000095200000, 0x0000000095200000|100%| O|  |TAMS 0x0000000095200000, 0x0000000095100000| Untracked 
| 338|0x0000000095200000, 0x0000000095300000, 0x0000000095300000|100%| O|  |TAMS 0x0000000095300000, 0x0000000095200000| Updating 
| 339|0x0000000095300000, 0x0000000095400000, 0x0000000095400000|100%| O|  |TAMS 0x0000000095400000, 0x0000000095300000| Untracked 
| 340|0x0000000095400000, 0x0000000095500000, 0x0000000095500000|100%| O|  |TAMS 0x0000000095500000, 0x0000000095400000| Untracked 
| 341|0x0000000095500000, 0x0000000095600000, 0x0000000095600000|100%| O|  |TAMS 0x0000000095600000, 0x0000000095500000| Untracked 
| 342|0x0000000095600000, 0x0000000095700000, 0x0000000095700000|100%| O|  |TAMS 0x0000000095700000, 0x0000000095600000| Untracked 
| 343|0x0000000095700000, 0x0000000095800000, 0x0000000095800000|100%| O|  |TAMS 0x0000000095800000, 0x0000000095700000| Untracked 
| 344|0x0000000095800000, 0x0000000095900000, 0x0000000095900000|100%| O|  |TAMS 0x0000000095900000, 0x0000000095800000| Updating 
| 345|0x0000000095900000, 0x0000000095a00000, 0x0000000095a00000|100%| O|  |TAMS 0x0000000095a00000, 0x0000000095900000| Untracked 
| 346|0x0000000095a00000, 0x0000000095b00000, 0x0000000095b00000|100%| O|  |TAMS 0x0000000095b00000, 0x0000000095a00000| Untracked 
| 347|0x0000000095b00000, 0x0000000095c00000, 0x0000000095c00000|100%| O|  |TAMS 0x0000000095c00000, 0x0000000095b00000| Untracked 
| 348|0x0000000095c00000, 0x0000000095d00000, 0x0000000095d00000|100%| O|  |TAMS 0x0000000095d00000, 0x0000000095c00000| Updating 
| 349|0x0000000095d00000, 0x0000000095e00000, 0x0000000095e00000|100%| O|  |TAMS 0x0000000095e00000, 0x0000000095d00000| Untracked 
| 350|0x0000000095e00000, 0x0000000095f00000, 0x0000000095f00000|100%|HS|  |TAMS 0x0000000095f00000, 0x0000000095e00000| Complete 
| 351|0x0000000095f00000, 0x0000000096000000, 0x0000000096000000|100%|HC|  |TAMS 0x0000000096000000, 0x0000000095f00000| Complete 
| 352|0x0000000096000000, 0x0000000096100000, 0x0000000096100000|100%|HC|  |TAMS 0x0000000096100000, 0x0000000096000000| Complete 
| 353|0x0000000096100000, 0x0000000096200000, 0x0000000096200000|100%|HC|  |TAMS 0x0000000096200000, 0x0000000096100000| Complete 
| 354|0x0000000096200000, 0x0000000096300000, 0x0000000096300000|100%| O|  |TAMS 0x0000000096300000, 0x0000000096200000| Untracked 
| 355|0x0000000096300000, 0x0000000096300000, 0x0000000096400000|  0%| F|  |TAMS 0x0000000096300000, 0x0000000096300000| Untracked 
| 356|0x0000000096400000, 0x0000000096400000, 0x0000000096500000|  0%| F|  |TAMS 0x0000000096400000, 0x0000000096400000| Untracked 
| 357|0x0000000096500000, 0x0000000096600000, 0x0000000096600000|100%| O|  |TAMS 0x0000000096600000, 0x0000000096500000| Updating 
| 358|0x0000000096600000, 0x0000000096700000, 0x0000000096700000|100%| O|  |TAMS 0x0000000096700000, 0x0000000096600000| Updating 
| 359|0x0000000096700000, 0x0000000096800000, 0x0000000096800000|100%| O|  |TAMS 0x0000000096800000, 0x0000000096700000| Updating 
| 360|0x0000000096800000, 0x0000000096900000, 0x0000000096900000|100%| O|  |TAMS 0x0000000096900000, 0x0000000096800000| Untracked 
| 361|0x0000000096900000, 0x0000000096a00000, 0x0000000096a00000|100%| O|  |TAMS 0x0000000096a00000, 0x0000000096900000| Untracked 
| 362|0x0000000096a00000, 0x0000000096b00000, 0x0000000096b00000|100%| O|  |TAMS 0x0000000096b00000, 0x0000000096a00000| Updating 
| 363|0x0000000096b00000, 0x0000000096c00000, 0x0000000096c00000|100%| O|  |TAMS 0x0000000096c00000, 0x0000000096b00000| Updating 
| 364|0x0000000096c00000, 0x0000000096d00000, 0x0000000096d00000|100%| O|  |TAMS 0x0000000096d00000, 0x0000000096c00000| Updating 
| 365|0x0000000096d00000, 0x0000000096e00000, 0x0000000096e00000|100%| O|  |TAMS 0x0000000096e00000, 0x0000000096d00000| Updating 
| 366|0x0000000096e00000, 0x0000000096f00000, 0x0000000096f00000|100%| O|  |TAMS 0x0000000096f00000, 0x0000000096e00000| Updating 
| 367|0x0000000096f00000, 0x0000000097000000, 0x0000000097000000|100%| O|  |TAMS 0x0000000097000000, 0x0000000096f00000| Updating 
| 368|0x0000000097000000, 0x0000000097100000, 0x0000000097100000|100%| O|  |TAMS 0x0000000097100000, 0x0000000097000000| Updating 
| 369|0x0000000097100000, 0x0000000097200000, 0x0000000097200000|100%| O|  |TAMS 0x0000000097200000, 0x0000000097100000| Updating 
| 370|0x0000000097200000, 0x0000000097300000, 0x0000000097300000|100%| O|  |TAMS 0x0000000097300000, 0x0000000097200000| Updating 
| 371|0x0000000097300000, 0x0000000097400000, 0x0000000097400000|100%| O|  |TAMS 0x0000000097400000, 0x0000000097300000| Updating 
| 372|0x0000000097400000, 0x0000000097500000, 0x0000000097500000|100%| O|  |TAMS 0x0000000097500000, 0x0000000097400000| Updating 
| 373|0x0000000097500000, 0x0000000097600000, 0x0000000097600000|100%| O|  |TAMS 0x0000000097600000, 0x0000000097500000| Untracked 
| 374|0x0000000097600000, 0x0000000097700000, 0x0000000097700000|100%| O|  |TAMS 0x0000000097700000, 0x0000000097600000| Untracked 
| 375|0x0000000097700000, 0x0000000097800000, 0x0000000097800000|100%| O|  |TAMS 0x0000000097800000, 0x0000000097700000| Untracked 
| 376|0x0000000097800000, 0x0000000097900000, 0x0000000097900000|100%| O|  |TAMS 0x0000000097900000, 0x0000000097800000| Untracked 
| 377|0x0000000097900000, 0x0000000097a00000, 0x0000000097a00000|100%| O|  |TAMS 0x0000000097a00000, 0x0000000097900000| Untracked 
| 378|0x0000000097a00000, 0x0000000097b00000, 0x0000000097b00000|100%| O|  |TAMS 0x0000000097b00000, 0x0000000097a00000| Untracked 
| 379|0x0000000097b00000, 0x0000000097c00000, 0x0000000097c00000|100%| O|  |TAMS 0x0000000097c00000, 0x0000000097b00000| Untracked 
| 380|0x0000000097c00000, 0x0000000097d00000, 0x0000000097d00000|100%| O|  |TAMS 0x0000000097d00000, 0x0000000097c00000| Untracked 
| 381|0x0000000097d00000, 0x0000000097e00000, 0x0000000097e00000|100%| O|  |TAMS 0x0000000097e00000, 0x0000000097d00000| Untracked 
| 382|0x0000000097e00000, 0x0000000097f00000, 0x0000000097f00000|100%| O|  |TAMS 0x0000000097f00000, 0x0000000097e00000| Untracked 
| 383|0x0000000097f00000, 0x0000000098000000, 0x0000000098000000|100%| O|  |TAMS 0x0000000098000000, 0x0000000097f00000| Untracked 
| 384|0x0000000098000000, 0x0000000098100000, 0x0000000098100000|100%| O|  |TAMS 0x0000000098100000, 0x0000000098000000| Untracked 
| 385|0x0000000098100000, 0x0000000098200000, 0x0000000098200000|100%| O|  |TAMS 0x0000000098200000, 0x0000000098100000| Untracked 
| 386|0x0000000098200000, 0x0000000098300000, 0x0000000098300000|100%| O|  |TAMS 0x0000000098300000, 0x0000000098200000| Untracked 
| 387|0x0000000098300000, 0x0000000098400000, 0x0000000098400000|100%| O|  |TAMS 0x0000000098400000, 0x0000000098300000| Untracked 
| 388|0x0000000098400000, 0x0000000098500000, 0x0000000098500000|100%| O|  |TAMS 0x0000000098500000, 0x0000000098400000| Untracked 
| 389|0x0000000098500000, 0x0000000098600000, 0x0000000098600000|100%| O|  |TAMS 0x0000000098600000, 0x0000000098500000| Untracked 
| 390|0x0000000098600000, 0x0000000098700000, 0x0000000098700000|100%| O|  |TAMS 0x0000000098700000, 0x0000000098600000| Untracked 
| 391|0x0000000098700000, 0x0000000098800000, 0x0000000098800000|100%| O|  |TAMS 0x0000000098800000, 0x0000000098700000| Untracked 
| 392|0x0000000098800000, 0x0000000098900000, 0x0000000098900000|100%| O|  |TAMS 0x0000000098900000, 0x0000000098800000| Untracked 
| 393|0x0000000098900000, 0x0000000098a00000, 0x0000000098a00000|100%| O|  |TAMS 0x0000000098a00000, 0x0000000098900000| Untracked 
| 394|0x0000000098a00000, 0x0000000098b00000, 0x0000000098b00000|100%| O|  |TAMS 0x0000000098b00000, 0x0000000098a00000| Updating 
| 395|0x0000000098b00000, 0x0000000098c00000, 0x0000000098c00000|100%| O|  |TAMS 0x0000000098c00000, 0x0000000098b00000| Updating 
| 396|0x0000000098c00000, 0x0000000098d00000, 0x0000000098d00000|100%| O|  |TAMS 0x0000000098d00000, 0x0000000098c00000| Updating 
| 397|0x0000000098d00000, 0x0000000098e00000, 0x0000000098e00000|100%| O|  |TAMS 0x0000000098e00000, 0x0000000098d00000| Updating 
| 398|0x0000000098e00000, 0x0000000098f00000, 0x0000000098f00000|100%| O|  |TAMS 0x0000000098f00000, 0x0000000098e00000| Updating 
| 399|0x0000000098f00000, 0x0000000098f00000, 0x0000000099000000|  0%| F|  |TAMS 0x0000000098f00000, 0x0000000098f00000| Untracked 
| 400|0x0000000099000000, 0x0000000099100000, 0x0000000099100000|100%| O|  |TAMS 0x0000000099100000, 0x0000000099000000| Updating 
| 401|0x0000000099100000, 0x0000000099200000, 0x0000000099200000|100%| O|  |TAMS 0x0000000099200000, 0x0000000099100000| Untracked 
| 402|0x0000000099200000, 0x0000000099300000, 0x0000000099300000|100%| O|  |TAMS 0x0000000099300000, 0x0000000099200000| Untracked 
| 403|0x0000000099300000, 0x0000000099400000, 0x0000000099400000|100%| O|  |TAMS 0x0000000099400000, 0x0000000099300000| Untracked 
| 404|0x0000000099400000, 0x0000000099500000, 0x0000000099500000|100%| O|  |TAMS 0x0000000099500000, 0x0000000099400000| Untracked 
| 405|0x0000000099500000, 0x0000000099600000, 0x0000000099600000|100%| O|  |TAMS 0x0000000099600000, 0x0000000099500000| Updating 
| 406|0x0000000099600000, 0x0000000099700000, 0x0000000099700000|100%| O|  |TAMS 0x0000000099700000, 0x0000000099600000| Untracked 
| 407|0x0000000099700000, 0x0000000099800000, 0x0000000099800000|100%| O|  |TAMS 0x0000000099800000, 0x0000000099700000| Untracked 
| 408|0x0000000099800000, 0x0000000099900000, 0x0000000099900000|100%| O|  |TAMS 0x0000000099900000, 0x0000000099800000| Updating 
| 409|0x0000000099900000, 0x0000000099a00000, 0x0000000099a00000|100%| O|  |TAMS 0x0000000099a00000, 0x0000000099900000| Untracked 
| 410|0x0000000099a00000, 0x0000000099b00000, 0x0000000099b00000|100%| O|  |TAMS 0x0000000099b00000, 0x0000000099a00000| Updating 
| 411|0x0000000099b00000, 0x0000000099c00000, 0x0000000099c00000|100%| O|  |TAMS 0x0000000099c00000, 0x0000000099b00000| Untracked 
| 412|0x0000000099c00000, 0x0000000099d00000, 0x0000000099d00000|100%| O|  |TAMS 0x0000000099d00000, 0x0000000099c00000| Updating 
| 413|0x0000000099d00000, 0x0000000099e00000, 0x0000000099e00000|100%| O|  |TAMS 0x0000000099d1ac00, 0x0000000099d00000| Untracked 
| 414|0x0000000099e00000, 0x0000000099e00000, 0x0000000099f00000|  0%| F|  |TAMS 0x0000000099e00000, 0x0000000099e00000| Untracked 
| 415|0x0000000099f00000, 0x0000000099f00000, 0x000000009a000000|  0%| F|  |TAMS 0x0000000099f00000, 0x0000000099f00000| Untracked 
| 416|0x000000009a000000, 0x000000009a000000, 0x000000009a100000|  0%| F|  |TAMS 0x000000009a000000, 0x000000009a000000| Untracked 
| 417|0x000000009a100000, 0x000000009a100000, 0x000000009a200000|  0%| F|  |TAMS 0x000000009a100000, 0x000000009a100000| Untracked 
| 418|0x000000009a200000, 0x000000009a200000, 0x000000009a300000|  0%| F|  |TAMS 0x000000009a200000, 0x000000009a200000| Untracked 
| 419|0x000000009a300000, 0x000000009a300000, 0x000000009a400000|  0%| F|  |TAMS 0x000000009a300000, 0x000000009a300000| Untracked 
| 420|0x000000009a400000, 0x000000009a400000, 0x000000009a500000|  0%| F|  |TAMS 0x000000009a400000, 0x000000009a400000| Untracked 
| 421|0x000000009a500000, 0x000000009a500000, 0x000000009a600000|  0%| F|  |TAMS 0x000000009a500000, 0x000000009a500000| Untracked 
| 422|0x000000009a600000, 0x000000009a600000, 0x000000009a700000|  0%| F|  |TAMS 0x000000009a600000, 0x000000009a600000| Untracked 
| 423|0x000000009a700000, 0x000000009a700000, 0x000000009a800000|  0%| F|  |TAMS 0x000000009a700000, 0x000000009a700000| Untracked 
| 424|0x000000009a800000, 0x000000009a800000, 0x000000009a900000|  0%| F|  |TAMS 0x000000009a800000, 0x000000009a800000| Untracked 
| 425|0x000000009a900000, 0x000000009a900000, 0x000000009aa00000|  0%| F|  |TAMS 0x000000009a900000, 0x000000009a900000| Untracked 
| 426|0x000000009aa00000, 0x000000009aa00000, 0x000000009ab00000|  0%| F|  |TAMS 0x000000009aa00000, 0x000000009aa00000| Untracked 
| 427|0x000000009ab00000, 0x000000009ab00000, 0x000000009ac00000|  0%| F|  |TAMS 0x000000009ab00000, 0x000000009ab00000| Untracked 
| 428|0x000000009ac00000, 0x000000009ac00000, 0x000000009ad00000|  0%| F|  |TAMS 0x000000009ac00000, 0x000000009ac00000| Untracked 
| 429|0x000000009ad00000, 0x000000009ad00000, 0x000000009ae00000|  0%| F|  |TAMS 0x000000009ad00000, 0x000000009ad00000| Untracked 
| 430|0x000000009ae00000, 0x000000009ae00000, 0x000000009af00000|  0%| F|  |TAMS 0x000000009ae00000, 0x000000009ae00000| Untracked 
| 431|0x000000009af00000, 0x000000009af00000, 0x000000009b000000|  0%| F|  |TAMS 0x000000009af00000, 0x000000009af00000| Untracked 
| 432|0x000000009b000000, 0x000000009b000000, 0x000000009b100000|  0%| F|  |TAMS 0x000000009b000000, 0x000000009b000000| Untracked 
| 433|0x000000009b100000, 0x000000009b100000, 0x000000009b200000|  0%| F|  |TAMS 0x000000009b100000, 0x000000009b100000| Untracked 
| 434|0x000000009b200000, 0x000000009b200000, 0x000000009b300000|  0%| F|  |TAMS 0x000000009b200000, 0x000000009b200000| Untracked 
| 435|0x000000009b300000, 0x000000009b300000, 0x000000009b400000|  0%| F|  |TAMS 0x000000009b300000, 0x000000009b300000| Untracked 
| 436|0x000000009b400000, 0x000000009b400000, 0x000000009b500000|  0%| F|  |TAMS 0x000000009b400000, 0x000000009b400000| Untracked 
| 437|0x000000009b500000, 0x000000009b500000, 0x000000009b600000|  0%| F|  |TAMS 0x000000009b500000, 0x000000009b500000| Untracked 
| 438|0x000000009b600000, 0x000000009b600000, 0x000000009b700000|  0%| F|  |TAMS 0x000000009b600000, 0x000000009b600000| Untracked 
| 439|0x000000009b700000, 0x000000009b700000, 0x000000009b800000|  0%| F|  |TAMS 0x000000009b700000, 0x000000009b700000| Untracked 
| 440|0x000000009b800000, 0x000000009b800000, 0x000000009b900000|  0%| F|  |TAMS 0x000000009b800000, 0x000000009b800000| Untracked 
| 441|0x000000009b900000, 0x000000009b900000, 0x000000009ba00000|  0%| F|  |TAMS 0x000000009b900000, 0x000000009b900000| Untracked 
| 442|0x000000009ba00000, 0x000000009ba00000, 0x000000009bb00000|  0%| F|  |TAMS 0x000000009ba00000, 0x000000009ba00000| Untracked 
| 443|0x000000009bb00000, 0x000000009bb00000, 0x000000009bc00000|  0%| F|  |TAMS 0x000000009bb00000, 0x000000009bb00000| Untracked 
| 444|0x000000009bc00000, 0x000000009bc00000, 0x000000009bd00000|  0%| F|  |TAMS 0x000000009bc00000, 0x000000009bc00000| Untracked 
| 445|0x000000009bd00000, 0x000000009bd00000, 0x000000009be00000|  0%| F|  |TAMS 0x000000009bd00000, 0x000000009bd00000| Untracked 
| 446|0x000000009be00000, 0x000000009be00000, 0x000000009bf00000|  0%| F|  |TAMS 0x000000009be00000, 0x000000009be00000| Untracked 
| 447|0x000000009bf00000, 0x000000009bf00000, 0x000000009c000000|  0%| F|  |TAMS 0x000000009bf00000, 0x000000009bf00000| Untracked 
| 448|0x000000009c000000, 0x000000009c000000, 0x000000009c100000|  0%| F|  |TAMS 0x000000009c000000, 0x000000009c000000| Untracked 
| 449|0x000000009c100000, 0x000000009c100000, 0x000000009c200000|  0%| F|  |TAMS 0x000000009c100000, 0x000000009c100000| Untracked 
| 450|0x000000009c200000, 0x000000009c200000, 0x000000009c300000|  0%| F|  |TAMS 0x000000009c200000, 0x000000009c200000| Untracked 
| 451|0x000000009c300000, 0x000000009c300000, 0x000000009c400000|  0%| F|  |TAMS 0x000000009c300000, 0x000000009c300000| Untracked 
| 452|0x000000009c400000, 0x000000009c400000, 0x000000009c500000|  0%| F|  |TAMS 0x000000009c400000, 0x000000009c400000| Untracked 
| 453|0x000000009c500000, 0x000000009c500000, 0x000000009c600000|  0%| F|  |TAMS 0x000000009c500000, 0x000000009c500000| Untracked 
| 454|0x000000009c600000, 0x000000009c600000, 0x000000009c700000|  0%| F|  |TAMS 0x000000009c600000, 0x000000009c600000| Untracked 
| 455|0x000000009c700000, 0x000000009c700000, 0x000000009c800000|  0%| F|  |TAMS 0x000000009c700000, 0x000000009c700000| Untracked 
| 456|0x000000009c800000, 0x000000009c800000, 0x000000009c900000|  0%| F|  |TAMS 0x000000009c800000, 0x000000009c800000| Untracked 
| 457|0x000000009c900000, 0x000000009ca00000, 0x000000009ca00000|100%| O|  |TAMS 0x000000009ca00000, 0x000000009c900000| Untracked 
| 458|0x000000009ca00000, 0x000000009cb00000, 0x000000009cb00000|100%| O|  |TAMS 0x000000009cb00000, 0x000000009ca00000| Updating 
| 459|0x000000009cb00000, 0x000000009cc00000, 0x000000009cc00000|100%| O|  |TAMS 0x000000009cc00000, 0x000000009cb00000| Updating 
| 460|0x000000009cc00000, 0x000000009cc00000, 0x000000009cd00000|  0%| F|  |TAMS 0x000000009cc00000, 0x000000009cc00000| Untracked 
| 461|0x000000009cd00000, 0x000000009cd00000, 0x000000009ce00000|  0%| F|  |TAMS 0x000000009cd00000, 0x000000009cd00000| Untracked 
| 462|0x000000009ce00000, 0x000000009ce00000, 0x000000009cf00000|  0%| F|  |TAMS 0x000000009ce00000, 0x000000009ce00000| Untracked 
| 463|0x000000009cf00000, 0x000000009cf00000, 0x000000009d000000|  0%| F|  |TAMS 0x000000009cf00000, 0x000000009cf00000| Untracked 
| 464|0x000000009d000000, 0x000000009d000000, 0x000000009d100000|  0%| F|  |TAMS 0x000000009d000000, 0x000000009d000000| Untracked 
| 465|0x000000009d100000, 0x000000009d100000, 0x000000009d200000|  0%| F|  |TAMS 0x000000009d100000, 0x000000009d100000| Untracked 
| 466|0x000000009d200000, 0x000000009d200000, 0x000000009d300000|  0%| F|  |TAMS 0x000000009d200000, 0x000000009d200000| Untracked 
| 467|0x000000009d300000, 0x000000009d300000, 0x000000009d400000|  0%| F|  |TAMS 0x000000009d300000, 0x000000009d300000| Untracked 
| 468|0x000000009d400000, 0x000000009d400000, 0x000000009d500000|  0%| F|  |TAMS 0x000000009d400000, 0x000000009d400000| Untracked 
| 469|0x000000009d500000, 0x000000009d500000, 0x000000009d600000|  0%| F|  |TAMS 0x000000009d500000, 0x000000009d500000| Untracked 
| 470|0x000000009d600000, 0x000000009d600000, 0x000000009d700000|  0%| F|  |TAMS 0x000000009d600000, 0x000000009d600000| Untracked 
| 471|0x000000009d700000, 0x000000009d700000, 0x000000009d800000|  0%| F|  |TAMS 0x000000009d700000, 0x000000009d700000| Untracked 
| 472|0x000000009d800000, 0x000000009d800000, 0x000000009d900000|  0%| F|  |TAMS 0x000000009d800000, 0x000000009d800000| Untracked 
| 473|0x000000009d900000, 0x000000009d900000, 0x000000009da00000|  0%| F|  |TAMS 0x000000009d900000, 0x000000009d900000| Untracked 
| 474|0x000000009da00000, 0x000000009da00000, 0x000000009db00000|  0%| F|  |TAMS 0x000000009da00000, 0x000000009da00000| Untracked 
| 475|0x000000009db00000, 0x000000009db00000, 0x000000009dc00000|  0%| F|  |TAMS 0x000000009db00000, 0x000000009db00000| Untracked 
| 476|0x000000009dc00000, 0x000000009dc00000, 0x000000009dd00000|  0%| F|  |TAMS 0x000000009dc00000, 0x000000009dc00000| Untracked 
| 477|0x000000009dd00000, 0x000000009dd00000, 0x000000009de00000|  0%| F|  |TAMS 0x000000009dd00000, 0x000000009dd00000| Untracked 
| 478|0x000000009de00000, 0x000000009de00000, 0x000000009df00000|  0%| F|  |TAMS 0x000000009de00000, 0x000000009de00000| Untracked 
| 479|0x000000009df00000, 0x000000009df00000, 0x000000009e000000|  0%| F|  |TAMS 0x000000009df00000, 0x000000009df00000| Untracked 
| 480|0x000000009e000000, 0x000000009e000000, 0x000000009e100000|  0%| F|  |TAMS 0x000000009e000000, 0x000000009e000000| Untracked 
| 481|0x000000009e100000, 0x000000009e100000, 0x000000009e200000|  0%| F|  |TAMS 0x000000009e100000, 0x000000009e100000| Untracked 
| 482|0x000000009e200000, 0x000000009e200000, 0x000000009e300000|  0%| F|  |TAMS 0x000000009e200000, 0x000000009e200000| Untracked 
| 483|0x000000009e300000, 0x000000009e300000, 0x000000009e400000|  0%| F|  |TAMS 0x000000009e300000, 0x000000009e300000| Untracked 
| 484|0x000000009e400000, 0x000000009e400000, 0x000000009e500000|  0%| F|  |TAMS 0x000000009e400000, 0x000000009e400000| Untracked 
| 485|0x000000009e500000, 0x000000009e500000, 0x000000009e600000|  0%| F|  |TAMS 0x000000009e500000, 0x000000009e500000| Untracked 
| 486|0x000000009e600000, 0x000000009e600000, 0x000000009e700000|  0%| F|  |TAMS 0x000000009e600000, 0x000000009e600000| Untracked 
| 487|0x000000009e700000, 0x000000009e700000, 0x000000009e800000|  0%| F|  |TAMS 0x000000009e700000, 0x000000009e700000| Untracked 
| 488|0x000000009e800000, 0x000000009e800000, 0x000000009e900000|  0%| F|  |TAMS 0x000000009e800000, 0x000000009e800000| Untracked 
| 489|0x000000009e900000, 0x000000009e900000, 0x000000009ea00000|  0%| F|  |TAMS 0x000000009e900000, 0x000000009e900000| Untracked 
| 490|0x000000009ea00000, 0x000000009ea00000, 0x000000009eb00000|  0%| F|  |TAMS 0x000000009ea00000, 0x000000009ea00000| Untracked 
| 491|0x000000009eb00000, 0x000000009eb00000, 0x000000009ec00000|  0%| F|  |TAMS 0x000000009eb00000, 0x000000009eb00000| Untracked 
| 492|0x000000009ec00000, 0x000000009ec00000, 0x000000009ed00000|  0%| F|  |TAMS 0x000000009ec00000, 0x000000009ec00000| Untracked 
| 493|0x000000009ed00000, 0x000000009ed00000, 0x000000009ee00000|  0%| F|  |TAMS 0x000000009ed00000, 0x000000009ed00000| Untracked 
| 494|0x000000009ee00000, 0x000000009ee00000, 0x000000009ef00000|  0%| F|  |TAMS 0x000000009ee00000, 0x000000009ee00000| Untracked 
| 495|0x000000009ef00000, 0x000000009ef00000, 0x000000009f000000|  0%| F|  |TAMS 0x000000009ef00000, 0x000000009ef00000| Untracked 
| 496|0x000000009f000000, 0x000000009f000000, 0x000000009f100000|  0%| F|  |TAMS 0x000000009f000000, 0x000000009f000000| Untracked 
| 497|0x000000009f100000, 0x000000009f100000, 0x000000009f200000|  0%| F|  |TAMS 0x000000009f100000, 0x000000009f100000| Untracked 
| 498|0x000000009f200000, 0x000000009f200000, 0x000000009f300000|  0%| F|  |TAMS 0x000000009f200000, 0x000000009f200000| Untracked 
| 499|0x000000009f300000, 0x000000009f300000, 0x000000009f400000|  0%| F|  |TAMS 0x000000009f300000, 0x000000009f300000| Untracked 
| 500|0x000000009f400000, 0x000000009f400000, 0x000000009f500000|  0%| F|  |TAMS 0x000000009f400000, 0x000000009f400000| Untracked 
| 501|0x000000009f500000, 0x000000009f500000, 0x000000009f600000|  0%| F|  |TAMS 0x000000009f500000, 0x000000009f500000| Untracked 
| 502|0x000000009f600000, 0x000000009f600000, 0x000000009f700000|  0%| F|  |TAMS 0x000000009f600000, 0x000000009f600000| Untracked 
| 503|0x000000009f700000, 0x000000009f700000, 0x000000009f800000|  0%| F|  |TAMS 0x000000009f700000, 0x000000009f700000| Untracked 
| 504|0x000000009f800000, 0x000000009f800000, 0x000000009f900000|  0%| F|  |TAMS 0x000000009f800000, 0x000000009f800000| Untracked 
| 505|0x000000009f900000, 0x000000009f900000, 0x000000009fa00000|  0%| F|  |TAMS 0x000000009f900000, 0x000000009f900000| Untracked 
| 506|0x000000009fa00000, 0x000000009fa00000, 0x000000009fb00000|  0%| F|  |TAMS 0x000000009fa00000, 0x000000009fa00000| Untracked 
| 507|0x000000009fb00000, 0x000000009fb00000, 0x000000009fc00000|  0%| F|  |TAMS 0x000000009fb00000, 0x000000009fb00000| Untracked 
| 508|0x000000009fc00000, 0x000000009fc00000, 0x000000009fd00000|  0%| F|  |TAMS 0x000000009fc00000, 0x000000009fc00000| Untracked 
| 509|0x000000009fd00000, 0x000000009fd00000, 0x000000009fe00000|  0%| F|  |TAMS 0x000000009fd00000, 0x000000009fd00000| Untracked 
| 510|0x000000009fe00000, 0x000000009fe00000, 0x000000009ff00000|  0%| F|  |TAMS 0x000000009fe00000, 0x000000009fe00000| Untracked 
| 511|0x000000009ff00000, 0x000000009ff00000, 0x00000000a0000000|  0%| F|  |TAMS 0x000000009ff00000, 0x000000009ff00000| Untracked 
| 512|0x00000000a0000000, 0x00000000a0000000, 0x00000000a0100000|  0%| F|  |TAMS 0x00000000a0000000, 0x00000000a0000000| Untracked 
| 513|0x00000000a0100000, 0x00000000a0100000, 0x00000000a0200000|  0%| F|  |TAMS 0x00000000a0100000, 0x00000000a0100000| Untracked 
| 514|0x00000000a0200000, 0x00000000a0200000, 0x00000000a0300000|  0%| F|  |TAMS 0x00000000a0200000, 0x00000000a0200000| Untracked 
| 515|0x00000000a0300000, 0x00000000a0300000, 0x00000000a0400000|  0%| F|  |TAMS 0x00000000a0300000, 0x00000000a0300000| Untracked 
| 516|0x00000000a0400000, 0x00000000a0400000, 0x00000000a0500000|  0%| F|  |TAMS 0x00000000a0400000, 0x00000000a0400000| Untracked 
| 517|0x00000000a0500000, 0x00000000a0500000, 0x00000000a0600000|  0%| F|  |TAMS 0x00000000a0500000, 0x00000000a0500000| Untracked 
| 518|0x00000000a0600000, 0x00000000a0700000, 0x00000000a0700000|100%| S|CS|TAMS 0x00000000a0600000, 0x00000000a0600000| Complete 
| 519|0x00000000a0700000, 0x00000000a0800000, 0x00000000a0800000|100%| S|CS|TAMS 0x00000000a0700000, 0x00000000a0700000| Complete 
| 520|0x00000000a0800000, 0x00000000a0900000, 0x00000000a0900000|100%| S|CS|TAMS 0x00000000a0800000, 0x00000000a0800000| Complete 
| 521|0x00000000a0900000, 0x00000000a0a00000, 0x00000000a0a00000|100%| S|CS|TAMS 0x00000000a0900000, 0x00000000a0900000| Complete 
| 522|0x00000000a0a00000, 0x00000000a0b00000, 0x00000000a0b00000|100%| S|CS|TAMS 0x00000000a0a00000, 0x00000000a0a00000| Complete 
| 523|0x00000000a0b00000, 0x00000000a0c00000, 0x00000000a0c00000|100%| S|CS|TAMS 0x00000000a0b00000, 0x00000000a0b00000| Complete 
| 524|0x00000000a0c00000, 0x00000000a0d00000, 0x00000000a0d00000|100%| S|CS|TAMS 0x00000000a0c00000, 0x00000000a0c00000| Complete 
| 525|0x00000000a0d00000, 0x00000000a0e00000, 0x00000000a0e00000|100%| S|CS|TAMS 0x00000000a0d00000, 0x00000000a0d00000| Complete 
| 526|0x00000000a0e00000, 0x00000000a0f00000, 0x00000000a0f00000|100%| S|CS|TAMS 0x00000000a0e00000, 0x00000000a0e00000| Complete 
| 527|0x00000000a0f00000, 0x00000000a0f00000, 0x00000000a1000000|  0%| F|  |TAMS 0x00000000a0f00000, 0x00000000a0f00000| Untracked 
| 528|0x00000000a1000000, 0x00000000a1000000, 0x00000000a1100000|  0%| F|  |TAMS 0x00000000a1000000, 0x00000000a1000000| Untracked 
| 529|0x00000000a1100000, 0x00000000a1100000, 0x00000000a1200000|  0%| F|  |TAMS 0x00000000a1100000, 0x00000000a1100000| Untracked 
| 530|0x00000000a1200000, 0x00000000a1200000, 0x00000000a1300000|  0%| F|  |TAMS 0x00000000a1200000, 0x00000000a1200000| Untracked 
| 531|0x00000000a1300000, 0x00000000a1300000, 0x00000000a1400000|  0%| F|  |TAMS 0x00000000a1300000, 0x00000000a1300000| Untracked 
| 532|0x00000000a1400000, 0x00000000a1500000, 0x00000000a1500000|100%| S|CS|TAMS 0x00000000a1400000, 0x00000000a1400000| Complete 
| 533|0x00000000a1500000, 0x00000000a1600000, 0x00000000a1600000|100%| S|CS|TAMS 0x00000000a1500000, 0x00000000a1500000| Complete 
| 534|0x00000000a1600000, 0x00000000a1700000, 0x00000000a1700000|100%| S|CS|TAMS 0x00000000a1600000, 0x00000000a1600000| Complete 
| 535|0x00000000a1700000, 0x00000000a1800000, 0x00000000a1800000|100%| S|CS|TAMS 0x00000000a1700000, 0x00000000a1700000| Complete 
| 536|0x00000000a1800000, 0x00000000a1900000, 0x00000000a1900000|100%| S|CS|TAMS 0x00000000a1800000, 0x00000000a1800000| Complete 
| 537|0x00000000a1900000, 0x00000000a1a00000, 0x00000000a1a00000|100%| S|CS|TAMS 0x00000000a1900000, 0x00000000a1900000| Complete 
| 538|0x00000000a1a00000, 0x00000000a1b00000, 0x00000000a1b00000|100%| S|CS|TAMS 0x00000000a1a00000, 0x00000000a1a00000| Complete 
| 539|0x00000000a1b00000, 0x00000000a1c00000, 0x00000000a1c00000|100%| S|CS|TAMS 0x00000000a1b00000, 0x00000000a1b00000| Complete 
| 540|0x00000000a1c00000, 0x00000000a1d00000, 0x00000000a1d00000|100%| S|CS|TAMS 0x00000000a1c00000, 0x00000000a1c00000| Complete 
| 541|0x00000000a1d00000, 0x00000000a1e00000, 0x00000000a1e00000|100%| S|CS|TAMS 0x00000000a1d00000, 0x00000000a1d00000| Complete 
| 542|0x00000000a1e00000, 0x00000000a1f00000, 0x00000000a1f00000|100%| S|CS|TAMS 0x00000000a1e00000, 0x00000000a1e00000| Complete 
| 543|0x00000000a1f00000, 0x00000000a2000000, 0x00000000a2000000|100%| S|CS|TAMS 0x00000000a1f00000, 0x00000000a1f00000| Complete 
| 544|0x00000000a2000000, 0x00000000a2100000, 0x00000000a2100000|100%| S|CS|TAMS 0x00000000a2000000, 0x00000000a2000000| Complete 
| 545|0x00000000a2100000, 0x00000000a2200000, 0x00000000a2200000|100%| S|CS|TAMS 0x00000000a2100000, 0x00000000a2100000| Complete 
| 546|0x00000000a2200000, 0x00000000a2300000, 0x00000000a2300000|100%| S|CS|TAMS 0x00000000a2200000, 0x00000000a2200000| Complete 
| 547|0x00000000a2300000, 0x00000000a2400000, 0x00000000a2400000|100%| S|CS|TAMS 0x00000000a2300000, 0x00000000a2300000| Complete 
| 548|0x00000000a2400000, 0x00000000a2500000, 0x00000000a2500000|100%| S|CS|TAMS 0x00000000a2400000, 0x00000000a2400000| Complete 
| 549|0x00000000a2500000, 0x00000000a2600000, 0x00000000a2600000|100%| S|CS|TAMS 0x00000000a2500000, 0x00000000a2500000| Complete 
| 550|0x00000000a2600000, 0x00000000a2700000, 0x00000000a2700000|100%| S|CS|TAMS 0x00000000a2600000, 0x00000000a2600000| Complete 
| 551|0x00000000a2700000, 0x00000000a2800000, 0x00000000a2800000|100%| S|CS|TAMS 0x00000000a2700000, 0x00000000a2700000| Complete 
| 552|0x00000000a2800000, 0x00000000a2900000, 0x00000000a2900000|100%| S|CS|TAMS 0x00000000a2800000, 0x00000000a2800000| Complete 
| 553|0x00000000a2900000, 0x00000000a2900000, 0x00000000a2a00000|  0%| F|  |TAMS 0x00000000a2900000, 0x00000000a2900000| Untracked 
| 554|0x00000000a2a00000, 0x00000000a2a00000, 0x00000000a2b00000|  0%| F|  |TAMS 0x00000000a2a00000, 0x00000000a2a00000| Untracked 
| 555|0x00000000a2b00000, 0x00000000a2b00000, 0x00000000a2c00000|  0%| F|  |TAMS 0x00000000a2b00000, 0x00000000a2b00000| Untracked 
| 556|0x00000000a2c00000, 0x00000000a2c00000, 0x00000000a2d00000|  0%| F|  |TAMS 0x00000000a2c00000, 0x00000000a2c00000| Untracked 
| 557|0x00000000a2d00000, 0x00000000a2d00000, 0x00000000a2e00000|  0%| F|  |TAMS 0x00000000a2d00000, 0x00000000a2d00000| Untracked 
| 558|0x00000000a2e00000, 0x00000000a2e00000, 0x00000000a2f00000|  0%| F|  |TAMS 0x00000000a2e00000, 0x00000000a2e00000| Untracked 
| 559|0x00000000a2f00000, 0x00000000a2f00000, 0x00000000a3000000|  0%| F|  |TAMS 0x00000000a2f00000, 0x00000000a2f00000| Untracked 
| 560|0x00000000a3000000, 0x00000000a3000000, 0x00000000a3100000|  0%| F|  |TAMS 0x00000000a3000000, 0x00000000a3000000| Untracked 
| 561|0x00000000a3100000, 0x00000000a3100000, 0x00000000a3200000|  0%| F|  |TAMS 0x00000000a3100000, 0x00000000a3100000| Untracked 
| 562|0x00000000a3200000, 0x00000000a3200000, 0x00000000a3300000|  0%| F|  |TAMS 0x00000000a3200000, 0x00000000a3200000| Untracked 
| 563|0x00000000a3300000, 0x00000000a3300000, 0x00000000a3400000|  0%| F|  |TAMS 0x00000000a3300000, 0x00000000a3300000| Untracked 
| 564|0x00000000a3400000, 0x00000000a3400000, 0x00000000a3500000|  0%| F|  |TAMS 0x00000000a3400000, 0x00000000a3400000| Untracked 
| 565|0x00000000a3500000, 0x00000000a3500000, 0x00000000a3600000|  0%| F|  |TAMS 0x00000000a3500000, 0x00000000a3500000| Untracked 
| 566|0x00000000a3600000, 0x00000000a3600000, 0x00000000a3700000|  0%| F|  |TAMS 0x00000000a3600000, 0x00000000a3600000| Untracked 
| 567|0x00000000a3700000, 0x00000000a3700000, 0x00000000a3800000|  0%| F|  |TAMS 0x00000000a3700000, 0x00000000a3700000| Untracked 
| 568|0x00000000a3800000, 0x00000000a3800000, 0x00000000a3900000|  0%| F|  |TAMS 0x00000000a3800000, 0x00000000a3800000| Untracked 
| 569|0x00000000a3900000, 0x00000000a3900000, 0x00000000a3a00000|  0%| F|  |TAMS 0x00000000a3900000, 0x00000000a3900000| Untracked 
| 570|0x00000000a3a00000, 0x00000000a3a00000, 0x00000000a3b00000|  0%| F|  |TAMS 0x00000000a3a00000, 0x00000000a3a00000| Untracked 
| 571|0x00000000a3b00000, 0x00000000a3b00000, 0x00000000a3c00000|  0%| F|  |TAMS 0x00000000a3b00000, 0x00000000a3b00000| Untracked 
| 572|0x00000000a3c00000, 0x00000000a3c00000, 0x00000000a3d00000|  0%| F|  |TAMS 0x00000000a3c00000, 0x00000000a3c00000| Untracked 
| 573|0x00000000a3d00000, 0x00000000a3d00000, 0x00000000a3e00000|  0%| F|  |TAMS 0x00000000a3d00000, 0x00000000a3d00000| Untracked 
| 574|0x00000000a3e00000, 0x00000000a3e00000, 0x00000000a3f00000|  0%| F|  |TAMS 0x00000000a3e00000, 0x00000000a3e00000| Untracked 
| 575|0x00000000a3f00000, 0x00000000a3f00000, 0x00000000a4000000|  0%| F|  |TAMS 0x00000000a3f00000, 0x00000000a3f00000| Untracked 
| 576|0x00000000a4000000, 0x00000000a4000000, 0x00000000a4100000|  0%| F|  |TAMS 0x00000000a4000000, 0x00000000a4000000| Untracked 
| 577|0x00000000a4100000, 0x00000000a4100000, 0x00000000a4200000|  0%| F|  |TAMS 0x00000000a4100000, 0x00000000a4100000| Untracked 
| 578|0x00000000a4200000, 0x00000000a4200000, 0x00000000a4300000|  0%| F|  |TAMS 0x00000000a4200000, 0x00000000a4200000| Untracked 
| 579|0x00000000a4300000, 0x00000000a4300000, 0x00000000a4400000|  0%| F|  |TAMS 0x00000000a4300000, 0x00000000a4300000| Untracked 
| 580|0x00000000a4400000, 0x00000000a4400000, 0x00000000a4500000|  0%| F|  |TAMS 0x00000000a4400000, 0x00000000a4400000| Untracked 
| 581|0x00000000a4500000, 0x00000000a4500000, 0x00000000a4600000|  0%| F|  |TAMS 0x00000000a4500000, 0x00000000a4500000| Untracked 
| 582|0x00000000a4600000, 0x00000000a4600000, 0x00000000a4700000|  0%| F|  |TAMS 0x00000000a4600000, 0x00000000a4600000| Untracked 
| 583|0x00000000a4700000, 0x00000000a4800000, 0x00000000a4800000|100%| S|CS|TAMS 0x00000000a4700000, 0x00000000a4700000| Complete 
| 584|0x00000000a4800000, 0x00000000a4900000, 0x00000000a4900000|100%| S|CS|TAMS 0x00000000a4800000, 0x00000000a4800000| Complete 
| 585|0x00000000a4900000, 0x00000000a4a00000, 0x00000000a4a00000|100%| S|CS|TAMS 0x00000000a4900000, 0x00000000a4900000| Complete 
| 586|0x00000000a4a00000, 0x00000000a4b00000, 0x00000000a4b00000|100%| S|CS|TAMS 0x00000000a4a00000, 0x00000000a4a00000| Complete 
| 587|0x00000000a4b00000, 0x00000000a4c00000, 0x00000000a4c00000|100%| S|CS|TAMS 0x00000000a4b00000, 0x00000000a4b00000| Complete 
| 588|0x00000000a4c00000, 0x00000000a4d00000, 0x00000000a4d00000|100%| S|CS|TAMS 0x00000000a4c00000, 0x00000000a4c00000| Complete 
| 589|0x00000000a4d00000, 0x00000000a4e00000, 0x00000000a4e00000|100%| S|CS|TAMS 0x00000000a4d00000, 0x00000000a4d00000| Complete 
| 590|0x00000000a4e00000, 0x00000000a4f00000, 0x00000000a4f00000|100%| S|CS|TAMS 0x00000000a4e00000, 0x00000000a4e00000| Complete 
| 591|0x00000000a4f00000, 0x00000000a5000000, 0x00000000a5000000|100%| S|CS|TAMS 0x00000000a4f00000, 0x00000000a4f00000| Complete 
| 592|0x00000000a5000000, 0x00000000a5100000, 0x00000000a5100000|100%| S|CS|TAMS 0x00000000a5000000, 0x00000000a5000000| Complete 
| 593|0x00000000a5100000, 0x00000000a5100000, 0x00000000a5200000|  0%| F|  |TAMS 0x00000000a5100000, 0x00000000a5100000| Untracked 
| 594|0x00000000a5200000, 0x00000000a5200000, 0x00000000a5300000|  0%| F|  |TAMS 0x00000000a5200000, 0x00000000a5200000| Untracked 
| 595|0x00000000a5300000, 0x00000000a5300000, 0x00000000a5400000|  0%| F|  |TAMS 0x00000000a5300000, 0x00000000a5300000| Untracked 
| 596|0x00000000a5400000, 0x00000000a5400000, 0x00000000a5500000|  0%| F|  |TAMS 0x00000000a5400000, 0x00000000a5400000| Untracked 
| 597|0x00000000a5500000, 0x00000000a5500000, 0x00000000a5600000|  0%| F|  |TAMS 0x00000000a5500000, 0x00000000a5500000| Untracked 
| 598|0x00000000a5600000, 0x00000000a5600000, 0x00000000a5700000|  0%| F|  |TAMS 0x00000000a5600000, 0x00000000a5600000| Untracked 
| 599|0x00000000a5700000, 0x00000000a5700000, 0x00000000a5800000|  0%| F|  |TAMS 0x00000000a5700000, 0x00000000a5700000| Untracked 
| 600|0x00000000a5800000, 0x00000000a5800000, 0x00000000a5900000|  0%| F|  |TAMS 0x00000000a5800000, 0x00000000a5800000| Untracked 
| 601|0x00000000a5900000, 0x00000000a5900000, 0x00000000a5a00000|  0%| F|  |TAMS 0x00000000a5900000, 0x00000000a5900000| Untracked 
| 602|0x00000000a5a00000, 0x00000000a5a00000, 0x00000000a5b00000|  0%| F|  |TAMS 0x00000000a5a00000, 0x00000000a5a00000| Untracked 
| 603|0x00000000a5b00000, 0x00000000a5b00000, 0x00000000a5c00000|  0%| F|  |TAMS 0x00000000a5b00000, 0x00000000a5b00000| Untracked 
| 604|0x00000000a5c00000, 0x00000000a5c00000, 0x00000000a5d00000|  0%| F|  |TAMS 0x00000000a5c00000, 0x00000000a5c00000| Untracked 
| 605|0x00000000a5d00000, 0x00000000a5d00000, 0x00000000a5e00000|  0%| F|  |TAMS 0x00000000a5d00000, 0x00000000a5d00000| Untracked 
| 606|0x00000000a5e00000, 0x00000000a5e00000, 0x00000000a5f00000|  0%| F|  |TAMS 0x00000000a5e00000, 0x00000000a5e00000| Untracked 
| 607|0x00000000a5f00000, 0x00000000a5f00000, 0x00000000a6000000|  0%| F|  |TAMS 0x00000000a5f00000, 0x00000000a5f00000| Untracked 
| 608|0x00000000a6000000, 0x00000000a6000000, 0x00000000a6100000|  0%| F|  |TAMS 0x00000000a6000000, 0x00000000a6000000| Untracked 
| 609|0x00000000a6100000, 0x00000000a6100000, 0x00000000a6200000|  0%| F|  |TAMS 0x00000000a6100000, 0x00000000a6100000| Untracked 
| 610|0x00000000a6200000, 0x00000000a6200000, 0x00000000a6300000|  0%| F|  |TAMS 0x00000000a6200000, 0x00000000a6200000| Untracked 
| 611|0x00000000a6300000, 0x00000000a6300000, 0x00000000a6400000|  0%| F|  |TAMS 0x00000000a6300000, 0x00000000a6300000| Untracked 
| 612|0x00000000a6400000, 0x00000000a6400000, 0x00000000a6500000|  0%| F|  |TAMS 0x00000000a6400000, 0x00000000a6400000| Untracked 
| 613|0x00000000a6500000, 0x00000000a6500000, 0x00000000a6600000|  0%| F|  |TAMS 0x00000000a6500000, 0x00000000a6500000| Untracked 
| 614|0x00000000a6600000, 0x00000000a6600000, 0x00000000a6700000|  0%| F|  |TAMS 0x00000000a6600000, 0x00000000a6600000| Untracked 
| 615|0x00000000a6700000, 0x00000000a6700000, 0x00000000a6800000|  0%| F|  |TAMS 0x00000000a6700000, 0x00000000a6700000| Untracked 
| 616|0x00000000a6800000, 0x00000000a6800000, 0x00000000a6900000|  0%| F|  |TAMS 0x00000000a6800000, 0x00000000a6800000| Untracked 
| 617|0x00000000a6900000, 0x00000000a6900000, 0x00000000a6a00000|  0%| F|  |TAMS 0x00000000a6900000, 0x00000000a6900000| Untracked 
| 618|0x00000000a6a00000, 0x00000000a6a00000, 0x00000000a6b00000|  0%| F|  |TAMS 0x00000000a6a00000, 0x00000000a6a00000| Untracked 
| 619|0x00000000a6b00000, 0x00000000a6b00000, 0x00000000a6c00000|  0%| F|  |TAMS 0x00000000a6b00000, 0x00000000a6b00000| Untracked 
| 620|0x00000000a6c00000, 0x00000000a6c00000, 0x00000000a6d00000|  0%| F|  |TAMS 0x00000000a6c00000, 0x00000000a6c00000| Untracked 
| 621|0x00000000a6d00000, 0x00000000a6d00000, 0x00000000a6e00000|  0%| F|  |TAMS 0x00000000a6d00000, 0x00000000a6d00000| Untracked 
| 622|0x00000000a6e00000, 0x00000000a6e00000, 0x00000000a6f00000|  0%| F|  |TAMS 0x00000000a6e00000, 0x00000000a6e00000| Untracked 
| 623|0x00000000a6f00000, 0x00000000a6f00000, 0x00000000a7000000|  0%| F|  |TAMS 0x00000000a6f00000, 0x00000000a6f00000| Untracked 
| 624|0x00000000a7000000, 0x00000000a7000000, 0x00000000a7100000|  0%| F|  |TAMS 0x00000000a7000000, 0x00000000a7000000| Untracked 
| 625|0x00000000a7100000, 0x00000000a7100000, 0x00000000a7200000|  0%| F|  |TAMS 0x00000000a7100000, 0x00000000a7100000| Untracked 
| 626|0x00000000a7200000, 0x00000000a7200000, 0x00000000a7300000|  0%| F|  |TAMS 0x00000000a7200000, 0x00000000a7200000| Untracked 
| 627|0x00000000a7300000, 0x00000000a7300000, 0x00000000a7400000|  0%| F|  |TAMS 0x00000000a7300000, 0x00000000a7300000| Untracked 
| 628|0x00000000a7400000, 0x00000000a7400000, 0x00000000a7500000|  0%| F|  |TAMS 0x00000000a7400000, 0x00000000a7400000| Untracked 
| 629|0x00000000a7500000, 0x00000000a7500000, 0x00000000a7600000|  0%| F|  |TAMS 0x00000000a7500000, 0x00000000a7500000| Untracked 
| 630|0x00000000a7600000, 0x00000000a7600000, 0x00000000a7700000|  0%| F|  |TAMS 0x00000000a7600000, 0x00000000a7600000| Untracked 
| 631|0x00000000a7700000, 0x00000000a7700000, 0x00000000a7800000|  0%| F|  |TAMS 0x00000000a7700000, 0x00000000a7700000| Untracked 
| 632|0x00000000a7800000, 0x00000000a7800000, 0x00000000a7900000|  0%| F|  |TAMS 0x00000000a7800000, 0x00000000a7800000| Untracked 
| 633|0x00000000a7900000, 0x00000000a7900000, 0x00000000a7a00000|  0%| F|  |TAMS 0x00000000a7900000, 0x00000000a7900000| Untracked 
| 634|0x00000000a7a00000, 0x00000000a7a00000, 0x00000000a7b00000|  0%| F|  |TAMS 0x00000000a7a00000, 0x00000000a7a00000| Untracked 
| 635|0x00000000a7b00000, 0x00000000a7b00000, 0x00000000a7c00000|  0%| F|  |TAMS 0x00000000a7b00000, 0x00000000a7b00000| Untracked 
| 636|0x00000000a7c00000, 0x00000000a7c00000, 0x00000000a7d00000|  0%| F|  |TAMS 0x00000000a7c00000, 0x00000000a7c00000| Untracked 
| 637|0x00000000a7d00000, 0x00000000a7d00000, 0x00000000a7e00000|  0%| F|  |TAMS 0x00000000a7d00000, 0x00000000a7d00000| Untracked 
| 638|0x00000000a7e00000, 0x00000000a7e00000, 0x00000000a7f00000|  0%| F|  |TAMS 0x00000000a7e00000, 0x00000000a7e00000| Untracked 
| 639|0x00000000a7f00000, 0x00000000a7f00000, 0x00000000a8000000|  0%| F|  |TAMS 0x00000000a7f00000, 0x00000000a7f00000| Untracked 
| 640|0x00000000a8000000, 0x00000000a8000000, 0x00000000a8100000|  0%| F|  |TAMS 0x00000000a8000000, 0x00000000a8000000| Untracked 
| 641|0x00000000a8100000, 0x00000000a8100000, 0x00000000a8200000|  0%| F|  |TAMS 0x00000000a8100000, 0x00000000a8100000| Untracked 
| 642|0x00000000a8200000, 0x00000000a8200000, 0x00000000a8300000|  0%| F|  |TAMS 0x00000000a8200000, 0x00000000a8200000| Untracked 
| 643|0x00000000a8300000, 0x00000000a8300000, 0x00000000a8400000|  0%| F|  |TAMS 0x00000000a8300000, 0x00000000a8300000| Untracked 
| 644|0x00000000a8400000, 0x00000000a8400000, 0x00000000a8500000|  0%| F|  |TAMS 0x00000000a8400000, 0x00000000a8400000| Untracked 
| 645|0x00000000a8500000, 0x00000000a8500000, 0x00000000a8600000|  0%| F|  |TAMS 0x00000000a8500000, 0x00000000a8500000| Untracked 
| 646|0x00000000a8600000, 0x00000000a8600000, 0x00000000a8700000|  0%| F|  |TAMS 0x00000000a8600000, 0x00000000a8600000| Untracked 
| 647|0x00000000a8700000, 0x00000000a8700000, 0x00000000a8800000|  0%| F|  |TAMS 0x00000000a8700000, 0x00000000a8700000| Untracked 
| 648|0x00000000a8800000, 0x00000000a8800000, 0x00000000a8900000|  0%| F|  |TAMS 0x00000000a8800000, 0x00000000a8800000| Untracked 
| 649|0x00000000a8900000, 0x00000000a8900000, 0x00000000a8a00000|  0%| F|  |TAMS 0x00000000a8900000, 0x00000000a8900000| Untracked 
| 650|0x00000000a8a00000, 0x00000000a8a00000, 0x00000000a8b00000|  0%| F|  |TAMS 0x00000000a8a00000, 0x00000000a8a00000| Untracked 
| 651|0x00000000a8b00000, 0x00000000a8b00000, 0x00000000a8c00000|  0%| F|  |TAMS 0x00000000a8b00000, 0x00000000a8b00000| Untracked 
| 652|0x00000000a8c00000, 0x00000000a8c00000, 0x00000000a8d00000|  0%| F|  |TAMS 0x00000000a8c00000, 0x00000000a8c00000| Untracked 
| 653|0x00000000a8d00000, 0x00000000a8d00000, 0x00000000a8e00000|  0%| F|  |TAMS 0x00000000a8d00000, 0x00000000a8d00000| Untracked 
| 654|0x00000000a8e00000, 0x00000000a8e00000, 0x00000000a8f00000|  0%| F|  |TAMS 0x00000000a8e00000, 0x00000000a8e00000| Untracked 
| 655|0x00000000a8f00000, 0x00000000a8f00000, 0x00000000a9000000|  0%| F|  |TAMS 0x00000000a8f00000, 0x00000000a8f00000| Untracked 
| 656|0x00000000a9000000, 0x00000000a9000000, 0x00000000a9100000|  0%| F|  |TAMS 0x00000000a9000000, 0x00000000a9000000| Untracked 
| 657|0x00000000a9100000, 0x00000000a9100000, 0x00000000a9200000|  0%| F|  |TAMS 0x00000000a9100000, 0x00000000a9100000| Untracked 
| 658|0x00000000a9200000, 0x00000000a9200000, 0x00000000a9300000|  0%| F|  |TAMS 0x00000000a9200000, 0x00000000a9200000| Untracked 
| 659|0x00000000a9300000, 0x00000000a9300000, 0x00000000a9400000|  0%| F|  |TAMS 0x00000000a9300000, 0x00000000a9300000| Untracked 
| 660|0x00000000a9400000, 0x00000000a9400000, 0x00000000a9500000|  0%| F|  |TAMS 0x00000000a9400000, 0x00000000a9400000| Untracked 
| 661|0x00000000a9500000, 0x00000000a9500000, 0x00000000a9600000|  0%| F|  |TAMS 0x00000000a9500000, 0x00000000a9500000| Untracked 
| 662|0x00000000a9600000, 0x00000000a9600000, 0x00000000a9700000|  0%| F|  |TAMS 0x00000000a9600000, 0x00000000a9600000| Untracked 
| 663|0x00000000a9700000, 0x00000000a9700000, 0x00000000a9800000|  0%| F|  |TAMS 0x00000000a9700000, 0x00000000a9700000| Untracked 
| 664|0x00000000a9800000, 0x00000000a9800000, 0x00000000a9900000|  0%| F|  |TAMS 0x00000000a9800000, 0x00000000a9800000| Untracked 
| 665|0x00000000a9900000, 0x00000000a9900000, 0x00000000a9a00000|  0%| F|  |TAMS 0x00000000a9900000, 0x00000000a9900000| Untracked 
| 666|0x00000000a9a00000, 0x00000000a9a00000, 0x00000000a9b00000|  0%| F|  |TAMS 0x00000000a9a00000, 0x00000000a9a00000| Untracked 
| 667|0x00000000a9b00000, 0x00000000a9b00000, 0x00000000a9c00000|  0%| F|  |TAMS 0x00000000a9b00000, 0x00000000a9b00000| Untracked 
| 668|0x00000000a9c00000, 0x00000000a9c00000, 0x00000000a9d00000|  0%| F|  |TAMS 0x00000000a9c00000, 0x00000000a9c00000| Untracked 
| 669|0x00000000a9d00000, 0x00000000a9d00000, 0x00000000a9e00000|  0%| F|  |TAMS 0x00000000a9d00000, 0x00000000a9d00000| Untracked 
| 670|0x00000000a9e00000, 0x00000000a9e00000, 0x00000000a9f00000|  0%| F|  |TAMS 0x00000000a9e00000, 0x00000000a9e00000| Untracked 
| 671|0x00000000a9f00000, 0x00000000a9f80800, 0x00000000aa000000| 50%| E|  |TAMS 0x00000000a9f00000, 0x00000000a9f00000| Complete 
| 672|0x00000000aa000000, 0x00000000aa100000, 0x00000000aa100000|100%| E|CS|TAMS 0x00000000aa000000, 0x00000000aa000000| Complete 
| 673|0x00000000aa100000, 0x00000000aa200000, 0x00000000aa200000|100%| E|CS|TAMS 0x00000000aa100000, 0x00000000aa100000| Complete 
| 674|0x00000000aa200000, 0x00000000aa300000, 0x00000000aa300000|100%| E|CS|TAMS 0x00000000aa200000, 0x00000000aa200000| Complete 
| 675|0x00000000aa300000, 0x00000000aa400000, 0x00000000aa400000|100%| E|CS|TAMS 0x00000000aa300000, 0x00000000aa300000| Complete 
| 676|0x00000000aa400000, 0x00000000aa500000, 0x00000000aa500000|100%| E|CS|TAMS 0x00000000aa400000, 0x00000000aa400000| Complete 
| 677|0x00000000aa500000, 0x00000000aa600000, 0x00000000aa600000|100%| E|CS|TAMS 0x00000000aa500000, 0x00000000aa500000| Complete 
| 678|0x00000000aa600000, 0x00000000aa700000, 0x00000000aa700000|100%| E|CS|TAMS 0x00000000aa600000, 0x00000000aa600000| Complete 
| 679|0x00000000aa700000, 0x00000000aa800000, 0x00000000aa800000|100%| E|CS|TAMS 0x00000000aa700000, 0x00000000aa700000| Complete 
| 680|0x00000000aa800000, 0x00000000aa900000, 0x00000000aa900000|100%| E|CS|TAMS 0x00000000aa800000, 0x00000000aa800000| Complete 
| 681|0x00000000aa900000, 0x00000000aaa00000, 0x00000000aaa00000|100%| E|CS|TAMS 0x00000000aa900000, 0x00000000aa900000| Complete 
| 682|0x00000000aaa00000, 0x00000000aab00000, 0x00000000aab00000|100%| E|CS|TAMS 0x00000000aaa00000, 0x00000000aaa00000| Complete 
| 683|0x00000000aab00000, 0x00000000aac00000, 0x00000000aac00000|100%| E|CS|TAMS 0x00000000aab00000, 0x00000000aab00000| Complete 
| 684|0x00000000aac00000, 0x00000000aad00000, 0x00000000aad00000|100%| E|CS|TAMS 0x00000000aac00000, 0x00000000aac00000| Complete 
| 685|0x00000000aad00000, 0x00000000aae00000, 0x00000000aae00000|100%| E|CS|TAMS 0x00000000aad00000, 0x00000000aad00000| Complete 
| 686|0x00000000aae00000, 0x00000000aaf00000, 0x00000000aaf00000|100%| E|CS|TAMS 0x00000000aae00000, 0x00000000aae00000| Complete 
| 687|0x00000000aaf00000, 0x00000000ab000000, 0x00000000ab000000|100%| E|CS|TAMS 0x00000000aaf00000, 0x00000000aaf00000| Complete 
| 688|0x00000000ab000000, 0x00000000ab100000, 0x00000000ab100000|100%| E|CS|TAMS 0x00000000ab000000, 0x00000000ab000000| Complete 
| 689|0x00000000ab100000, 0x00000000ab200000, 0x00000000ab200000|100%| E|CS|TAMS 0x00000000ab100000, 0x00000000ab100000| Complete 
| 690|0x00000000ab200000, 0x00000000ab300000, 0x00000000ab300000|100%| E|CS|TAMS 0x00000000ab200000, 0x00000000ab200000| Complete 
| 691|0x00000000ab300000, 0x00000000ab400000, 0x00000000ab400000|100%| E|CS|TAMS 0x00000000ab300000, 0x00000000ab300000| Complete 
| 692|0x00000000ab400000, 0x00000000ab500000, 0x00000000ab500000|100%| E|CS|TAMS 0x00000000ab400000, 0x00000000ab400000| Complete 
| 693|0x00000000ab500000, 0x00000000ab600000, 0x00000000ab600000|100%| E|CS|TAMS 0x00000000ab500000, 0x00000000ab500000| Complete 
| 694|0x00000000ab600000, 0x00000000ab700000, 0x00000000ab700000|100%| E|CS|TAMS 0x00000000ab600000, 0x00000000ab600000| Complete 
| 695|0x00000000ab700000, 0x00000000ab800000, 0x00000000ab800000|100%| E|CS|TAMS 0x00000000ab700000, 0x00000000ab700000| Complete 
| 696|0x00000000ab800000, 0x00000000ab900000, 0x00000000ab900000|100%| E|CS|TAMS 0x00000000ab800000, 0x00000000ab800000| Complete 
| 697|0x00000000ab900000, 0x00000000aba00000, 0x00000000aba00000|100%| E|CS|TAMS 0x00000000ab900000, 0x00000000ab900000| Complete 
| 698|0x00000000aba00000, 0x00000000abb00000, 0x00000000abb00000|100%| E|CS|TAMS 0x00000000aba00000, 0x00000000aba00000| Complete 
| 699|0x00000000abb00000, 0x00000000abc00000, 0x00000000abc00000|100%| E|CS|TAMS 0x00000000abb00000, 0x00000000abb00000| Complete 
| 700|0x00000000abc00000, 0x00000000abd00000, 0x00000000abd00000|100%| E|CS|TAMS 0x00000000abc00000, 0x00000000abc00000| Complete 
| 701|0x00000000abd00000, 0x00000000abe00000, 0x00000000abe00000|100%| E|CS|TAMS 0x00000000abd00000, 0x00000000abd00000| Complete 
| 702|0x00000000abe00000, 0x00000000abf00000, 0x00000000abf00000|100%| E|CS|TAMS 0x00000000abe00000, 0x00000000abe00000| Complete 
| 703|0x00000000abf00000, 0x00000000ac000000, 0x00000000ac000000|100%| E|CS|TAMS 0x00000000abf00000, 0x00000000abf00000| Complete 
| 704|0x00000000ac000000, 0x00000000ac100000, 0x00000000ac100000|100%| E|CS|TAMS 0x00000000ac000000, 0x00000000ac000000| Complete 
| 705|0x00000000ac100000, 0x00000000ac200000, 0x00000000ac200000|100%| E|CS|TAMS 0x00000000ac100000, 0x00000000ac100000| Complete 
| 706|0x00000000ac200000, 0x00000000ac300000, 0x00000000ac300000|100%| E|CS|TAMS 0x00000000ac200000, 0x00000000ac200000| Complete 
| 707|0x00000000ac300000, 0x00000000ac400000, 0x00000000ac400000|100%| E|CS|TAMS 0x00000000ac300000, 0x00000000ac300000| Complete 
| 708|0x00000000ac400000, 0x00000000ac500000, 0x00000000ac500000|100%| E|CS|TAMS 0x00000000ac400000, 0x00000000ac400000| Complete 
| 709|0x00000000ac500000, 0x00000000ac600000, 0x00000000ac600000|100%| E|CS|TAMS 0x00000000ac500000, 0x00000000ac500000| Complete 
| 710|0x00000000ac600000, 0x00000000ac700000, 0x00000000ac700000|100%| E|CS|TAMS 0x00000000ac600000, 0x00000000ac600000| Complete 
| 711|0x00000000ac700000, 0x00000000ac800000, 0x00000000ac800000|100%| E|CS|TAMS 0x00000000ac700000, 0x00000000ac700000| Complete 
| 712|0x00000000ac800000, 0x00000000ac900000, 0x00000000ac900000|100%| E|CS|TAMS 0x00000000ac800000, 0x00000000ac800000| Complete 
| 713|0x00000000ac900000, 0x00000000aca00000, 0x00000000aca00000|100%| E|CS|TAMS 0x00000000ac900000, 0x00000000ac900000| Complete 
| 714|0x00000000aca00000, 0x00000000acb00000, 0x00000000acb00000|100%| E|CS|TAMS 0x00000000aca00000, 0x00000000aca00000| Complete 
| 715|0x00000000acb00000, 0x00000000acc00000, 0x00000000acc00000|100%| E|CS|TAMS 0x00000000acb00000, 0x00000000acb00000| Complete 
| 716|0x00000000acc00000, 0x00000000acd00000, 0x00000000acd00000|100%| E|CS|TAMS 0x00000000acc00000, 0x00000000acc00000| Complete 
| 717|0x00000000acd00000, 0x00000000ace00000, 0x00000000ace00000|100%| E|CS|TAMS 0x00000000acd00000, 0x00000000acd00000| Complete 
| 718|0x00000000ace00000, 0x00000000acf00000, 0x00000000acf00000|100%| E|CS|TAMS 0x00000000ace00000, 0x00000000ace00000| Complete 
| 719|0x00000000acf00000, 0x00000000ad000000, 0x00000000ad000000|100%| E|CS|TAMS 0x00000000acf00000, 0x00000000acf00000| Complete 
| 720|0x00000000ad000000, 0x00000000ad100000, 0x00000000ad100000|100%| E|CS|TAMS 0x00000000ad000000, 0x00000000ad000000| Complete 
| 721|0x00000000ad100000, 0x00000000ad200000, 0x00000000ad200000|100%| E|CS|TAMS 0x00000000ad100000, 0x00000000ad100000| Complete 
| 722|0x00000000ad200000, 0x00000000ad300000, 0x00000000ad300000|100%| E|CS|TAMS 0x00000000ad200000, 0x00000000ad200000| Complete 
| 723|0x00000000ad300000, 0x00000000ad400000, 0x00000000ad400000|100%| E|CS|TAMS 0x00000000ad300000, 0x00000000ad300000| Complete 
| 724|0x00000000ad400000, 0x00000000ad500000, 0x00000000ad500000|100%| E|CS|TAMS 0x00000000ad400000, 0x00000000ad400000| Complete 
| 725|0x00000000ad500000, 0x00000000ad600000, 0x00000000ad600000|100%| E|CS|TAMS 0x00000000ad500000, 0x00000000ad500000| Complete 
| 726|0x00000000ad600000, 0x00000000ad700000, 0x00000000ad700000|100%| E|CS|TAMS 0x00000000ad600000, 0x00000000ad600000| Complete 
| 727|0x00000000ad700000, 0x00000000ad800000, 0x00000000ad800000|100%| E|CS|TAMS 0x00000000ad700000, 0x00000000ad700000| Complete 
| 728|0x00000000ad800000, 0x00000000ad900000, 0x00000000ad900000|100%| E|CS|TAMS 0x00000000ad800000, 0x00000000ad800000| Complete 
| 729|0x00000000ad900000, 0x00000000ada00000, 0x00000000ada00000|100%| E|CS|TAMS 0x00000000ad900000, 0x00000000ad900000| Complete 
| 730|0x00000000ada00000, 0x00000000adb00000, 0x00000000adb00000|100%| E|CS|TAMS 0x00000000ada00000, 0x00000000ada00000| Complete 
| 731|0x00000000adb00000, 0x00000000adc00000, 0x00000000adc00000|100%| E|CS|TAMS 0x00000000adb00000, 0x00000000adb00000| Complete 
| 732|0x00000000adc00000, 0x00000000add00000, 0x00000000add00000|100%| E|CS|TAMS 0x00000000adc00000, 0x00000000adc00000| Complete 
| 733|0x00000000add00000, 0x00000000ade00000, 0x00000000ade00000|100%| E|CS|TAMS 0x00000000add00000, 0x00000000add00000| Complete 
| 734|0x00000000ade00000, 0x00000000adf00000, 0x00000000adf00000|100%| E|CS|TAMS 0x00000000ade00000, 0x00000000ade00000| Complete 
| 735|0x00000000adf00000, 0x00000000ae000000, 0x00000000ae000000|100%| E|CS|TAMS 0x00000000adf00000, 0x00000000adf00000| Complete 
| 736|0x00000000ae000000, 0x00000000ae100000, 0x00000000ae100000|100%| E|CS|TAMS 0x00000000ae000000, 0x00000000ae000000| Complete 
| 737|0x00000000ae100000, 0x00000000ae200000, 0x00000000ae200000|100%| E|CS|TAMS 0x00000000ae100000, 0x00000000ae100000| Complete 
| 738|0x00000000ae200000, 0x00000000ae300000, 0x00000000ae300000|100%| E|CS|TAMS 0x00000000ae200000, 0x00000000ae200000| Complete 
| 739|0x00000000ae300000, 0x00000000ae400000, 0x00000000ae400000|100%| E|CS|TAMS 0x00000000ae300000, 0x00000000ae300000| Complete 
| 740|0x00000000ae400000, 0x00000000ae500000, 0x00000000ae500000|100%| E|CS|TAMS 0x00000000ae400000, 0x00000000ae400000| Complete 
| 741|0x00000000ae500000, 0x00000000ae600000, 0x00000000ae600000|100%| E|CS|TAMS 0x00000000ae500000, 0x00000000ae500000| Complete 
| 742|0x00000000ae600000, 0x00000000ae700000, 0x00000000ae700000|100%| E|CS|TAMS 0x00000000ae600000, 0x00000000ae600000| Complete 
| 743|0x00000000ae700000, 0x00000000ae800000, 0x00000000ae800000|100%| E|CS|TAMS 0x00000000ae700000, 0x00000000ae700000| Complete 
| 744|0x00000000ae800000, 0x00000000ae900000, 0x00000000ae900000|100%| E|CS|TAMS 0x00000000ae800000, 0x00000000ae800000| Complete 
| 745|0x00000000ae900000, 0x00000000aea00000, 0x00000000aea00000|100%| E|CS|TAMS 0x00000000ae900000, 0x00000000ae900000| Complete 
| 746|0x00000000aea00000, 0x00000000aeb00000, 0x00000000aeb00000|100%| E|CS|TAMS 0x00000000aea00000, 0x00000000aea00000| Complete 
| 747|0x00000000aeb00000, 0x00000000aec00000, 0x00000000aec00000|100%| E|CS|TAMS 0x00000000aeb00000, 0x00000000aeb00000| Complete 
| 748|0x00000000aec00000, 0x00000000aed00000, 0x00000000aed00000|100%| E|CS|TAMS 0x00000000aec00000, 0x00000000aec00000| Complete 
| 749|0x00000000aed00000, 0x00000000aee00000, 0x00000000aee00000|100%| E|CS|TAMS 0x00000000aed00000, 0x00000000aed00000| Complete 
| 750|0x00000000aee00000, 0x00000000aef00000, 0x00000000aef00000|100%| E|CS|TAMS 0x00000000aee00000, 0x00000000aee00000| Complete 
| 751|0x00000000aef00000, 0x00000000af000000, 0x00000000af000000|100%| E|CS|TAMS 0x00000000aef00000, 0x00000000aef00000| Complete 
| 752|0x00000000af000000, 0x00000000af100000, 0x00000000af100000|100%| E|CS|TAMS 0x00000000af000000, 0x00000000af000000| Complete 
| 753|0x00000000af100000, 0x00000000af200000, 0x00000000af200000|100%| E|CS|TAMS 0x00000000af100000, 0x00000000af100000| Complete 
| 754|0x00000000af200000, 0x00000000af300000, 0x00000000af300000|100%| E|CS|TAMS 0x00000000af200000, 0x00000000af200000| Complete 
| 755|0x00000000af300000, 0x00000000af400000, 0x00000000af400000|100%| E|CS|TAMS 0x00000000af300000, 0x00000000af300000| Complete 
| 756|0x00000000af400000, 0x00000000af500000, 0x00000000af500000|100%| E|CS|TAMS 0x00000000af400000, 0x00000000af400000| Complete 
| 757|0x00000000af500000, 0x00000000af600000, 0x00000000af600000|100%| E|CS|TAMS 0x00000000af500000, 0x00000000af500000| Complete 
| 758|0x00000000af600000, 0x00000000af700000, 0x00000000af700000|100%| E|CS|TAMS 0x00000000af600000, 0x00000000af600000| Complete 
| 759|0x00000000af700000, 0x00000000af800000, 0x00000000af800000|100%| E|CS|TAMS 0x00000000af700000, 0x00000000af700000| Complete 
| 760|0x00000000af800000, 0x00000000af900000, 0x00000000af900000|100%| E|CS|TAMS 0x00000000af800000, 0x00000000af800000| Complete 
| 761|0x00000000af900000, 0x00000000afa00000, 0x00000000afa00000|100%| E|CS|TAMS 0x00000000af900000, 0x00000000af900000| Complete 
| 762|0x00000000afa00000, 0x00000000afb00000, 0x00000000afb00000|100%| E|CS|TAMS 0x00000000afa00000, 0x00000000afa00000| Complete 
| 763|0x00000000afb00000, 0x00000000afc00000, 0x00000000afc00000|100%| E|CS|TAMS 0x00000000afb00000, 0x00000000afb00000| Complete 
| 764|0x00000000afc00000, 0x00000000afd00000, 0x00000000afd00000|100%| E|CS|TAMS 0x00000000afc00000, 0x00000000afc00000| Complete 
| 765|0x00000000afd00000, 0x00000000afe00000, 0x00000000afe00000|100%| E|CS|TAMS 0x00000000afd00000, 0x00000000afd00000| Complete 
| 766|0x00000000afe00000, 0x00000000aff00000, 0x00000000aff00000|100%| E|CS|TAMS 0x00000000afe00000, 0x00000000afe00000| Complete 
| 767|0x00000000aff00000, 0x00000000b0000000, 0x00000000b0000000|100%| E|CS|TAMS 0x00000000aff00000, 0x00000000aff00000| Complete 
| 768|0x00000000b0000000, 0x00000000b0100000, 0x00000000b0100000|100%| E|CS|TAMS 0x00000000b0000000, 0x00000000b0000000| Complete 
| 769|0x00000000b0100000, 0x00000000b0200000, 0x00000000b0200000|100%| E|CS|TAMS 0x00000000b0100000, 0x00000000b0100000| Complete 
| 770|0x00000000b0200000, 0x00000000b0300000, 0x00000000b0300000|100%| E|CS|TAMS 0x00000000b0200000, 0x00000000b0200000| Complete 
| 771|0x00000000b0300000, 0x00000000b0400000, 0x00000000b0400000|100%| E|CS|TAMS 0x00000000b0300000, 0x00000000b0300000| Complete 
| 772|0x00000000b0400000, 0x00000000b0500000, 0x00000000b0500000|100%| E|CS|TAMS 0x00000000b0400000, 0x00000000b0400000| Complete 
| 773|0x00000000b0500000, 0x00000000b0600000, 0x00000000b0600000|100%| E|CS|TAMS 0x00000000b0500000, 0x00000000b0500000| Complete 
| 774|0x00000000b0600000, 0x00000000b0700000, 0x00000000b0700000|100%| E|CS|TAMS 0x00000000b0600000, 0x00000000b0600000| Complete 
| 775|0x00000000b0700000, 0x00000000b0800000, 0x00000000b0800000|100%| E|CS|TAMS 0x00000000b0700000, 0x00000000b0700000| Complete 
| 776|0x00000000b0800000, 0x00000000b0900000, 0x00000000b0900000|100%| E|CS|TAMS 0x00000000b0800000, 0x00000000b0800000| Complete 
| 777|0x00000000b0900000, 0x00000000b0a00000, 0x00000000b0a00000|100%| E|CS|TAMS 0x00000000b0900000, 0x00000000b0900000| Complete 
| 778|0x00000000b0a00000, 0x00000000b0b00000, 0x00000000b0b00000|100%| E|CS|TAMS 0x00000000b0a00000, 0x00000000b0a00000| Complete 
| 779|0x00000000b0b00000, 0x00000000b0c00000, 0x00000000b0c00000|100%| E|CS|TAMS 0x00000000b0b00000, 0x00000000b0b00000| Complete 
| 780|0x00000000b0c00000, 0x00000000b0d00000, 0x00000000b0d00000|100%| E|CS|TAMS 0x00000000b0c00000, 0x00000000b0c00000| Complete 
| 781|0x00000000b0d00000, 0x00000000b0e00000, 0x00000000b0e00000|100%| E|CS|TAMS 0x00000000b0d00000, 0x00000000b0d00000| Complete 
| 782|0x00000000b0e00000, 0x00000000b0f00000, 0x00000000b0f00000|100%| E|CS|TAMS 0x00000000b0e00000, 0x00000000b0e00000| Complete 
| 783|0x00000000b0f00000, 0x00000000b1000000, 0x00000000b1000000|100%| E|CS|TAMS 0x00000000b0f00000, 0x00000000b0f00000| Complete 
| 784|0x00000000b1000000, 0x00000000b1100000, 0x00000000b1100000|100%| E|CS|TAMS 0x00000000b1000000, 0x00000000b1000000| Complete 
| 785|0x00000000b1100000, 0x00000000b1200000, 0x00000000b1200000|100%| E|CS|TAMS 0x00000000b1100000, 0x00000000b1100000| Complete 
| 786|0x00000000b1200000, 0x00000000b1300000, 0x00000000b1300000|100%| E|CS|TAMS 0x00000000b1200000, 0x00000000b1200000| Complete 
| 787|0x00000000b1300000, 0x00000000b1400000, 0x00000000b1400000|100%| E|CS|TAMS 0x00000000b1300000, 0x00000000b1300000| Complete 
| 788|0x00000000b1400000, 0x00000000b1500000, 0x00000000b1500000|100%| E|CS|TAMS 0x00000000b1400000, 0x00000000b1400000| Complete 
| 789|0x00000000b1500000, 0x00000000b1600000, 0x00000000b1600000|100%| E|CS|TAMS 0x00000000b1500000, 0x00000000b1500000| Complete 
| 790|0x00000000b1600000, 0x00000000b1700000, 0x00000000b1700000|100%| E|CS|TAMS 0x00000000b1600000, 0x00000000b1600000| Complete 
| 791|0x00000000b1700000, 0x00000000b1800000, 0x00000000b1800000|100%| E|CS|TAMS 0x00000000b1700000, 0x00000000b1700000| Complete 
| 792|0x00000000b1800000, 0x00000000b1900000, 0x00000000b1900000|100%| E|CS|TAMS 0x00000000b1800000, 0x00000000b1800000| Complete 
| 793|0x00000000b1900000, 0x00000000b1a00000, 0x00000000b1a00000|100%| E|CS|TAMS 0x00000000b1900000, 0x00000000b1900000| Complete 
| 794|0x00000000b1a00000, 0x00000000b1b00000, 0x00000000b1b00000|100%| E|CS|TAMS 0x00000000b1a00000, 0x00000000b1a00000| Complete 
| 795|0x00000000b1b00000, 0x00000000b1c00000, 0x00000000b1c00000|100%| E|CS|TAMS 0x00000000b1b00000, 0x00000000b1b00000| Complete 
| 796|0x00000000b1c00000, 0x00000000b1d00000, 0x00000000b1d00000|100%| E|CS|TAMS 0x00000000b1c00000, 0x00000000b1c00000| Complete 
| 797|0x00000000b1d00000, 0x00000000b1e00000, 0x00000000b1e00000|100%| E|CS|TAMS 0x00000000b1d00000, 0x00000000b1d00000| Complete 
| 798|0x00000000b1e00000, 0x00000000b1f00000, 0x00000000b1f00000|100%| E|CS|TAMS 0x00000000b1e00000, 0x00000000b1e00000| Complete 
| 799|0x00000000b1f00000, 0x00000000b2000000, 0x00000000b2000000|100%| E|CS|TAMS 0x00000000b1f00000, 0x00000000b1f00000| Complete 
| 800|0x00000000b2000000, 0x00000000b2100000, 0x00000000b2100000|100%| E|CS|TAMS 0x00000000b2000000, 0x00000000b2000000| Complete 
| 801|0x00000000b2100000, 0x00000000b2200000, 0x00000000b2200000|100%| E|CS|TAMS 0x00000000b2100000, 0x00000000b2100000| Complete 
| 802|0x00000000b2200000, 0x00000000b2300000, 0x00000000b2300000|100%| E|CS|TAMS 0x00000000b2200000, 0x00000000b2200000| Complete 
| 803|0x00000000b2300000, 0x00000000b2400000, 0x00000000b2400000|100%| E|CS|TAMS 0x00000000b2300000, 0x00000000b2300000| Complete 
| 804|0x00000000b2400000, 0x00000000b2500000, 0x00000000b2500000|100%| E|CS|TAMS 0x00000000b2400000, 0x00000000b2400000| Complete 
| 805|0x00000000b2500000, 0x00000000b2600000, 0x00000000b2600000|100%| E|CS|TAMS 0x00000000b2500000, 0x00000000b2500000| Complete 
| 806|0x00000000b2600000, 0x00000000b2700000, 0x00000000b2700000|100%| E|CS|TAMS 0x00000000b2600000, 0x00000000b2600000| Complete 
| 807|0x00000000b2700000, 0x00000000b2800000, 0x00000000b2800000|100%| E|CS|TAMS 0x00000000b2700000, 0x00000000b2700000| Complete 
| 808|0x00000000b2800000, 0x00000000b2900000, 0x00000000b2900000|100%| E|CS|TAMS 0x00000000b2800000, 0x00000000b2800000| Complete 
| 809|0x00000000b2900000, 0x00000000b2a00000, 0x00000000b2a00000|100%| E|CS|TAMS 0x00000000b2900000, 0x00000000b2900000| Complete 
| 810|0x00000000b2a00000, 0x00000000b2b00000, 0x00000000b2b00000|100%| E|CS|TAMS 0x00000000b2a00000, 0x00000000b2a00000| Complete 
| 811|0x00000000b2b00000, 0x00000000b2c00000, 0x00000000b2c00000|100%| E|CS|TAMS 0x00000000b2b00000, 0x00000000b2b00000| Complete 
| 812|0x00000000b2c00000, 0x00000000b2d00000, 0x00000000b2d00000|100%| E|CS|TAMS 0x00000000b2c00000, 0x00000000b2c00000| Complete 
| 813|0x00000000b2d00000, 0x00000000b2e00000, 0x00000000b2e00000|100%| E|CS|TAMS 0x00000000b2d00000, 0x00000000b2d00000| Complete 
| 814|0x00000000b2e00000, 0x00000000b2f00000, 0x00000000b2f00000|100%| E|CS|TAMS 0x00000000b2e00000, 0x00000000b2e00000| Complete 
| 815|0x00000000b2f00000, 0x00000000b3000000, 0x00000000b3000000|100%| E|CS|TAMS 0x00000000b2f00000, 0x00000000b2f00000| Complete 
| 816|0x00000000b3000000, 0x00000000b3100000, 0x00000000b3100000|100%| E|CS|TAMS 0x00000000b3000000, 0x00000000b3000000| Complete 
| 817|0x00000000b3100000, 0x00000000b3200000, 0x00000000b3200000|100%| E|CS|TAMS 0x00000000b3100000, 0x00000000b3100000| Complete 
| 818|0x00000000b3200000, 0x00000000b3300000, 0x00000000b3300000|100%| E|CS|TAMS 0x00000000b3200000, 0x00000000b3200000| Complete 
| 819|0x00000000b3300000, 0x00000000b3400000, 0x00000000b3400000|100%| E|CS|TAMS 0x00000000b3300000, 0x00000000b3300000| Complete 
| 820|0x00000000b3400000, 0x00000000b3500000, 0x00000000b3500000|100%| E|CS|TAMS 0x00000000b3400000, 0x00000000b3400000| Complete 
| 821|0x00000000b3500000, 0x00000000b3600000, 0x00000000b3600000|100%| E|CS|TAMS 0x00000000b3500000, 0x00000000b3500000| Complete 
| 822|0x00000000b3600000, 0x00000000b3700000, 0x00000000b3700000|100%| E|CS|TAMS 0x00000000b3600000, 0x00000000b3600000| Complete 
| 823|0x00000000b3700000, 0x00000000b3800000, 0x00000000b3800000|100%| E|CS|TAMS 0x00000000b3700000, 0x00000000b3700000| Complete 
| 824|0x00000000b3800000, 0x00000000b3900000, 0x00000000b3900000|100%| E|CS|TAMS 0x00000000b3800000, 0x00000000b3800000| Complete 
| 825|0x00000000b3900000, 0x00000000b3a00000, 0x00000000b3a00000|100%| E|CS|TAMS 0x00000000b3900000, 0x00000000b3900000| Complete 
| 826|0x00000000b3a00000, 0x00000000b3b00000, 0x00000000b3b00000|100%| E|CS|TAMS 0x00000000b3a00000, 0x00000000b3a00000| Complete 
| 827|0x00000000b3b00000, 0x00000000b3c00000, 0x00000000b3c00000|100%| E|CS|TAMS 0x00000000b3b00000, 0x00000000b3b00000| Complete 
| 828|0x00000000b3c00000, 0x00000000b3d00000, 0x00000000b3d00000|100%| E|CS|TAMS 0x00000000b3c00000, 0x00000000b3c00000| Complete 
| 829|0x00000000b3d00000, 0x00000000b3e00000, 0x00000000b3e00000|100%| E|CS|TAMS 0x00000000b3d00000, 0x00000000b3d00000| Complete 
| 830|0x00000000b3e00000, 0x00000000b3f00000, 0x00000000b3f00000|100%| E|CS|TAMS 0x00000000b3e00000, 0x00000000b3e00000| Complete 
| 831|0x00000000b3f00000, 0x00000000b4000000, 0x00000000b4000000|100%| E|CS|TAMS 0x00000000b3f00000, 0x00000000b3f00000| Complete 
| 832|0x00000000b4000000, 0x00000000b4100000, 0x00000000b4100000|100%| E|CS|TAMS 0x00000000b4000000, 0x00000000b4000000| Complete 
| 833|0x00000000b4100000, 0x00000000b4200000, 0x00000000b4200000|100%| E|CS|TAMS 0x00000000b4100000, 0x00000000b4100000| Complete 
| 834|0x00000000b4200000, 0x00000000b4300000, 0x00000000b4300000|100%| E|CS|TAMS 0x00000000b4200000, 0x00000000b4200000| Complete 
| 835|0x00000000b4300000, 0x00000000b4400000, 0x00000000b4400000|100%| E|CS|TAMS 0x00000000b4300000, 0x00000000b4300000| Complete 
| 836|0x00000000b4400000, 0x00000000b4500000, 0x00000000b4500000|100%| E|CS|TAMS 0x00000000b4400000, 0x00000000b4400000| Complete 
| 837|0x00000000b4500000, 0x00000000b4600000, 0x00000000b4600000|100%| E|CS|TAMS 0x00000000b4500000, 0x00000000b4500000| Complete 
| 838|0x00000000b4600000, 0x00000000b4700000, 0x00000000b4700000|100%| E|CS|TAMS 0x00000000b4600000, 0x00000000b4600000| Complete 
| 839|0x00000000b4700000, 0x00000000b4800000, 0x00000000b4800000|100%| E|CS|TAMS 0x00000000b4700000, 0x00000000b4700000| Complete 
| 840|0x00000000b4800000, 0x00000000b4900000, 0x00000000b4900000|100%| E|CS|TAMS 0x00000000b4800000, 0x00000000b4800000| Complete 
| 841|0x00000000b4900000, 0x00000000b4a00000, 0x00000000b4a00000|100%| E|CS|TAMS 0x00000000b4900000, 0x00000000b4900000| Complete 
| 842|0x00000000b4a00000, 0x00000000b4b00000, 0x00000000b4b00000|100%| E|CS|TAMS 0x00000000b4a00000, 0x00000000b4a00000| Complete 
| 843|0x00000000b4b00000, 0x00000000b4c00000, 0x00000000b4c00000|100%| E|CS|TAMS 0x00000000b4b00000, 0x00000000b4b00000| Complete 
| 844|0x00000000b4c00000, 0x00000000b4d00000, 0x00000000b4d00000|100%| E|CS|TAMS 0x00000000b4c00000, 0x00000000b4c00000| Complete 
| 845|0x00000000b4d00000, 0x00000000b4e00000, 0x00000000b4e00000|100%| E|CS|TAMS 0x00000000b4d00000, 0x00000000b4d00000| Complete 
| 846|0x00000000b4e00000, 0x00000000b4f00000, 0x00000000b4f00000|100%| E|CS|TAMS 0x00000000b4e00000, 0x00000000b4e00000| Complete 
| 847|0x00000000b4f00000, 0x00000000b5000000, 0x00000000b5000000|100%| E|CS|TAMS 0x00000000b4f00000, 0x00000000b4f00000| Complete 
| 848|0x00000000b5000000, 0x00000000b5100000, 0x00000000b5100000|100%| E|CS|TAMS 0x00000000b5000000, 0x00000000b5000000| Complete 
| 849|0x00000000b5100000, 0x00000000b5200000, 0x00000000b5200000|100%| E|CS|TAMS 0x00000000b5100000, 0x00000000b5100000| Complete 
| 850|0x00000000b5200000, 0x00000000b5300000, 0x00000000b5300000|100%| E|CS|TAMS 0x00000000b5200000, 0x00000000b5200000| Complete 
| 851|0x00000000b5300000, 0x00000000b5400000, 0x00000000b5400000|100%| E|CS|TAMS 0x00000000b5300000, 0x00000000b5300000| Complete 
| 852|0x00000000b5400000, 0x00000000b5500000, 0x00000000b5500000|100%| E|CS|TAMS 0x00000000b5400000, 0x00000000b5400000| Complete 
| 853|0x00000000b5500000, 0x00000000b5600000, 0x00000000b5600000|100%| E|CS|TAMS 0x00000000b5500000, 0x00000000b5500000| Complete 
| 854|0x00000000b5600000, 0x00000000b5700000, 0x00000000b5700000|100%| E|CS|TAMS 0x00000000b5600000, 0x00000000b5600000| Complete 
| 855|0x00000000b5700000, 0x00000000b5800000, 0x00000000b5800000|100%| E|CS|TAMS 0x00000000b5700000, 0x00000000b5700000| Complete 
| 856|0x00000000b5800000, 0x00000000b5900000, 0x00000000b5900000|100%| E|CS|TAMS 0x00000000b5800000, 0x00000000b5800000| Complete 
| 857|0x00000000b5900000, 0x00000000b5a00000, 0x00000000b5a00000|100%| E|CS|TAMS 0x00000000b5900000, 0x00000000b5900000| Complete 
| 858|0x00000000b5a00000, 0x00000000b5b00000, 0x00000000b5b00000|100%| E|CS|TAMS 0x00000000b5a00000, 0x00000000b5a00000| Complete 
| 859|0x00000000b5b00000, 0x00000000b5c00000, 0x00000000b5c00000|100%| E|CS|TAMS 0x00000000b5b00000, 0x00000000b5b00000| Complete 
| 860|0x00000000b5c00000, 0x00000000b5d00000, 0x00000000b5d00000|100%| E|CS|TAMS 0x00000000b5c00000, 0x00000000b5c00000| Complete 
| 861|0x00000000b5d00000, 0x00000000b5e00000, 0x00000000b5e00000|100%| E|CS|TAMS 0x00000000b5d00000, 0x00000000b5d00000| Complete 
| 862|0x00000000b5e00000, 0x00000000b5f00000, 0x00000000b5f00000|100%| E|CS|TAMS 0x00000000b5e00000, 0x00000000b5e00000| Complete 
| 863|0x00000000b5f00000, 0x00000000b6000000, 0x00000000b6000000|100%| E|CS|TAMS 0x00000000b5f00000, 0x00000000b5f00000| Complete 
| 864|0x00000000b6000000, 0x00000000b6100000, 0x00000000b6100000|100%| E|CS|TAMS 0x00000000b6000000, 0x00000000b6000000| Complete 
| 865|0x00000000b6100000, 0x00000000b6200000, 0x00000000b6200000|100%| E|CS|TAMS 0x00000000b6100000, 0x00000000b6100000| Complete 
| 866|0x00000000b6200000, 0x00000000b6300000, 0x00000000b6300000|100%| E|CS|TAMS 0x00000000b6200000, 0x00000000b6200000| Complete 
| 867|0x00000000b6300000, 0x00000000b6400000, 0x00000000b6400000|100%| E|CS|TAMS 0x00000000b6300000, 0x00000000b6300000| Complete 
| 868|0x00000000b6400000, 0x00000000b6500000, 0x00000000b6500000|100%| E|CS|TAMS 0x00000000b6400000, 0x00000000b6400000| Complete 
| 869|0x00000000b6500000, 0x00000000b6600000, 0x00000000b6600000|100%| E|CS|TAMS 0x00000000b6500000, 0x00000000b6500000| Complete 
| 870|0x00000000b6600000, 0x00000000b6700000, 0x00000000b6700000|100%| E|CS|TAMS 0x00000000b6600000, 0x00000000b6600000| Complete 
| 871|0x00000000b6700000, 0x00000000b6800000, 0x00000000b6800000|100%| E|CS|TAMS 0x00000000b6700000, 0x00000000b6700000| Complete 
| 872|0x00000000b6800000, 0x00000000b6900000, 0x00000000b6900000|100%| E|CS|TAMS 0x00000000b6800000, 0x00000000b6800000| Complete 
| 873|0x00000000b6900000, 0x00000000b6a00000, 0x00000000b6a00000|100%| E|CS|TAMS 0x00000000b6900000, 0x00000000b6900000| Complete 
| 874|0x00000000b6a00000, 0x00000000b6b00000, 0x00000000b6b00000|100%| E|CS|TAMS 0x00000000b6a00000, 0x00000000b6a00000| Complete 
| 875|0x00000000b6b00000, 0x00000000b6c00000, 0x00000000b6c00000|100%| E|CS|TAMS 0x00000000b6b00000, 0x00000000b6b00000| Complete 
| 876|0x00000000b6c00000, 0x00000000b6d00000, 0x00000000b6d00000|100%| E|CS|TAMS 0x00000000b6c00000, 0x00000000b6c00000| Complete 
| 877|0x00000000b6d00000, 0x00000000b6e00000, 0x00000000b6e00000|100%| E|CS|TAMS 0x00000000b6d00000, 0x00000000b6d00000| Complete 
| 878|0x00000000b6e00000, 0x00000000b6f00000, 0x00000000b6f00000|100%| E|CS|TAMS 0x00000000b6e00000, 0x00000000b6e00000| Complete 
| 879|0x00000000b6f00000, 0x00000000b7000000, 0x00000000b7000000|100%| E|CS|TAMS 0x00000000b6f00000, 0x00000000b6f00000| Complete 
| 880|0x00000000b7000000, 0x00000000b7100000, 0x00000000b7100000|100%| E|CS|TAMS 0x00000000b7000000, 0x00000000b7000000| Complete 
| 881|0x00000000b7100000, 0x00000000b7200000, 0x00000000b7200000|100%| E|CS|TAMS 0x00000000b7100000, 0x00000000b7100000| Complete 
| 882|0x00000000b7200000, 0x00000000b7300000, 0x00000000b7300000|100%| E|CS|TAMS 0x00000000b7200000, 0x00000000b7200000| Complete 
| 883|0x00000000b7300000, 0x00000000b7400000, 0x00000000b7400000|100%| E|CS|TAMS 0x00000000b7300000, 0x00000000b7300000| Complete 
| 884|0x00000000b7400000, 0x00000000b7500000, 0x00000000b7500000|100%| E|CS|TAMS 0x00000000b7400000, 0x00000000b7400000| Complete 
| 885|0x00000000b7500000, 0x00000000b7600000, 0x00000000b7600000|100%| E|CS|TAMS 0x00000000b7500000, 0x00000000b7500000| Complete 
| 886|0x00000000b7600000, 0x00000000b7700000, 0x00000000b7700000|100%| E|CS|TAMS 0x00000000b7600000, 0x00000000b7600000| Complete 
| 887|0x00000000b7700000, 0x00000000b7800000, 0x00000000b7800000|100%| E|CS|TAMS 0x00000000b7700000, 0x00000000b7700000| Complete 
| 888|0x00000000b7800000, 0x00000000b7900000, 0x00000000b7900000|100%| E|CS|TAMS 0x00000000b7800000, 0x00000000b7800000| Complete 
| 889|0x00000000b7900000, 0x00000000b7a00000, 0x00000000b7a00000|100%| E|CS|TAMS 0x00000000b7900000, 0x00000000b7900000| Complete 
| 890|0x00000000b7a00000, 0x00000000b7b00000, 0x00000000b7b00000|100%| E|CS|TAMS 0x00000000b7a00000, 0x00000000b7a00000| Complete 
| 891|0x00000000b7b00000, 0x00000000b7c00000, 0x00000000b7c00000|100%| E|CS|TAMS 0x00000000b7b00000, 0x00000000b7b00000| Complete 
| 892|0x00000000b7c00000, 0x00000000b7d00000, 0x00000000b7d00000|100%| E|CS|TAMS 0x00000000b7c00000, 0x00000000b7c00000| Complete 
| 893|0x00000000b7d00000, 0x00000000b7e00000, 0x00000000b7e00000|100%| E|CS|TAMS 0x00000000b7d00000, 0x00000000b7d00000| Complete 
| 894|0x00000000b7e00000, 0x00000000b7f00000, 0x00000000b7f00000|100%| E|CS|TAMS 0x00000000b7e00000, 0x00000000b7e00000| Complete 
| 895|0x00000000b7f00000, 0x00000000b8000000, 0x00000000b8000000|100%| E|CS|TAMS 0x00000000b7f00000, 0x00000000b7f00000| Complete 
| 896|0x00000000b8000000, 0x00000000b8100000, 0x00000000b8100000|100%| E|CS|TAMS 0x00000000b8000000, 0x00000000b8000000| Complete 
| 897|0x00000000b8100000, 0x00000000b8200000, 0x00000000b8200000|100%| E|CS|TAMS 0x00000000b8100000, 0x00000000b8100000| Complete 
| 898|0x00000000b8200000, 0x00000000b8300000, 0x00000000b8300000|100%| E|CS|TAMS 0x00000000b8200000, 0x00000000b8200000| Complete 
| 899|0x00000000b8300000, 0x00000000b8400000, 0x00000000b8400000|100%| E|CS|TAMS 0x00000000b8300000, 0x00000000b8300000| Complete 
| 900|0x00000000b8400000, 0x00000000b8500000, 0x00000000b8500000|100%| E|CS|TAMS 0x00000000b8400000, 0x00000000b8400000| Complete 
| 901|0x00000000b8500000, 0x00000000b8600000, 0x00000000b8600000|100%| E|CS|TAMS 0x00000000b8500000, 0x00000000b8500000| Complete 
| 902|0x00000000b8600000, 0x00000000b8700000, 0x00000000b8700000|100%| E|CS|TAMS 0x00000000b8600000, 0x00000000b8600000| Complete 
| 903|0x00000000b8700000, 0x00000000b8800000, 0x00000000b8800000|100%| E|CS|TAMS 0x00000000b8700000, 0x00000000b8700000| Complete 
| 904|0x00000000b8800000, 0x00000000b8900000, 0x00000000b8900000|100%| E|CS|TAMS 0x00000000b8800000, 0x00000000b8800000| Complete 
| 905|0x00000000b8900000, 0x00000000b8a00000, 0x00000000b8a00000|100%| E|CS|TAMS 0x00000000b8900000, 0x00000000b8900000| Complete 
| 906|0x00000000b8a00000, 0x00000000b8b00000, 0x00000000b8b00000|100%| E|CS|TAMS 0x00000000b8a00000, 0x00000000b8a00000| Complete 
| 907|0x00000000b8b00000, 0x00000000b8c00000, 0x00000000b8c00000|100%| E|CS|TAMS 0x00000000b8b00000, 0x00000000b8b00000| Complete 
| 908|0x00000000b8c00000, 0x00000000b8d00000, 0x00000000b8d00000|100%| E|CS|TAMS 0x00000000b8c00000, 0x00000000b8c00000| Complete 
| 909|0x00000000b8d00000, 0x00000000b8e00000, 0x00000000b8e00000|100%| E|CS|TAMS 0x00000000b8d00000, 0x00000000b8d00000| Complete 

Card table byte_map: [0x000002125a220000,0x000002125a620000] _byte_map_base: 0x0000021259e20000

Marking Bits (Prev, Next): (CMBitMap*) 0x000002124409cf10, (CMBitMap*) 0x000002124409cf50
 Prev Bits: [0x000002125aa20000, 0x000002125ca20000)
 Next Bits: [0x000002125ca20000, 0x000002125ea20000)

Polling page: 0x0000021244240000

Metaspace:

Usage:
  Non-class:    218.21 MB used.
      Class:     33.17 MB used.
       Both:    251.37 MB used.

Virtual space:
  Non-class space:      256.00 MB reserved,     219.00 MB ( 86%) committed,  4 nodes.
      Class space:      416.00 MB reserved,      33.94 MB (  8%) committed,  1 nodes.
             Both:      672.00 MB reserved,     252.94 MB ( 38%) committed. 

Chunk freelists:
   Non-Class:  4.32 MB
       Class:  13.94 MB
        Both:  18.27 MB

MaxMetaspaceSize: 512.00 MB
CompressedClassSpaceSize: 416.00 MB
Initial GC threshold: 21.00 MB
Current GC threshold: 419.94 MB
CDS: off
MetaspaceReclaimPolicy: balanced
 - commit_granule_bytes: 65536.
 - commit_granule_words: 8192.
 - virtual_space_node_default_size: 8388608.
 - enlarge_chunks_in_place: 1.
 - new_chunks_are_fully_committed: 0.
 - uncommit_free_chunks: 1.
 - use_allocation_guard: 0.
 - handle_deallocations: 1.


Internal statistics:

num_allocs_failed_limit: 15.
num_arena_births: 2626.
num_arena_deaths: 70.
num_vsnodes_births: 5.
num_vsnodes_deaths: 0.
num_space_committed: 4054.
num_space_uncommitted: 11.
num_chunks_returned_to_freelist: 170.
num_chunks_taken_from_freelist: 12980.
num_chunk_merges: 60.
num_chunk_splits: 9028.
num_chunks_enlarged: 6511.
num_inconsistent_stats: 0.

CodeHeap 'non-profiled nmethods': size=127360Kb used=19959Kb max_used=19959Kb free=107400Kb
 bounds [0x00000212511e0000, 0x0000021252590000, 0x0000021258e40000]
CodeHeap 'profiled nmethods': size=127296Kb used=80253Kb max_used=80253Kb free=47042Kb
 bounds [0x0000021248e40000, 0x000002124dca0000, 0x0000021250a90000]
CodeHeap 'non-nmethods': size=7488Kb used=4443Kb max_used=4509Kb free=3045Kb
 bounds [0x0000021250a90000, 0x0000021250f20000, 0x00000212511e0000]
 total_blobs=37030 nmethods=35693 adapters=1243
 compilation: enabled
              stopped_count=0, restarted_count=0
 full_count=0

Compilation events (20 events):
Event: 106.977 Thread 0x0000021267496ec0 44364       2       com.android.tools.r8.internal.cT::a (91 bytes)
Event: 106.977 Thread 0x000002126c71b800 nmethod 44363 0x000002124dc9c910 code [0x000002124dc9caa0, 0x000002124dc9cbb8]
Event: 106.978 Thread 0x0000021267496ec0 nmethod 44364 0x000002124dc9cc90 code [0x000002124dc9ce80, 0x000002124dc9d188]
Event: 106.980 Thread 0x000002126c71b800 44365       2       com.android.tools.r8.synthesis.V::c (2 bytes)
Event: 106.980 Thread 0x000002126c71b800 nmethod 44365 0x000002124dc9d390 code [0x000002124dc9d520, 0x000002124dc9d638]
Event: 106.983 Thread 0x0000021261bcedf0 44366       2       com.android.tools.r8.internal.Zk0::<init> (10 bytes)
Event: 106.983 Thread 0x0000021261bcedf0 nmethod 44366 0x000002124dc9d710 code [0x000002124dc9d8a0, 0x000002124dc9d9c8]
Event: 106.987 Thread 0x0000021261bcedf0 44367       2       com.android.tools.r8.graph.B2::E (2 bytes)
Event: 106.987 Thread 0x0000021261bcedf0 nmethod 44367 0x000002124dc9da90 code [0x000002124dc9dc20, 0x000002124dc9dd38]
Event: 106.996 Thread 0x0000021267496ec0 44368       2       com.android.tools.r8.internal.Qt0::b (92 bytes)
Event: 106.996 Thread 0x000002126a8fbc20 44369       2       com.android.tools.r8.internal.Qt0::a (99 bytes)
Event: 106.996 Thread 0x000002126a8fbc20 nmethod 44369 0x000002124dc9de10 code [0x000002124dc9dfc0, 0x000002124dc9e258]
Event: 106.996 Thread 0x0000021267496ec0 nmethod 44368 0x000002124dc9e510 code [0x000002124dc9e6e0, 0x000002124dc9e9f8]
Event: 106.999 Thread 0x000002126c71b800 44370       1       com.android.tools.r8.internal.MQ::a (5 bytes)
Event: 106.999 Thread 0x0000021267496ec0 44371       1       com.android.tools.r8.internal.Lt0::a (2 bytes)
Event: 106.999 Thread 0x000002126c71b800 nmethod 44370 0x0000021251567590 code [0x0000021251567720, 0x00000212515677d8]
Event: 106.999 Thread 0x0000021267496ec0 nmethod 44371 0x0000021251567290 code [0x0000021251567420, 0x00000212515674f8]
Event: 107.001 Thread 0x0000021267496ec0 44375       3       com.android.tools.r8.internal.P5::a (36 bytes)
Event: 107.002 Thread 0x0000021267496ec0 nmethod 44375 0x000002124dc9ed90 code [0x000002124dc9ef80, 0x000002124dc9f4c8]
Event: 107.002 Thread 0x000002126c71b800 44376       2       com.android.tools.r8.internal.Tg::<init> (40 bytes)

GC Heap History (20 events):
Event: 94.043 GC heap before
{Heap before GC invocations=126 (full 0):
 garbage-first heap   total 882688K, used 542124K [0x0000000080000000, 0x0000000100000000)
  region size 1024K, 44 young (45056K), 5 survivors (5120K)
 Metaspace       used 230961K, committed 232448K, reserved 688128K
  class space    used 29351K, committed 30080K, reserved 425984K
}
Event: 94.054 GC heap after
{Heap after GC invocations=127 (full 0):
 garbage-first heap   total 882688K, used 441085K [0x0000000080000000, 0x0000000100000000)
  region size 1024K, 5 young (5120K), 5 survivors (5120K)
 Metaspace       used 230961K, committed 232448K, reserved 688128K
  class space    used 29351K, committed 30080K, reserved 425984K
}
Event: 100.742 GC heap before
{Heap before GC invocations=127 (full 0):
 garbage-first heap   total 882688K, used 754429K [0x0000000080000000, 0x0000000100000000)
  region size 1024K, 312 young (319488K), 5 survivors (5120K)
 Metaspace       used 239335K, committed 240768K, reserved 688128K
  class space    used 30671K, committed 31360K, reserved 425984K
}
Event: 100.800 GC heap after
{Heap after GC invocations=128 (full 0):
 garbage-first heap   total 882688K, used 339954K [0x0000000080000000, 0x0000000100000000)
  region size 1024K, 39 young (39936K), 39 survivors (39936K)
 Metaspace       used 239335K, committed 240768K, reserved 688128K
  class space    used 30671K, committed 31360K, reserved 425984K
}
Event: 102.033 GC heap before
{Heap before GC invocations=128 (full 0):
 garbage-first heap   total 882688K, used 689138K [0x0000000080000000, 0x0000000100000000)
  region size 1024K, 381 young (390144K), 39 survivors (39936K)
 Metaspace       used 248390K, committed 249792K, reserved 688128K
  class space    used 32567K, committed 33216K, reserved 425984K
}
Event: 102.095 GC heap after
{Heap after GC invocations=129 (full 0):
 garbage-first heap   total 882688K, used 383696K [0x0000000080000000, 0x0000000100000000)
  region size 1024K, 48 young (49152K), 48 survivors (49152K)
 Metaspace       used 248390K, committed 249792K, reserved 688128K
  class space    used 32567K, committed 33216K, reserved 425984K
}
Event: 103.088 GC heap before
{Heap before GC invocations=129 (full 0):
 garbage-first heap   total 882688K, used 680656K [0x0000000080000000, 0x0000000100000000)
  region size 1024K, 339 young (347136K), 48 survivors (49152K)
 Metaspace       used 253869K, committed 255360K, reserved 688128K
  class space    used 33565K, committed 34304K, reserved 425984K
}
Event: 103.150 GC heap after
{Heap after GC invocations=130 (full 0):
 garbage-first heap   total 882688K, used 412436K [0x0000000080000000, 0x0000000100000000)
  region size 1024K, 27 young (27648K), 27 survivors (27648K)
 Metaspace       used 253869K, committed 255360K, reserved 688128K
  class space    used 33565K, committed 34304K, reserved 425984K
}
Event: 104.025 GC heap before
{Heap before GC invocations=130 (full 0):
 garbage-first heap   total 882688K, used 697108K [0x0000000080000000, 0x0000000100000000)
  region size 1024K, 305 young (312320K), 27 survivors (27648K)
 Metaspace       used 255055K, committed 256576K, reserved 688128K
  class space    used 33743K, committed 34496K, reserved 425984K
}
Event: 104.054 GC heap after
{Heap after GC invocations=131 (full 0):
 garbage-first heap   total 882688K, used 416689K [0x0000000080000000, 0x0000000100000000)
  region size 1024K, 6 young (6144K), 6 survivors (6144K)
 Metaspace       used 255055K, committed 256576K, reserved 688128K
  class space    used 33743K, committed 34496K, reserved 425984K
}
Event: 105.442 GC heap before
{Heap before GC invocations=132 (full 0):
 garbage-first heap   total 882688K, used 714673K [0x0000000080000000, 0x0000000100000000)
  region size 1024K, 298 young (305152K), 6 survivors (6144K)
 Metaspace       used 256923K, committed 258496K, reserved 688128K
  class space    used 33936K, committed 34688K, reserved 425984K
}
Event: 105.449 GC heap after
{Heap after GC invocations=133 (full 0):
 garbage-first heap   total 882688K, used 420997K [0x0000000080000000, 0x0000000100000000)
  region size 1024K, 10 young (10240K), 10 survivors (10240K)
 Metaspace       used 256923K, committed 258496K, reserved 688128K
  class space    used 33936K, committed 34688K, reserved 425984K
}
Event: 105.536 GC heap before
{Heap before GC invocations=133 (full 0):
 garbage-first heap   total 882688K, used 454789K [0x0000000080000000, 0x0000000100000000)
  region size 1024K, 43 young (44032K), 10 survivors (10240K)
 Metaspace       used 256969K, committed 258496K, reserved 688128K
  class space    used 33940K, committed 34688K, reserved 425984K
}
Event: 105.556 GC heap after
{Heap after GC invocations=134 (full 0):
 garbage-first heap   total 882688K, used 413188K [0x0000000080000000, 0x0000000100000000)
  region size 1024K, 4 young (4096K), 4 survivors (4096K)
 Metaspace       used 256969K, committed 258496K, reserved 688128K
  class space    used 33940K, committed 34688K, reserved 425984K
}
Event: 105.910 GC heap before
{Heap before GC invocations=134 (full 0):
 garbage-first heap   total 882688K, used 725508K [0x0000000080000000, 0x0000000100000000)
  region size 1024K, 309 young (316416K), 4 survivors (4096K)
 Metaspace       used 257297K, committed 258816K, reserved 688128K
  class space    used 33961K, committed 34688K, reserved 425984K
}
Event: 105.920 GC heap after
{Heap after GC invocations=135 (full 0):
 garbage-first heap   total 931840K, used 430228K [0x0000000080000000, 0x0000000100000000)
  region size 1024K, 21 young (21504K), 21 survivors (21504K)
 Metaspace       used 257297K, committed 258816K, reserved 688128K
  class space    used 33961K, committed 34688K, reserved 425984K
}
Event: 106.213 GC heap before
{Heap before GC invocations=135 (full 0):
 garbage-first heap   total 931840K, used 765076K [0x0000000080000000, 0x0000000100000000)
  region size 1024K, 348 young (356352K), 21 survivors (21504K)
 Metaspace       used 257375K, committed 258944K, reserved 688128K
  class space    used 33969K, committed 34752K, reserved 425984K
}
Event: 106.231 GC heap after
{Heap after GC invocations=136 (full 0):
 garbage-first heap   total 931840K, used 445533K [0x0000000080000000, 0x0000000100000000)
  region size 1024K, 35 young (35840K), 35 survivors (35840K)
 Metaspace       used 257375K, committed 258944K, reserved 688128K
  class space    used 33969K, committed 34752K, reserved 425984K
}
Event: 106.607 GC heap before
{Heap before GC invocations=136 (full 0):
 garbage-first heap   total 931840K, used 769117K [0x0000000080000000, 0x0000000100000000)
  region size 1024K, 352 young (360448K), 35 survivors (35840K)
 Metaspace       used 257420K, committed 259008K, reserved 688128K
  class space    used 33972K, committed 34752K, reserved 425984K
}
Event: 106.633 GC heap after
{Heap after GC invocations=137 (full 0):
 garbage-first heap   total 931840K, used 462423K [0x0000000080000000, 0x0000000100000000)
  region size 1024K, 40 young (40960K), 40 survivors (40960K)
 Metaspace       used 257420K, committed 259008K, reserved 688128K
  class space    used 33972K, committed 34752K, reserved 425984K
}

Dll operation events (3 events):
Event: 0.016 Loaded shared library C:\Program Files\Android\Android Studio\jbr\bin\java.dll
Event: 0.145 Loaded shared library C:\Program Files\Android\Android Studio\jbr\bin\zip.dll
Event: 0.482 Loaded shared library C:\Program Files\Android\Android Studio\jbr\bin\verify.dll

Deoptimization events (20 events):
Event: 106.788 Thread 0x0000021269bf80b0 DEOPT PACKING pc=0x000002124db0d659 sp=0x0000001b3def8de0
Event: 106.788 Thread 0x0000021269bf80b0 DEOPT UNPACKING pc=0x0000021250aeace3 sp=0x0000001b3def8398 mode 0
Event: 106.793 Thread 0x000002126ba20340 DEOPT PACKING pc=0x000002124d156144 sp=0x0000001b48cf9ba0
Event: 106.793 Thread 0x000002126ba20340 DEOPT UNPACKING pc=0x0000021250aeace3 sp=0x0000001b48cf9320 mode 0
Event: 106.799 Thread 0x000002126ba20340 DEOPT PACKING pc=0x000002124d156144 sp=0x0000001b48cf9b70
Event: 106.799 Thread 0x000002126ba20340 DEOPT UNPACKING pc=0x0000021250aeace3 sp=0x0000001b48cf92f0 mode 0
Event: 106.808 Thread 0x000002126ba20340 DEOPT PACKING pc=0x000002124d156144 sp=0x0000001b48cf9ba0
Event: 106.808 Thread 0x000002126ba20340 DEOPT UNPACKING pc=0x0000021250aeace3 sp=0x0000001b48cf9320 mode 0
Event: 106.838 Thread 0x000002126ba20340 Uncommon trap: trap_request=0xffffffde fr.pc=0x0000021252434360 relative=0x00000000000051c0
Event: 106.838 Thread 0x000002126ba20340 Uncommon trap: reason=class_check action=maybe_recompile pc=0x0000021252434360 method=com.android.tools.r8.ir.optimize.F.a(Ljava/util/Queue;Lcom/android/tools/r8/internal/FA;Lcom/android/tools/r8/internal/P5;Lcom/android/tools/r8/ir/optimize/a;Lcom/androi
Event: 106.838 Thread 0x000002126ba20340 DEOPT PACKING pc=0x0000021252434360 sp=0x0000001b48cf9d60
Event: 106.838 Thread 0x000002126ba20340 DEOPT UNPACKING pc=0x0000021250aea1a3 sp=0x0000001b48cf9d50 mode 2
Event: 106.842 Thread 0x000002126ba20340 Uncommon trap: trap_request=0xffffffde fr.pc=0x0000021252434360 relative=0x00000000000051c0
Event: 106.842 Thread 0x000002126ba20340 Uncommon trap: reason=class_check action=maybe_recompile pc=0x0000021252434360 method=com.android.tools.r8.ir.optimize.F.a(Ljava/util/Queue;Lcom/android/tools/r8/internal/FA;Lcom/android/tools/r8/internal/P5;Lcom/android/tools/r8/ir/optimize/a;Lcom/androi
Event: 106.842 Thread 0x000002126ba20340 DEOPT PACKING pc=0x0000021252434360 sp=0x0000001b48cf9d60
Event: 106.842 Thread 0x000002126ba20340 DEOPT UNPACKING pc=0x0000021250aea1a3 sp=0x0000001b48cf9d50 mode 2
Event: 106.873 Thread 0x000002126a8fd1d0 DEOPT PACKING pc=0x00000212492b8fd7 sp=0x0000001b485f9b40
Event: 106.873 Thread 0x000002126a8fd1d0 DEOPT UNPACKING pc=0x0000021250aeace3 sp=0x0000001b485f9048 mode 0
Event: 106.895 Thread 0x000002126a8fd1d0 DEOPT PACKING pc=0x000002124db0d659 sp=0x0000001b485f8d10
Event: 106.895 Thread 0x000002126a8fd1d0 DEOPT UNPACKING pc=0x0000021250aeace3 sp=0x0000001b485f82c8 mode 0

Classes unloaded (20 events):
Event: 107.003 Thread 0x0000021261462060 Unloading class 0x0000000102189800 'java/lang/invoke/LambdaForm$MH+0x0000000102189800'
Event: 107.004 Thread 0x0000021261462060 Unloading class 0x0000000102189000 'java/lang/invoke/LambdaForm$DMH+0x0000000102189000'
Event: 107.004 Thread 0x0000021261462060 Unloading class 0x0000000102188800 'java/lang/invoke/LambdaForm$DMH+0x0000000102188800'
Event: 107.004 Thread 0x0000021261462060 Unloading class 0x0000000102188000 'java/lang/invoke/LambdaForm$DMH+0x0000000102188000'
Event: 107.004 Thread 0x0000021261462060 Unloading class 0x0000000102124800 'java/lang/invoke/LambdaForm$DMH+0x0000000102124800'
Event: 107.004 Thread 0x0000021261462060 Unloading class 0x0000000102124000 'java/lang/invoke/LambdaForm$DMH+0x0000000102124000'
Event: 107.004 Thread 0x0000021261462060 Unloading class 0x0000000102118400 'java/lang/invoke/LambdaForm$DMH+0x0000000102118400'
Event: 107.004 Thread 0x0000021261462060 Unloading class 0x0000000102118800 'java/lang/invoke/LambdaForm$DMH+0x0000000102118800'
Event: 107.004 Thread 0x0000021261462060 Unloading class 0x0000000102084c00 'java/lang/invoke/LambdaForm$DMH+0x0000000102084c00'
Event: 107.004 Thread 0x0000021261462060 Unloading class 0x0000000102084800 'java/lang/invoke/LambdaForm$DMH+0x0000000102084800'
Event: 107.004 Thread 0x0000021261462060 Unloading class 0x0000000102084400 'java/lang/invoke/LambdaForm$DMH+0x0000000102084400'
Event: 107.004 Thread 0x0000021261462060 Unloading class 0x000000010200c400 'java/lang/invoke/LambdaForm$DMH+0x000000010200c400'
Event: 107.004 Thread 0x0000021261462060 Unloading class 0x0000000101eddc00 'java/lang/invoke/LambdaForm$DMH+0x0000000101eddc00'
Event: 107.004 Thread 0x0000021261462060 Unloading class 0x0000000101ede000 'java/lang/invoke/LambdaForm$DMH+0x0000000101ede000'
Event: 107.004 Thread 0x0000021261462060 Unloading class 0x0000000101edd400 'java/lang/invoke/LambdaForm$DMH+0x0000000101edd400'
Event: 107.004 Thread 0x0000021261462060 Unloading class 0x0000000101edd800 'java/lang/invoke/LambdaForm$DMH+0x0000000101edd800'
Event: 107.004 Thread 0x0000021261462060 Unloading class 0x0000000101edd000 'java/lang/invoke/LambdaForm$DMH+0x0000000101edd000'
Event: 107.004 Thread 0x0000021261462060 Unloading class 0x0000000101edcc00 'java/lang/invoke/LambdaForm$DMH+0x0000000101edcc00'
Event: 107.004 Thread 0x0000021261462060 Unloading class 0x0000000101edc800 'java/lang/invoke/LambdaForm$DMH+0x0000000101edc800'
Event: 107.004 Thread 0x0000021261462060 Unloading class 0x0000000101edc400 'java/lang/invoke/LambdaForm$DMH+0x0000000101edc400'

Classes redefined (0 events):
No events

Internal exceptions (20 events):
Event: 106.324 Thread 0x000002126e62b050 Exception <a 'sun/nio/fs/WindowsException'{0x00000000b3996ec8}> (0x00000000b3996ec8) 
thrown [s\src\hotspot\share\prims\jni.cpp, line 517]
Event: 106.328 Thread 0x000002126e62b050 Exception <a 'sun/nio/fs/WindowsException'{0x00000000b39a8cb0}> (0x00000000b39a8cb0) 
thrown [s\src\hotspot\share\prims\jni.cpp, line 517]
Event: 106.331 Thread 0x000002126e62b050 Exception <a 'sun/nio/fs/WindowsException'{0x00000000b39ba2d0}> (0x00000000b39ba2d0) 
thrown [s\src\hotspot\share\prims\jni.cpp, line 517]
Event: 106.336 Thread 0x000002126e62b050 Exception <a 'sun/nio/fs/WindowsException'{0x00000000b2bf3658}> (0x00000000b2bf3658) 
thrown [s\src\hotspot\share\prims\jni.cpp, line 517]
Event: 106.339 Thread 0x000002126e62b050 Exception <a 'sun/nio/fs/WindowsException'{0x00000000b2bfda10}> (0x00000000b2bfda10) 
thrown [s\src\hotspot\share\prims\jni.cpp, line 517]
Event: 106.340 Thread 0x000002126e62b050 Exception <a 'sun/nio/fs/WindowsException'{0x00000000b23453f0}> (0x00000000b23453f0) 
thrown [s\src\hotspot\share\prims\jni.cpp, line 517]
Event: 106.343 Thread 0x000002126e62b050 Exception <a 'sun/nio/fs/WindowsException'{0x00000000b235b110}> (0x00000000b235b110) 
thrown [s\src\hotspot\share\prims\jni.cpp, line 517]
Event: 106.345 Thread 0x000002126e62b050 Exception <a 'sun/nio/fs/WindowsException'{0x00000000b2364f18}> (0x00000000b2364f18) 
thrown [s\src\hotspot\share\prims\jni.cpp, line 517]
Event: 106.347 Thread 0x000002126e62b050 Exception <a 'sun/nio/fs/WindowsException'{0x00000000b236efb8}> (0x00000000b236efb8) 
thrown [s\src\hotspot\share\prims\jni.cpp, line 517]
Event: 106.349 Thread 0x000002126e62b050 Exception <a 'sun/nio/fs/WindowsException'{0x00000000b23778c0}> (0x00000000b23778c0) 
thrown [s\src\hotspot\share\prims\jni.cpp, line 517]
Event: 106.353 Thread 0x000002126e62b050 Exception <a 'sun/nio/fs/WindowsException'{0x00000000b237ef58}> (0x00000000b237ef58) 
thrown [s\src\hotspot\share\prims\jni.cpp, line 517]
Event: 106.360 Thread 0x000002126e62b050 Exception <a 'sun/nio/fs/WindowsException'{0x00000000b109fe98}> (0x00000000b109fe98) 
thrown [s\src\hotspot\share\prims\jni.cpp, line 517]
Event: 106.363 Thread 0x000002126e62b050 Exception <a 'sun/nio/fs/WindowsException'{0x00000000b10ad488}> (0x00000000b10ad488) 
thrown [s\src\hotspot\share\prims\jni.cpp, line 517]
Event: 106.367 Thread 0x000002126e62b050 Exception <a 'sun/nio/fs/WindowsException'{0x00000000b10b2f48}> (0x00000000b10b2f48) 
thrown [s\src\hotspot\share\prims\jni.cpp, line 517]
Event: 106.373 Thread 0x000002126e62b050 Exception <a 'sun/nio/fs/WindowsException'{0x00000000b10bdf58}> (0x00000000b10bdf58) 
thrown [s\src\hotspot\share\prims\jni.cpp, line 517]
Event: 106.375 Thread 0x000002126e62b050 Exception <a 'sun/nio/fs/WindowsException'{0x00000000b10c6928}> (0x00000000b10c6928) 
thrown [s\src\hotspot\share\prims\jni.cpp, line 517]
Event: 106.377 Thread 0x000002126e62b050 Exception <a 'sun/nio/fs/WindowsException'{0x00000000b10d0aa0}> (0x00000000b10d0aa0) 
thrown [s\src\hotspot\share\prims\jni.cpp, line 517]
Event: 106.379 Thread 0x000002126e62b050 Exception <a 'sun/nio/fs/WindowsException'{0x00000000b10d7268}> (0x00000000b10d7268) 
thrown [s\src\hotspot\share\prims\jni.cpp, line 517]
Event: 106.381 Thread 0x000002126e62b050 Exception <a 'sun/nio/fs/WindowsException'{0x00000000af946130}> (0x00000000af946130) 
thrown [s\src\hotspot\share\prims\jni.cpp, line 517]
Event: 106.443 Thread 0x000002126a3cd050 Exception <a 'sun/nio/fs/WindowsException'{0x00000000ad1b8f08}> (0x00000000ad1b8f08) 
thrown [s\src\hotspot\share\prims\jni.cpp, line 517]

VM Operations (20 events):
Event: 105.236 Executing VM operation: ICBufferFull done
Event: 105.374 Executing VM operation: HandshakeAllThreads
Event: 105.423 Executing VM operation: HandshakeAllThreads done
Event: 105.424 Executing VM operation: G1CollectForAllocation
Event: 105.449 Executing VM operation: G1CollectForAllocation done
Event: 105.501 Executing VM operation: G1CollectForAllocation
Event: 105.520 Executing VM operation: G1CollectForAllocation done
Event: 105.520 Executing VM operation: G1CollectForAllocation
Event: 105.557 Executing VM operation: G1CollectForAllocation done
Event: 105.769 Executing VM operation: ICBufferFull
Event: 105.807 Executing VM operation: ICBufferFull done
Event: 105.894 Executing VM operation: G1CollectForAllocation
Event: 105.921 Executing VM operation: G1CollectForAllocation done
Event: 106.173 Executing VM operation: ICBufferFull
Event: 106.174 Executing VM operation: ICBufferFull done
Event: 106.213 Executing VM operation: G1CollectForAllocation
Event: 106.231 Executing VM operation: G1CollectForAllocation done
Event: 106.607 Executing VM operation: G1CollectForAllocation
Event: 106.633 Executing VM operation: G1CollectForAllocation done
Event: 107.002 Executing VM operation: G1Concurrent

Events (20 events):
Event: 105.608 Thread 0x0000021261bcf7e0 flushing nmethod 0x000002124d2efd10
Event: 105.608 Thread 0x0000021261bcf7e0 flushing nmethod 0x000002124d302090
Event: 105.608 Thread 0x0000021261bcf7e0 flushing nmethod 0x000002124d310310
Event: 105.608 Thread 0x0000021261bcf7e0 flushing nmethod 0x000002124d315290
Event: 105.608 Thread 0x0000021261bcf7e0 flushing nmethod 0x000002124d33ad10
Event: 105.608 Thread 0x0000021261bcf7e0 flushing nmethod 0x000002124d355b10
Event: 105.608 Thread 0x0000021261bcf7e0 flushing nmethod 0x000002124d361d90
Event: 105.609 Thread 0x0000021261bcf7e0 flushing nmethod 0x000002124d368390
Event: 105.609 Thread 0x0000021261bcf7e0 flushing nmethod 0x000002124d375e90
Event: 105.609 Thread 0x0000021261bcf7e0 flushing nmethod 0x000002124d3a9810
Event: 105.609 Thread 0x0000021261bcf7e0 flushing nmethod 0x000002124d3adf10
Event: 105.609 Thread 0x0000021261bcf7e0 flushing nmethod 0x000002124d3c2790
Event: 105.609 Thread 0x0000021261bcf7e0 flushing nmethod 0x000002124d3ce610
Event: 105.609 Thread 0x0000021261bcf7e0 flushing nmethod 0x000002124d3d0710
Event: 105.609 Thread 0x0000021261bcf7e0 flushing nmethod 0x000002124d3dbc90
Event: 105.609 Thread 0x0000021261bcf7e0 flushing nmethod 0x000002124d3fa710
Event: 105.611 Thread 0x0000021261bcf7e0 flushing nmethod 0x000002124d4a7490
Event: 105.613 Thread 0x0000021261bcf7e0 flushing nmethod 0x000002124d58f590
Event: 105.614 Thread 0x0000021261bcf7e0 flushing nmethod 0x000002124d630390
Event: 105.616 Thread 0x0000021261bcf7e0 flushing nmethod 0x000002124d73d110


Dynamic libraries:
0x00007ff6f4e90000 - 0x00007ff6f4e9a000 	C:\Program Files\Android\Android Studio\jbr\bin\java.exe
0x00007ffab7030000 - 0x00007ffab7248000 	C:\WINDOWS\SYSTEM32\ntdll.dll
0x00007ffab5ce0000 - 0x00007ffab5da4000 	C:\WINDOWS\System32\KERNEL32.DLL
0x00007ffab4620000 - 0x00007ffab49f3000 	C:\WINDOWS\System32\KERNELBASE.dll
0x00007ffab0cb0000 - 0x00007ffab0d47000 	C:\WINDOWS\SYSTEM32\apphelp.dll
0x00007ffab4110000 - 0x00007ffab4221000 	C:\WINDOWS\System32\ucrtbase.dll
0x00007ffa974a0000 - 0x00007ffa974bb000 	C:\Program Files\Android\Android Studio\jbr\bin\VCRUNTIME140.dll
0x00007ffa9abf0000 - 0x00007ffa9ac07000 	C:\Program Files\Android\Android Studio\jbr\bin\jli.dll
0x00007ffab6030000 - 0x00007ffab61e2000 	C:\WINDOWS\System32\USER32.dll
0x00007ffa9f770000 - 0x00007ffa9fa0c000 	C:\WINDOWS\WinSxS\amd64_microsoft.windows.common-controls_6595b64144ccf1df_6.0.22621.6060_none_2712eda17382d24b\COMCTL32.dll
0x00007ffab4490000 - 0x00007ffab44b6000 	C:\WINDOWS\System32\win32u.dll
0x00007ffab5940000 - 0x00007ffab59e7000 	C:\WINDOWS\System32\msvcrt.dll
0x00007ffab5900000 - 0x00007ffab5929000 	C:\WINDOWS\System32\GDI32.dll
0x00007ffab4370000 - 0x00007ffab448b000 	C:\WINDOWS\System32\gdi32full.dll
0x00007ffab4580000 - 0x00007ffab461a000 	C:\WINDOWS\System32\msvcp_win.dll
0x00007ffab5340000 - 0x00007ffab5371000 	C:\WINDOWS\System32\IMM32.DLL
0x00007ffa9f3e0000 - 0x00007ffa9f3ec000 	C:\Program Files\Android\Android Studio\jbr\bin\vcruntime140_1.dll
0x00007ffa699d0000 - 0x00007ffa69a5d000 	C:\Program Files\Android\Android Studio\jbr\bin\msvcp140.dll
0x00007ffa40dc0000 - 0x00007ffa41a40000 	C:\Program Files\Android\Android Studio\jbr\bin\server\jvm.dll
0x00007ffab5f60000 - 0x00007ffab6011000 	C:\WINDOWS\System32\ADVAPI32.dll
0x00007ffab59f0000 - 0x00007ffab5a98000 	C:\WINDOWS\System32\sechost.dll
0x00007ffab4c70000 - 0x00007ffab4c98000 	C:\WINDOWS\System32\bcrypt.dll
0x00007ffab6250000 - 0x00007ffab6368000 	C:\WINDOWS\System32\RPCRT4.dll
0x00007ffaa52b0000 - 0x00007ffaa52e4000 	C:\WINDOWS\SYSTEM32\WINMM.dll
0x00007ffa96ab0000 - 0x00007ffa96ab9000 	C:\WINDOWS\SYSTEM32\WSOCK32.dll
0x00007ffaaed50000 - 0x00007ffaaed5a000 	C:\WINDOWS\SYSTEM32\VERSION.dll
0x00007ffab6e60000 - 0x00007ffab6ed1000 	C:\WINDOWS\System32\WS2_32.dll
0x00007ffab3050000 - 0x00007ffab3068000 	C:\WINDOWS\SYSTEM32\kernel.appcore.dll
0x00007ffa96ec0000 - 0x00007ffa96eca000 	C:\Program Files\Android\Android Studio\jbr\bin\jimage.dll
0x00007ffab1ae0000 - 0x00007ffab1d13000 	C:\WINDOWS\SYSTEM32\DBGHELP.DLL
0x00007ffab5380000 - 0x00007ffab5711000 	C:\WINDOWS\System32\combase.dll
0x00007ffab6ee0000 - 0x00007ffab6fb8000 	C:\WINDOWS\System32\OLEAUT32.dll
0x00007ffa9a2e0000 - 0x00007ffa9a312000 	C:\WINDOWS\SYSTEM32\dbgcore.DLL
0x00007ffab4bf0000 - 0x00007ffab4c6b000 	C:\WINDOWS\System32\bcryptPrimitives.dll
0x00007ffa7af20000 - 0x00007ffa7af2e000 	C:\Program Files\Android\Android Studio\jbr\bin\instrument.dll
0x00007ffa8b6f0000 - 0x00007ffa8b715000 	C:\Program Files\Android\Android Studio\jbr\bin\java.dll
0x00007ffa8b6d0000 - 0x00007ffa8b6e8000 	C:\Program Files\Android\Android Studio\jbr\bin\zip.dll
0x00007ffab6400000 - 0x00007ffab6c9c000 	C:\WINDOWS\System32\SHELL32.dll
0x00007ffab4230000 - 0x00007ffab436f000 	C:\WINDOWS\System32\wintypes.dll
0x00007ffab1fc0000 - 0x00007ffab28da000 	C:\WINDOWS\SYSTEM32\windows.storage.dll
0x00007ffab6d50000 - 0x00007ffab6e54000 	C:\WINDOWS\System32\SHCORE.dll
0x00007ffab5190000 - 0x00007ffab51f9000 	C:\WINDOWS\System32\shlwapi.dll
0x00007ffab4040000 - 0x00007ffab4065000 	C:\WINDOWS\SYSTEM32\profapi.dll
0x00007ffa8b6b0000 - 0x00007ffa8b6c9000 	C:\Program Files\Android\Android Studio\jbr\bin\net.dll
0x00007ffaae4c0000 - 0x00007ffaae5ec000 	C:\WINDOWS\SYSTEM32\WINHTTP.dll
0x00007ffab3570000 - 0x00007ffab35d9000 	C:\WINDOWS\system32\mswsock.dll
0x00007ffa7d2a0000 - 0x00007ffa7d2b6000 	C:\Program Files\Android\Android Studio\jbr\bin\nio.dll
0x00007ffa96eb0000 - 0x00007ffa96ec0000 	C:\Program Files\Android\Android Studio\jbr\bin\verify.dll
0x00007ffa7de40000 - 0x00007ffa7de67000 	C:\Users\bashe\.gradle\native\1def1411415f61bf3af743bc5b6707747c0891f09f0c88961ee8f79bc544acac\windows-amd64\native-platform.dll
0x00000000549e0000 - 0x0000000054a53000 	C:\Users\bashe\.gradle\native\0.2.5\x86_64-windows-gnu\gradle-fileevents.dll
0x00007ffa7d290000 - 0x00007ffa7d299000 	C:\Program Files\Android\Android Studio\jbr\bin\management.dll
0x00007ffa7d260000 - 0x00007ffa7d26b000 	C:\Program Files\Android\Android Studio\jbr\bin\management_ext.dll
0x00007ffab6020000 - 0x00007ffab6028000 	C:\WINDOWS\System32\PSAPI.DLL
0x00007ffab38c0000 - 0x00007ffab38db000 	C:\WINDOWS\SYSTEM32\CRYPTSP.dll
0x00007ffab3010000 - 0x00007ffab3047000 	C:\WINDOWS\system32\rsaenh.dll
0x00007ffab3610000 - 0x00007ffab3638000 	C:\WINDOWS\SYSTEM32\USERENV.dll
0x00007ffab38a0000 - 0x00007ffab38ac000 	C:\WINDOWS\SYSTEM32\CRYPTBASE.dll
0x00007ffab2b80000 - 0x00007ffab2bad000 	C:\WINDOWS\SYSTEM32\IPHLPAPI.DLL
0x00007ffab5200000 - 0x00007ffab5209000 	C:\WINDOWS\System32\NSI.dll
0x00007ffaae420000 - 0x00007ffaae439000 	C:\WINDOWS\SYSTEM32\dhcpcsvc6.DLL
0x00007ffaae3d0000 - 0x00007ffaae3ef000 	C:\WINDOWS\SYSTEM32\dhcpcsvc.DLL
0x00007ffab2bb0000 - 0x00007ffab2ca8000 	C:\WINDOWS\SYSTEM32\DNSAPI.dll
0x00007ffa7ef40000 - 0x00007ffa7ef48000 	C:\WINDOWS\system32\wshunix.dll
0x00000000548e0000 - 0x0000000054953000 	C:\Users\bashe\AppData\Local\Temp\native-platform16043169355840112450dir\gradle-fileevents.dll
0x00007ffa8e170000 - 0x00007ffa8e187000 	C:\WINDOWS\system32\napinsp.dll
0x00007ffa8e130000 - 0x00007ffa8e14b000 	C:\WINDOWS\system32\pnrpnsp.dll
0x00007ffa8e150000 - 0x00007ffa8e161000 	C:\WINDOWS\System32\winrnr.dll
0x00007ffa8e0a0000 - 0x00007ffa8e0b5000 	C:\WINDOWS\system32\wshbth.dll
0x00007ffa8e100000 - 0x00007ffa8e121000 	C:\WINDOWS\system32\nlansp_c.dll
0x00007ffaabf60000 - 0x00007ffaabf6a000 	C:\Windows\System32\rasadhlp.dll
0x00007ffaadad0000 - 0x00007ffaadb54000 	C:\WINDOWS\System32\fwpuclnt.dll
0x00007ffa7a920000 - 0x00007ffa7a927000 	C:\Program Files\Android\Android Studio\jbr\bin\rmi.dll
0x00007ffab31c0000 - 0x00007ffab31f4000 	C:\WINDOWS\SYSTEM32\ntmarta.dll

dbghelp: loaded successfully - version: 4.0.5 - missing functions: none
symbol engine: initialized successfully - sym options: 0x614 - pdb path: .;C:\Program Files\Android\Android Studio\jbr\bin;C:\WINDOWS\SYSTEM32;C:\WINDOWS\WinSxS\amd64_microsoft.windows.common-controls_6595b64144ccf1df_6.0.22621.6060_none_2712eda17382d24b;C:\Program Files\Android\Android Studio\jbr\bin\server;C:\Users\bashe\.gradle\native\1def1411415f61bf3af743bc5b6707747c0891f09f0c88961ee8f79bc544acac\windows-amd64;C:\Users\bashe\.gradle\native\0.2.5\x86_64-windows-gnu;C:\Users\bashe\AppData\Local\Temp\native-platform16043169355840112450dir

VM Arguments:
jvm_args: --add-opens=java.base/java.lang=ALL-UNNAMED --add-opens=java.base/java.lang.invoke=ALL-UNNAMED --add-opens=java.base/java.util=ALL-UNNAMED --add-opens=java.prefs/java.util.prefs=ALL-UNNAMED --add-exports=jdk.compiler/com.sun.tools.javac.api=ALL-UNNAMED --add-exports=jdk.compiler/com.sun.tools.javac.util=ALL-UNNAMED --add-opens=java.base/java.util=ALL-UNNAMED --add-opens=java.prefs/java.util.prefs=ALL-UNNAMED --add-opens=java.base/java.nio.charset=ALL-UNNAMED --add-opens=java.base/java.net=ALL-UNNAMED --add-opens=java.base/java.util.concurrent.atomic=ALL-UNNAMED --add-opens=java.xml/javax.xml.namespace=ALL-UNNAMED -XX:MaxMetaspaceSize=512m -XX:ReservedCodeCacheSize=256m -XX:+HeapDumpOnOutOfMemoryError -Xmx2G -Dfile.encoding=UTF-8 -Duser.country=US -Duser.language=en -Duser.variant -javaagent:C:\Users\bashe\.gradle\wrapper\dists\gradle-8.12-all\ejduaidbjup3bmmkhw3rie4zb\gradle-8.12\lib\agents\gradle-instrumentation-agent-8.12.jar 
java_command: org.gradle.launcher.daemon.bootstrap.GradleDaemon 8.12
java_class_path (initial): C:\Users\bashe\.gradle\wrapper\dists\gradle-8.12-all\ejduaidbjup3bmmkhw3rie4zb\gradle-8.12\lib\gradle-daemon-main-8.12.jar
Launcher Type: SUN_STANDARD

[Global flags]
     intx CICompilerCount                          = 12                                        {product} {ergonomic}
   size_t CompressedClassSpaceSize                 = 436207616                                 {product} {ergonomic}
     uint ConcGCThreads                            = 3                                         {product} {ergonomic}
     uint G1ConcRefinementThreads                  = 13                                        {product} {ergonomic}
   size_t G1HeapRegionSize                         = 1048576                                   {product} {ergonomic}
    uintx GCDrainStackTargetSize                   = 64                                        {product} {ergonomic}
     bool HeapDumpOnOutOfMemoryError               = true                                   {manageable} {command line}
   size_t InitialHeapSize                          = 264241152                                 {product} {ergonomic}
   size_t MarkStackSize                            = 4194304                                   {product} {ergonomic}
   size_t MaxHeapSize                              = 2147483648                                {product} {command line}
   size_t MaxMetaspaceSize                         = 536870912                                 {product} {command line}
   size_t MaxNewSize                               = 1287651328                                {product} {ergonomic}
   size_t MinHeapDeltaBytes                        = 1048576                                   {product} {ergonomic}
   size_t MinHeapSize                              = 8388608                                   {product} {ergonomic}
    uintx NonNMethodCodeHeapSize                   = 7602480                                {pd product} {ergonomic}
    uintx NonProfiledCodeHeapSize                  = 130416488                              {pd product} {ergonomic}
    uintx ProfiledCodeHeapSize                     = 130416488                              {pd product} {ergonomic}
    uintx ReservedCodeCacheSize                    = 268435456                              {pd product} {command line}
     bool SegmentedCodeCache                       = true                                      {product} {ergonomic}
   size_t SoftMaxHeapSize                          = 2147483648                             {manageable} {ergonomic}
   double SweeperThreshold                         = 0.468750                                  {product} {ergonomic}
     bool UseCompressedClassPointers               = true                           {product lp64_product} {ergonomic}
     bool UseCompressedOops                        = true                           {product lp64_product} {ergonomic}
     bool UseG1GC                                  = true                                      {product} {ergonomic}
     bool UseLargePagesIndividualAllocation        = false                                  {pd product} {ergonomic}

Logging:
Log output configuration:
 #0: stdout all=warning uptime,level,tags
 #1: stderr all=off uptime,level,tags

Environment Variables:
JAVA_HOME=C:\Program Files\Android\Android Studio\jbr
CLASSPATH=D:\all my project\asmaa\api+app\mediprescribe\android\\gradle\wrapper\gradle-wrapper.jar
PATH=C:\Program Files\Android\Android Studio\jbr\bin;C:\Program Files (x86)\VMware\VMware Workstation\bin\;c:\Users\bashe\AppData\Local\Programs\cursor\resources\app\bin;C:\Program Files\dotnet\;C:\Program Files (x86)\dotnet\;C:\Program Files\Common Files\Oracle\Java\javapath;C:\Program Files\Microsoft\jdk-11.0.16.101-hotspot\bin;C:\Program Files\Microsoft MPI\Bin\;D:\app\BASHEER\product\11.2.0\dbhome_1\bin;C:\Windows\system32;C:\Windows;C:\Windows\System32\Wbem;C:\Windows\System32\WindowsPowerShell\v1.0\;C:\Windows\System32\OpenSSH\;C:\Program Files (x86)\NVIDIA Corporation\PhysX\Common;C:\Program Files\NVIDIA Corporation\NVIDIA NvDLISR;C:\Program Files\Microsoft\Web Platform Installer\;C:\Program Files (x86)\Microsoft ASP.NET\ASP.NET Web Pages\v1.0\;C:\Program Files\Java\jre7\bin;C:\Program Files\Microsoft SQL Server\150\Tools\Binn\;C:\Program Files\Azure Data Studio\bin;C:\Program Files (x86)\Microsoft SQL Server\150\Tools\Binn\;C:\Program Files\Microsoft SQL Server\150\DTS\Binn\;C:\Program Files\Microsoft SQL Server\Client SDK\ODBC\170\Tools\Binn\;C:\Program Files (x86)\Microsoft SQL Server\120\DTS\Binn\;C:\src\flutter\bin;C:\src\Sdk\platform-tools;C:\src\Sdk;C:\Program Files\nodejs\;C:\xampp\php;C:\ProgramData\ComposerSetup\bin;C:\Program Files\Microsoft VS Code\bin;C:\Program Files\Microsoft SQL Server\170\Tools\Binn\;C:\Users\bashe\.local\bin;C:\Users\bashe\AppData\Local\Programs\Python\Python312\Scripts\;C:\Users\bashe\AppData\Local\Programs\Python\Python312\;C:\Users\bashe\.dotnet\tools;C:\Users\bashe\AppData\Local\Microsoft\WindowsApps;C:\Program Files\Java\jdk-22\bin;C:\Program Files\Java\jdk-22;C:\Program Files\JetBrains\PyCharm Community Edition 2023.3.5\bin;C:\Program Files (x86)\Graphviz\bin;C:\Users\bashe\AppData\Roaming\npm;C:\Users\bashe\AppData\Roaming\Composer\vendor\bin;C:\Program Files\Git;C:\Program Files\Git\bin;C:\Users\bashe\AppData\Local\GitHubDesktop\bin;C:\Users\bashe\AppData\Local\Programs\Antigravity\bin;C:\Users\bashe\AppData\Local\Progr
USERNAME=BASHEER
OS=Windows_NT
PROCESSOR_IDENTIFIER=Intel64 Family 6 Model 141 Stepping 1, GenuineIntel
TMP=C:\Users\bashe\AppData\Local\Temp
TEMP=C:\Users\bashe\AppData\Local\Temp


JNI global refs:
JNI global refs: 42, weak refs: 295

JNI global refs memory usage: 843, weak refs: 5961

OOME stack traces (most recent first):
Classloader memory used:
Loader org.gradle.internal.classloader.VisitableURLClassLoader                         : 13859K
Loader org.gradle.internal.classloader.VisitableURLClassLoader$InstrumentingVisitableURLClassLoader: 9811K
Loader bootstrap                                                                       : 4158K
Loader org.gradle.initialization.MixInLegacyTypesClassLoader                           : 1957K
Loader jdk.internal.loader.ClassLoaders$AppClassLoader                                 : 1262K
Loader java.net.URLClassLoader                                                         : 634K
Loader jdk.internal.reflect.DelegatingClassLoader                                      : 231K
Loader jdk.internal.loader.ClassLoaders$PlatformClassLoader                            : 128K
Loader org.gradle.internal.classloader.VisitableURLClassLoader                         : 46776B
Loader org.gradle.groovy.scripts.internal.DefaultScriptCompilationHandler$ScriptClassLoader: 43130B
Loader jdk.internal.jrtfs.JrtFileSystemProvider$JrtFsLoader                            : 42746B
Loader org.codehaus.groovy.runtime.callsite.CallSiteClassLoader                        : 2286B

Classes loaded by more than one classloader:
Class Program                                                                         : loaded 15 times (x 70B)
Class Build_gradle                                                                    : loaded 8 times (x 128B)
Class Build_gradle$1                                                                  : loaded 8 times (x 72B)
Class Build_gradle$2                                                                  : loaded 7 times (x 72B)
Class Build_gradle$1$1                                                                : loaded 6 times (x 76B)
Class Build_gradle$3                                                                  : loaded 4 times (x 73B)
Class org.jetbrains.kotlin.cli.common.messages.MessageCollector$Companion             : loaded 3 times (x 69B)
Class org.jetbrains.kotlin.cli.common.CompilerSystemProperties$value$1                : loaded 3 times (x 123B)
Class [Lorg.jetbrains.kotlin.cli.common.CompilerSystemProperties;                     : loaded 3 times (x 67B)
Class org.gradle.kotlin.dsl.ImplementationConfigurationAccessorsKt                    : loaded 3 times (x 69B)
Class org.jetbrains.kotlin.util.capitalizeDecapitalize.CapitalizeDecapitalizeKt       : loaded 3 times (x 69B)
Class org.jetbrains.kotlin.cli.common.CompilerSystemProperties$Companion              : loaded 3 times (x 69B)
Class org.jetbrains.kotlin.name.ClassId$Companion                                     : loaded 3 times (x 69B)
Class org.jetbrains.kotlin.config.ApiVersion                                          : loaded 3 times (x 84B)
Class org.jetbrains.kotlin.build.report.metrics.BuildTime                             : loaded 3 times (x 68B)
Class [Lorg.jetbrains.kotlin.cli.common.messages.CompilerMessageSeverity;             : loaded 3 times (x 67B)
Class org.jetbrains.kotlin.name.Name                                                  : loaded 3 times (x 73B)
Class org.jetbrains.kotlin.build.report.metrics.GradleBuildTime                       : loaded 3 times (x 84B)
Class org.jetbrains.kotlin.cli.common.messages.CompilerMessageSeverity                : loaded 3 times (x 77B)
Class org.gradle.kotlin.dsl.TestImplementationConfigurationAccessorsKt                : loaded 3 times (x 69B)
Class org.jetbrains.kotlin.build.report.metrics.GradleBuildTime$Companion             : loaded 3 times (x 69B)
Class [Lorg.jetbrains.kotlin.build.report.metrics.BuildTime;                          : loaded 3 times (x 67B)
Class org.jetbrains.kotlin.cli.common.messages.MessageCollector$Companion$NONE$1      : loaded 3 times (x 74B)
Class org.jetbrains.kotlin.build.report.metrics.BuildMetricsReporter                  : loaded 3 times (x 68B)
Class Settings_gradle                                                                 : loaded 3 times (x 126B)
Class org.jetbrains.kotlin.name.FqName                                                : loaded 3 times (x 70B)
Class org.jetbrains.kotlin.cli.common.messages.MessageCollector                       : loaded 3 times (x 68B)
Class Build_gradle$2$1                                                                : loaded 3 times (x 76B)
Class org.jetbrains.kotlin.cli.common.messages.CompilerMessageSeverity$Companion      : loaded 3 times (x 69B)
Class [Lorg.jetbrains.kotlin.build.report.metrics.GradleBuildTime;                    : loaded 3 times (x 67B)
Class org.jetbrains.kotlin.build.report.metrics.DoNothingBuildMetricsReporter         : loaded 3 times (x 84B)
Class org.jetbrains.kotlin.cli.common.CompilerSystemProperties                        : loaded 3 times (x 78B)
Class org.jetbrains.kotlin.name.ClassId                                               : loaded 3 times (x 70B)
Class org.jetbrains.kotlin.utils.CollectionsKt                                        : loaded 3 times (x 69B)
Class org.jetbrains.kotlin.name.FqNameUnsafe                                          : loaded 3 times (x 70B)
Class org.jetbrains.kotlin.gradle.dsl.KotlinTargetContainerWithWasmPresetFunctions    : loaded 2 times (x 68B)
Class org.jetbrains.kotlin.gradle.plugin.KotlinAndroidPluginWrapper                   : loaded 2 times (x 84B)
Class kotlin.collections.CollectionsKt__IterablesKt                                   : loaded 2 times (x 69B)
Class org.jetbrains.kotlin.gradle.plugin.internal.DefaultProjectIsolationStartParameterAccessor: loaded 2 times (x 75B)
Class org.jetbrains.kotlin.gradle.plugin.internal.ConfigurationCacheStartParameterAccessor$Factory: loaded 2 times (x 68B)
Class org.jetbrains.kotlin.gradle.plugin.mpp.compilationImpl.KotlinCreateResourcesTaskSideEffectKt: loaded 2 times (x 69B)
Class [Lcom.google.common.collect.AbstractMapEntry;                                   : loaded 2 times (x 67B)
Class org.jetbrains.kotlin.daemon.client.DaemonLastOutputLinesListener                : loaded 2 times (x 74B)
Class com.google.common.io.AppendableWriter                                           : loaded 2 times (x 98B)
Class com.google.common.collect.ImmutableRangeSet$AsSet                               : loaded 2 times (x 233B)
Class org.jetbrains.kotlin.gradle.plugin.diagnostics.checkers.ComposePluginSuggestApplyChecker$runChecks$1: loaded 2 times (x 86B)
Class com.google.common.collect.SingletonImmutableList                                : loaded 2 times (x 167B)
Class org.jetbrains.kotlin.metadata.ProtoBuf$Effect                                   : loaded 2 times (x 111B)
Class org.jetbrains.kotlin.protobuf.GeneratedMessageLite$GeneratedExtension           : loaded 2 times (x 77B)
Class org.jetbrains.kotlin.gradle.artifacts.KotlinNativeKlibArtifactKt                : loaded 2 times (x 69B)
Class org.jetbrains.kotlin.gradle.plugin.KotlinGradleBuildServices$detectKotlinPluginLoadedInMultipleProjects$onRegister$1$1: loaded 2 times (x 73B)
Class org.jetbrains.kotlin.statistics.MetricValueValidationFailed                     : loaded 2 times (x 80B)
Class org.jetbrains.kotlin.gradle.plugin.internal.state.TaskLoggersKt                 : loaded 2 times (x 69B)
Class org.jetbrains.kotlin.gradle.plugin.mpp.compilationImpl.DefaultKotlinCompilationFriendPathsResolver$resolveFriendPaths$1$1: loaded 2 times (x 77B)
Class com.google.common.cache.CacheLoader$SupplierToCacheLoader                       : loaded 2 times (x 73B)
Class org.gradle.internal.classpath.ClassPath                                         : loaded 2 times (x 68B)
Class com.google.common.io.FileWriteMode                                              : loaded 2 times (x 77B)
Class org.jetbrains.kotlin.gradle.plugin.mpp.compilationImpl.factory.KotlinCompilationImplFactory$PostConfigure: loaded 2 times (x 68B)
Class org.jetbrains.kotlin.gradle.targets.js.dsl.KotlinWasmTargetDsl                  : loaded 2 times (x 68B)
Class org.jetbrains.kotlin.gradle.dsl.KotlinJvmProjectExtension                       : loaded 2 times (x 137B)
Class com.google.common.cache.RemovalListener                                         : loaded 2 times (x 68B)
Class org.gradle.api.internal.classpath.DefaultModuleRegistry                         : loaded 2 times (x 84B)
Class com.google.common.collect.FluentIterable$1                                      : loaded 2 times (x 79B)
Class com.google.common.collect.FluentIterable$2                                      : loaded 2 times (x 79B)
Class org.jetbrains.kotlin.gradle.dsl.KotlinCommonCompilerOptionsDefault              : loaded 2 times (x 94B)
Class com.google.common.collect.FluentIterable$3                                      : loaded 2 times (x 79B)
Class org.jetbrains.kotlin.gradle.utils.FutureKt$future$2$1                           : loaded 2 times (x 93B)
Class org.jetbrains.kotlin.gradle.plugin.mpp.compilationImpl.DefaultKotlinCompilationFriendPathsResolver$DefaultFriendArtifactResolver: loaded 2 times (x 72B)
Class Settings_gradle$1$1                                                             : loaded 2 times (x 72B)
Class com.google.common.collect.ImmutableEnumSet                                      : loaded 2 times (x 144B)
Class [Lcom.google.common.collect.MapMaker$Dummy;                                     : loaded 2 times (x 67B)
Class org.jetbrains.kotlin.gradle.artifacts.KotlinJvmJarArtifactKt$KotlinJvmJarArtifact$1: loaded 2 times (x 72B)
Class org.jetbrains.kotlin.gradle.plugin.mpp.ApplyUserDefinedAttributesKt$UserDefinedAttributesSetupAction$1: loaded 2 times (x 93B)
Class org.jetbrains.kotlin.metadata.jvm.deserialization.JvmNameResolverBase$WhenMappings: loaded 2 times (x 69B)
Class com.google.common.collect.ListMultimap                                          : loaded 2 times (x 68B)
Class org.jetbrains.kotlin.gradle.plugin.mpp.compilationImpl.factory.KotlinCompilationImplFactory$PostConfigure$Companion: loaded 2 times (x 69B)
Class com.google.common.base.CharMatcher$JavaDigit                                    : loaded 2 times (x 109B)
Class org.jetbrains.kotlin.descriptors.Visibilities$InvisibleFake                     : loaded 2 times (x 77B)
Class org.jetbrains.kotlin.gradle.plugin.mpp.compilationImpl.DefaultKotlinCompilationPostConfigureKt: loaded 2 times (x 69B)
Class org.jetbrains.kotlin.gradle.internal.properties.NativePropertiesLoader          : loaded 2 times (x 84B)
Class com.google.common.base.CharMatcher$Digit                                        : loaded 2 times (x 110B)
Class com.google.common.collect.AbstractMultimap                                      : loaded 2 times (x 121B)
Class kotlin.io.FilesKt__FilePathComponentsKt                                         : loaded 2 times (x 69B)
Class org.jetbrains.kotlin.metadata.ProtoBuf$Effect$EffectType$1                      : loaded 2 times (x 72B)
Class org.jetbrains.kotlin.metadata.ProtoBuf$Modality                                 : loaded 2 times (x 80B)
Class kotlin.enums.EnumEntries                                                        : loaded 2 times (x 68B)
Class kotlin.text.StringsKt__RegexExtensionsJVMKt                                     : loaded 2 times (x 69B)
Class jdk.internal.jimage.BasicImageReader$1                                          : loaded 2 times (x 75B)
Class com.google.common.collect.ForwardingSet                                         : loaded 2 times (x 149B)
Class com.google.common.collect.ImmutableSortedMap$1EntrySet$1                        : loaded 2 times (x 172B)
Class org.jetbrains.kotlin.tooling.core.Extras$Key$Companion                          : loaded 2 times (x 69B)
Class org.jetbrains.kotlin.gradle.plugin.SubpluginEnvironment$Companion               : loaded 2 times (x 69B)
Class com.google.common.cache.CacheBuilder$OneWeigher                                 : loaded 2 times (x 80B)
Class org.gradle.api.Action                                                           : loaded 2 times (x 68B)
Class kotlin.ranges.RangesKt                                                          : loaded 2 times (x 69B)
Class org.jetbrains.kotlin.gradle.tasks.KotlinJavaToolchain                           : loaded 2 times (x 68B)
Class org.jetbrains.kotlin.gradle.utils.PersistentCachesKt                            : loaded 2 times (x 69B)
Class org.jetbrains.kotlin.gradle.utils.StoredPropertyStorage                         : loaded 2 times (x 70B)
Class org.jetbrains.org.objectweb.asm.Opcodes                                         : loaded 2 times (x 68B)
Class org.jetbrains.kotlin.gradle.utils.Completable                                   : loaded 2 times (x 70B)
Class org.jetbrains.kotlin.daemon.common.DaemonParamsKt$daemonJVMOptionsMemoryProps$1 : loaded 2 times (x 135B)
Class [Lorg.jetbrains.kotlin.build.report.metrics.BuildAttributeKind;                 : loaded 2 times (x 67B)
Class org.jetbrains.kotlin.gradle.plugin.diagnostics.TransformActionUsingKotlinToolingDiagnostics$Companion: loaded 2 times (x 69B)
Class org.jetbrains.kotlin.gradle.plugin.KotlinPluginLifecycleCoroutineContextElement : loaded 2 times (x 82B)
Class org.jetbrains.org.objectweb.asm.MethodTooLargeException                         : loaded 2 times (x 81B)
Class kotlin.enums.EnumEntriesKt                                                      : loaded 2 times (x 69B)
Class org.jetbrains.kotlin.daemon.common.DaemonParamsKt$daemonJVMOptionsMemoryProps$2 : loaded 2 times (x 135B)
Class com.google.common.io.ByteArrayDataOutput                                        : loaded 2 times (x 68B)
Class org.jetbrains.kotlin.gradle.report.BuildReportMode$Companion                    : loaded 2 times (x 69B)
Class com.google.common.collect.ImmutableEntry                                        : loaded 2 times (x 80B)
Class com.google.common.collect.Lists$StringAsImmutableList                           : loaded 2 times (x 167B)
Class org.jetbrains.kotlin.metadata.jvm.deserialization.JvmMetadataVersion$Companion  : loaded 2 times (x 69B)
Class org.jetbrains.kotlin.daemon.common.DaemonParamsKt$daemonJVMOptionsMemoryProps$3 : loaded 2 times (x 135B)
Class org.jetbrains.kotlin.gradle.plugin.KotlinTargetPreset                           : loaded 2 times (x 68B)
Class org.jetbrains.kotlin.protobuf.FieldSet$FieldDescriptorLite                      : loaded 2 times (x 68B)
Class kotlin.text.StringsKt__AppendableKt                                             : loaded 2 times (x 69B)
Class org.jetbrains.kotlin.compilerRunner.ProjectFilesForCompilation$Companion        : loaded 2 times (x 69B)
Class org.jetbrains.kotlin.gradle.plugin.sources.DefaultLanguageSettingsBuilder       : loaded 2 times (x 98B)
Class org.jetbrains.kotlin.gradle.plugin.diagnostics.checkers.PreHmppDependenciesUsageChecker$runChecks$1: loaded 2 times (x 86B)
Class com.google.common.cache.LocalCache$StrongEntry                                  : loaded 2 times (x 106B)
Class org.jetbrains.kotlin.gradle.targets.metadata.KotlinMetadataTargetConfiguratorKt : loaded 2 times (x 69B)
Class org.jetbrains.org.objectweb.asm.tree.FrameNode                                  : loaded 2 times (x 77B)
Class org.jetbrains.kotlin.gradle.plugin.KotlinCompilerArgumentsProducer$CreateCompilerArgumentsContext$Companion: loaded 2 times (x 69B)
Class com.google.common.collect.MapMakerInternalMap$InternalEntryHelper               : loaded 2 times (x 68B)
Class org.jetbrains.kotlin.tooling.core.ExtrasUtilsKt                                 : loaded 2 times (x 69B)
Class org.objectweb.asm.FieldWriter                                                   : loaded 2 times (x 76B)
Class kotlin.jvm.internal.CallableReference$NoReceiver                                : loaded 2 times (x 69B)
Class org.jetbrains.kotlin.gradle.plugin.KotlinPlatformType$DisambiguationRule        : loaded 2 times (x 74B)
Class org.jetbrains.kotlin.metadata.ProtoBuf$Annotation$Argument$Value                : loaded 2 times (x 125B)
Class org.jetbrains.org.objectweb.asm.AnnotationWriter                                : loaded 2 times (x 76B)
Class org.jetbrains.org.objectweb.asm.tree.InsnNode                                   : loaded 2 times (x 76B)
Class com.google.common.base.CharMatcher                                              : loaded 2 times (x 109B)
Class [Lorg.jetbrains.kotlin.metadata.ProtoBuf$Type$Argument$Projection;              : loaded 2 times (x 67B)
Class org.jetbrains.org.objectweb.asm.tree.MultiANewArrayInsnNode                     : loaded 2 times (x 77B)
Class org.jetbrains.kotlin.konan.target.KonanTarget$Companion$predefinedTargets$2     : loaded 2 times (x 76B)
Class org.jetbrains.kotlin.gradle.plugin.mpp.compilationImpl.factory.DefaultKotlinCompilationTaskNamesContainerFactory: loaded 2 times (x 72B)
Class org.jetbrains.kotlin.gradle.targets.jvm.KotlinJvmTarget                         : loaded 2 times (x 170B)
Class org.jetbrains.kotlin.gradle.plugin.diagnostics.KotlinToolingDiagnostics$JsEnvironmentNotChosenExplicitly: loaded 2 times (x 71B)
Class org.jetbrains.kotlin.protobuf.SmallSortedMap$1                                  : loaded 2 times (x 128B)
Class org.jetbrains.kotlin.load.kotlin.FileBasedKotlinClass$1                         : loaded 2 times (x 85B)
Class jdk.internal.jimage.ImageBufferCache$1                                          : loaded 2 times (x 78B)
Class org.jetbrains.kotlin.load.kotlin.FileBasedKotlinClass$2                         : loaded 2 times (x 85B)
Class jdk.internal.jimage.ImageBufferCache$2                                          : loaded 2 times (x 89B)
Class org.jetbrains.kotlin.load.kotlin.FileBasedKotlinClass$3                         : loaded 2 times (x 75B)
Class org.jetbrains.kotlin.gradle.internal.KotlinTestDependencyManagementKt           : loaded 2 times (x 69B)
Class com.google.common.base.CharMatcher$IsNot                                        : loaded 2 times (x 109B)
Class [Lorg.jetbrains.org.objectweb.asm.SymbolTable$Entry;                            : loaded 2 times (x 67B)
Class org.jetbrains.kotlin.load.kotlin.FileBasedKotlinClass$4                         : loaded 2 times (x 85B)
Class org.jetbrains.kotlin.gradle.plugin.BuildFinishedListenerService                 : loaded 2 times (x 78B)
Class org.jetbrains.kotlin.compilerRunner.CompilerSystemPropertiesService             : loaded 2 times (x 78B)
Class com.google.common.collect.RegularImmutableSortedSet                             : loaded 2 times (x 233B)
Class org.jetbrains.kotlin.config.MavenComparableVersion$IntegerItem                  : loaded 2 times (x 78B)
Class org.jetbrains.kotlin.daemon.common.CompileService$CallResult$Dying              : loaded 2 times (x 70B)
Class org.jetbrains.kotlin.gradle.tasks.configuration.BaseKotlinCompileConfig$registerBuildToolsApiTransformations$1: loaded 2 times (x 73B)
Class org.jetbrains.kotlin.metadata.jvm.JvmProtoBuf$StringTableTypesOrBuilder         : loaded 2 times (x 68B)
Class com.google.common.collect.Maps$IteratorBasedAbstractMap                         : loaded 2 times (x 123B)
Class org.jetbrains.kotlin.gradle.tasks.configuration.BaseKotlinCompileConfig$registerBuildToolsApiTransformations$2: loaded 2 times (x 73B)
Class [Lorg.jetbrains.kotlin.gradle.plugin.KotlinSourceSet;                           : loaded 2 times (x 67B)
Class org.jetbrains.kotlin.tooling.core.Extras                                        : loaded 2 times (x 68B)
Class [Lorg.jetbrains.kotlin.daemon.common.PropMapper;                                : loaded 2 times (x 67B)
Class org.jetbrains.kotlin.gradle.plugin.KotlinCompilationOutput                      : loaded 2 times (x 68B)
Class com.google.common.collect.SetMultimap                                           : loaded 2 times (x 68B)
Class org.jetbrains.kotlin.gradle.internal.properties.PropertiesBuildService$property$1: loaded 2 times (x 77B)
Class org.jetbrains.kotlin.gradle.tasks.AbstractKotlinCompile$compilerRunner$1$2$1    : loaded 2 times (x 73B)
Class org.jetbrains.kotlin.gradle.plugin.mpp.InternalKotlinTarget$DefaultImpls        : loaded 2 times (x 69B)
Class org.jetbrains.kotlin.gradle.internal.properties.PropertiesBuildService$property$2: loaded 2 times (x 77B)
Class org.jetbrains.kotlin.gradle.plugin.DefaultKotlinBasePlugin                      : loaded 2 times (x 80B)
Class org.jetbrains.kotlin.metadata.jvm.JvmProtoBuf$JvmPropertySignature$1            : loaded 2 times (x 142B)
Class org.jetbrains.kotlin.gradle.plugin.mpp.KotlinCompilationsKt$addSourcesToKotlinCompileTask$1: loaded 2 times (x 73B)
Class org.jetbrains.kotlin.buildtools.api.jvm.ClassSnapshotGranularity                : loaded 2 times (x 77B)
Class com.google.common.base.Splitter                                                 : loaded 2 times (x 70B)
Class org.jetbrains.kotlin.gradle.targets.native.KotilnNativeConfigureBinariesSideEffectKt$special$$inlined$KotlinTargetSideEffect$1: loaded 2 times (x 72B)
Class [Lcom.google.common.cache.Weigher;                                              : loaded 2 times (x 67B)
Class org.jetbrains.org.objectweb.asm.tree.TableSwitchInsnNode                        : loaded 2 times (x 77B)
Class com.google.common.collect.Iterators$ArrayItr                                    : loaded 2 times (x 95B)
Class org.jetbrains.kotlin.gradle.tasks.KotlinCompile$WhenMappings                    : loaded 2 times (x 69B)
Class com.google.common.collect.MapMakerInternalMap$Strength                          : loaded 2 times (x 78B)
Class org.jetbrains.kotlin.gradle.plugin.mpp.compilationImpl.factory.KotlinCompilationImplFactory$KotlinCompilationDependencyConfigurationsFactory: loaded 2 times (x 68B)
Class com.google.common.cache.LocalCache$Segment                                      : loaded 2 times (x 152B)
Class org.gradle.api.internal.DefaultClassPathProvider                                : loaded 2 times (x 74B)
Class org.jetbrains.kotlin.gradle.tasks.CompilationErrorException                     : loaded 2 times (x 80B)
Class org.jetbrains.kotlin.gradle.plugin.diagnostics.checkers.OverriddenKotlinNativeHomeChecker$StdlibExistenceCheckerValueSource: loaded 2 times (x 76B)
Class org.gradle.internal.installation.GradleInstallation$1                           : loaded 2 times (x 73B)
Class org.jetbrains.kotlin.gradle.plugin.diagnostics.checkers.WasmSourceSetsNotFoundChecker$wasmSourceSetRegex$2: loaded 2 times (x 76B)
Class org.jetbrains.kotlin.statistics.metrics.NumberAnonymizationPolicy$SAFE          : loaded 2 times (x 83B)
Class com.google.common.cache.LocalCache$AbstractReferenceEntry                       : loaded 2 times (x 105B)
Class jdk.internal.jrtfs.SystemImage$1                                                : loaded 2 times (x 76B)
Class org.jetbrains.kotlin.incremental.ClasspathChanges$ClasspathSnapshotEnabled$NotAvailableForNonIncrementalRun: loaded 2 times (x 71B)
Class org.jetbrains.kotlin.gradle.internal.Kapt3KotlinGradleSubpluginKt               : loaded 2 times (x 69B)
Class org.jetbrains.kotlin.gradle.utils.CompletableFuture                             : loaded 2 times (x 68B)
Class org.jetbrains.kotlin.gradle.plugin.VariantImplementationFactoriesConfigurator$Inject: loaded 2 times (x 94B)
Class org.objectweb.asm.Type                                                          : loaded 2 times (x 70B)
Class jdk.internal.jrtfs.SystemImage$2                                                : loaded 2 times (x 74B)
Class com.google.common.util.concurrent.AbstractFuture$Failure                        : loaded 2 times (x 70B)
Class org.jetbrains.kotlin.load.kotlin.FileBasedKotlinClass$InnerClassesInfo          : loaded 2 times (x 72B)
Class org.jetbrains.kotlin.gradle.plugin.diagnostics.KotlinToolingDiagnosticsCollectorKt: loaded 2 times (x 69B)
Class org.jetbrains.kotlin.gradle.dsl.DefaultToolchainSupport_Decorated               : loaded 2 times (x 122B)
Class org.jetbrains.kotlin.gradle.plugin.statistics.NonSynchronizedMetricsContainer   : loaded 2 times (x 75B)
Class org.jetbrains.kotlin.gradle.targets.js.npm.NpmDependencyWithExternalsExtension  : loaded 2 times (x 68B)
Class org.jetbrains.kotlin.gradle.dsl.DefaultToolchainSupport$wireToolchainToTasks$1$1: loaded 2 times (x 73B)
Class org.jetbrains.kotlin.gradle.plugin.StatisticsBuildFlowManager                   : loaded 2 times (x 70B)
Class org.jetbrains.kotlin.gradle.plugin.statistics.BuildFusService                   : loaded 2 times (x 82B)
Class com.google.common.base.CharMatcher$BitSetMatcher                                : loaded 2 times (x 110B)
Class org.jetbrains.kotlin.gradle.tasks.CompilerPluginOptions                         : loaded 2 times (x 70B)
Class org.jetbrains.kotlin.gradle.plugin.mpp.compilationImpl.factory.KotlinCompilationImplFactory$KotlinCompilationOutputFactory: loaded 2 times (x 68B)
Class com.google.common.collect.ImmutableMap$IteratorBasedImmutableMap                : loaded 2 times (x 123B)
Class org.jetbrains.kotlin.daemon.common.LoopbackNetworkInterface$AbstractClientLoopbackSocketFactory: loaded 2 times (x 70B)
Class org.jetbrains.kotlin.gradle.plugin.diagnostics.checkers.ComposePluginSuggestApplyChecker: loaded 2 times (x 72B)
Class org.jetbrains.kotlin.metadata.ProtoBuf$TypeParameter$Variance$1                 : loaded 2 times (x 72B)
Class com.google.common.io.Files$FileByteSource                                       : loaded 2 times (x 83B)
Class org.jetbrains.kotlin.statistics.metrics.NumberOverridePolicy$SUM                : loaded 2 times (x 83B)
Class org.jetbrains.kotlin.statistics.metrics.BooleanAnonymizationPolicy              : loaded 2 times (x 83B)
Class com.google.common.collect.ImmutableMap                                          : loaded 2 times (x 118B)
Class org.jetbrains.org.objectweb.asm.tree.MethodNode                                 : loaded 2 times (x 107B)
Class kotlin.jvm.internal.CallableReference                                           : loaded 2 times (x 104B)
Class org.jetbrains.kotlin.config.JVMAssertionsMode$Companion                         : loaded 2 times (x 69B)
Class org.jetbrains.kotlin.incremental.ClasspathSnapshotFiles$Companion               : loaded 2 times (x 69B)
Class org.jetbrains.kotlin.gradle.plugin.mpp.compilationImpl.KotlinCreateLifecycleTasksSideEffectKt: loaded 2 times (x 69B)
Class [Lorg.jetbrains.kotlin.statistics.ValueAnonymizer;                              : loaded 2 times (x 67B)
Class org.jetbrains.kotlin.config.LanguageFeature                                     : loaded 2 times (x 78B)
Class com.google.common.collect.AbstractMapBasedMultimap$Itr                          : loaded 2 times (x 81B)
Class org.jetbrains.kotlin.gradle.targets.js.npm.DevNpmDependencyExtension            : loaded 2 times (x 68B)
Class com.google.common.base.Converter                                                : loaded 2 times (x 88B)
Class org.jetbrains.kotlin.gradle.artifacts.KotlinLegacyMetadataArtifactKt$KotlinLegacyMetadataArtifact$1: loaded 2 times (x 72B)
Class com.google.common.collect.ImmutableSortedSetFauxverideShim                      : loaded 2 times (x 145B)
Class org.jetbrains.kotlin.gradle.plugin.mpp.AbstractKotlinCompilation                : loaded 2 times (x 189B)
Class org.jetbrains.kotlin.gradle.plugin.statistics.KotlinBuildStatsConfiguration$Companion: loaded 2 times (x 69B)
Class org.jetbrains.kotlin.descriptors.DescriptorVisibilities$1                       : loaded 2 times (x 77B)
Class kotlin.Lazy                                                                     : loaded 2 times (x 68B)
Class org.jetbrains.kotlin.daemon.common.DaemonJVMOptions$restMapper$1                : loaded 2 times (x 135B)
Class org.jetbrains.kotlin.gradle.plugin.mpp.KotlinCompilationsKt$addSourcesToKotlinCompileTask$configureAction$2: loaded 2 times (x 77B)
Class com.google.common.collect.ImmutableSet$EmptySetBuilderImpl                      : loaded 2 times (x 74B)
Class org.jetbrains.kotlin.descriptors.DescriptorVisibilities$2                       : loaded 2 times (x 77B)
Class kotlin.comparisons.ComparisonsKt                                                : loaded 2 times (x 69B)
Class org.jetbrains.kotlin.gradle.targets.KotlinTargetSideEffect                      : loaded 2 times (x 68B)
Class org.jetbrains.kotlin.descriptors.DescriptorVisibilities$3                       : loaded 2 times (x 77B)
Class org.jetbrains.kotlin.descriptors.DescriptorVisibilities$4                       : loaded 2 times (x 77B)
Class org.jetbrains.kotlin.gradle.dsl.KotlinTopLevelExtensionConfig                   : loaded 2 times (x 68B)
Class org.jetbrains.kotlin.config.JvmDefaultMode                                      : loaded 2 times (x 77B)
Class org.jetbrains.kotlin.descriptors.DescriptorVisibilities$5                       : loaded 2 times (x 77B)
Class kotlin.io.FilesKt                                                               : loaded 2 times (x 69B)
Class org.jetbrains.kotlin.daemon.common.DaemonJVMOptions                             : loaded 2 times (x 73B)
Class org.jetbrains.kotlin.descriptors.DescriptorVisibilities$6                       : loaded 2 times (x 77B)
Class kotlin.collections.CollectionsKt__CollectionsKt                                 : loaded 2 times (x 69B)
Class org.jetbrains.kotlin.gradle.plugin.diagnostics.TransformActionUsingKotlinToolingDiagnostics: loaded 2 times (x 68B)
Class [Lorg.jetbrains.kotlin.config.JvmDefaultMode;                                   : loaded 2 times (x 67B)
Class org.jetbrains.kotlin.descriptors.DescriptorVisibilities$7                       : loaded 2 times (x 77B)
Class org.jetbrains.kotlin.build.report.metrics.BuildPerformanceMetrics               : loaded 2 times (x 70B)
Class [Lorg.jetbrains.kotlin.gradle.dsl.JvmTarget;                                    : loaded 2 times (x 67B)
Class org.jetbrains.kotlin.descriptors.DescriptorVisibilities$8                       : loaded 2 times (x 77B)
Class org.jetbrains.kotlin.gradle.internal.properties.PropertiesBuildService$localProperties$2: loaded 2 times (x 77B)
Class org.jetbrains.kotlin.descriptors.DescriptorVisibilities$9                       : loaded 2 times (x 77B)
Class kotlin.io.FileSystemException                                                   : loaded 2 times (x 80B)
Class org.jetbrains.kotlin.gradle.targets.metadata.KotlinMetadataTargetConfiguratorKt$metadataCompilationsCreated$2: loaded 2 times (x 76B)
Class com.google.common.base.Equivalence                                              : loaded 2 times (x 80B)
Class org.jetbrains.kotlin.metadata.ProtoBuf$Annotation$ArgumentOrBuilder             : loaded 2 times (x 68B)
Class org.jetbrains.kotlin.metadata.jvm.JvmProtoBuf                                   : loaded 2 times (x 69B)
Class com.google.common.primitives.Ints                                               : loaded 2 times (x 69B)
Class com.google.common.cache.LocalCache$EntryFactory$1                               : loaded 2 times (x 81B)
Class com.google.gson.stream.JsonReader$1                                             : loaded 2 times (x 70B)
Class org.jetbrains.org.objectweb.asm.MethodWriter                                    : loaded 2 times (x 103B)
Class kotlin.collections.ArraysKt__ArraysKt                                           : loaded 2 times (x 69B)
Class org.jetbrains.kotlin.daemon.client.KotlinCompilerClient$checkDaemonStartedProperly$stdoutThread$1$1: loaded 2 times (x 77B)
Class org.jetbrains.kotlin.gradle.plugin.KotlinPluginWrapperKt$kotlinPluginVersionFromResources$1$1: loaded 2 times (x 69B)
Class com.google.common.cache.LocalCache$EntryFactory$2                               : loaded 2 times (x 81B)
Class com.google.common.collect.ImmutableSet$SerializedForm                           : loaded 2 times (x 71B)
Class com.google.common.cache.LocalCache$EntryFactory$3                               : loaded 2 times (x 81B)
Class [Lorg.jetbrains.kotlin.protobuf.Internal$EnumLite;                              : loaded 2 times (x 67B)
Class org.jetbrains.kotlin.gradle.plugin.ProjectLocalConfigurations                   : loaded 2 times (x 69B)
Class com.google.common.cache.LocalCache$EntryFactory$4                               : loaded 2 times (x 81B)
Class org.jetbrains.kotlin.serialization.deserialization.ProtoEnumFlagsUtilsKt$WhenMappings: loaded 2 times (x 69B)
Class org.jetbrains.kotlin.gradle.plugin.KotlinSourceSet$Companion                    : loaded 2 times (x 69B)
Class com.google.common.cache.LocalCache$EntryFactory$5                               : loaded 2 times (x 81B)
Class [Lorg.jetbrains.kotlin.daemon.common.CompilationResultCategory;                 : loaded 2 times (x 67B)
Class com.google.common.cache.LocalCache$EntryFactory$6                               : loaded 2 times (x 81B)
Class org.jetbrains.kotlin.gradle.tasks.DefaultKotlinJavaToolchain$getToolsJarFromJvm$1: loaded 2 times (x 73B)
Class com.google.common.cache.LocalCache$EntryFactory$7                               : loaded 2 times (x 81B)
Class org.jetbrains.kotlin.gradle.plugin.PropertiesProvider$PropertyNames             : loaded 2 times (x 69B)
Class com.google.common.cache.LocalCache$EntryFactory$8                               : loaded 2 times (x 81B)
Class org.jetbrains.org.objectweb.asm.tree.ParameterNode                              : loaded 2 times (x 71B)
Class kotlin.reflect.KDeclarationContainer                                            : loaded 2 times (x 68B)
Class org.jetbrains.kotlin.protobuf.WireFormat                                        : loaded 2 times (x 69B)
Class org.jetbrains.kotlin.gradle.artifacts.KotlinTargetArtifact$Companion            : loaded 2 times (x 69B)
Class com.google.common.base.Predicate                                                : loaded 2 times (x 68B)
Class com.google.common.io.ByteSource                                                 : loaded 2 times (x 82B)
Class org.jetbrains.kotlin.gradle.tasks.KotlinCompile                                 : loaded 2 times (x 496B)
Class org.jetbrains.kotlin.gradle.dsl.KotlinSingleJavaTargetExtension                 : loaded 2 times (x 122B)
Class kotlin.text.StringsKt                                                           : loaded 2 times (x 69B)
Class org.jetbrains.kotlin.gradle.plugin.mpp.compilationImpl.KotlinCompilationImpl    : loaded 2 times (x 138B)
Class com.google.common.cache.LocalCache$StrongValueReference                         : loaded 2 times (x 88B)
Class org.gradle.internal.classloader.FilteringClassLoader                            : loaded 2 times (x 102B)
Class org.jetbrains.org.objectweb.asm.TypeReference                                   : loaded 2 times (x 78B)
Class com.google.common.collect.AbstractMapBasedMultimap$WrappedCollection            : loaded 2 times (x 122B)
Class org.jetbrains.kotlin.gradle.plugin.mpp.KotlinTargetSoftwareComponentImplKt$KotlinTargetSoftwareComponent$1: loaded 2 times (x 93B)
Class org.jetbrains.kotlin.gradle.report.GradleBuildMetricsReporter                   : loaded 2 times (x 96B)
Class org.jetbrains.kotlin.gradle.plugin.mpp.KotlinTargetComponentWithPublication     : loaded 2 times (x 68B)
Class [Lorg.jetbrains.kotlin.metadata.ProtoBuf$VersionRequirement$Level;              : loaded 2 times (x 67B)
Class org.jetbrains.kotlin.resolve.jvm.JvmClassName                                   : loaded 2 times (x 74B)
Class org.jetbrains.kotlin.daemon.common.OSKind                                       : loaded 2 times (x 77B)
Class jdk.internal.jimage.ImageReader$Resource                                        : loaded 2 times (x 82B)
Class com.google.common.collect.RegularImmutableSet                                   : loaded 2 times (x 146B)
Class org.jetbrains.kotlin.gradle.plugin.internal.BuildIdService                      : loaded 2 times (x 74B)
Class org.jetbrains.kotlin.metadata.jvm.JvmProtoBuf$StringTableTypes$Record           : loaded 2 times (x 117B)
Class org.jetbrains.kotlin.gradle.internal.properties.PropertiesBuildService$GradleProperty: loaded 2 times (x 68B)
Class com.google.common.collect.ComparisonChain$InactiveComparisonChain               : loaded 2 times (x 78B)
Class org.jetbrains.kotlin.compilerRunner.OutputItemsCollectorImpl                    : loaded 2 times (x 75B)
Class org.jetbrains.kotlin.gradle.utils.GradleUtilsKt$registerClassLoaderScopedBuildService$1: loaded 2 times (x 72B)
Class jdk.internal.jrtfs.SystemImage                                                  : loaded 2 times (x 72B)
Class [Lorg.jetbrains.kotlin.gradle.report.BuildReportMode;                           : loaded 2 times (x 67B)
Class kotlin.reflect.KCallable                                                        : loaded 2 times (x 68B)
Class org.jetbrains.kotlin.daemon.common.OptionsGroup                                 : loaded 2 times (x 68B)
Class org.jetbrains.kotlin.incremental.ClasspathChanges                               : loaded 2 times (x 69B)
Class org.jetbrains.kotlin.gradle.plugin.KotlinTarget$DefaultImpls                    : loaded 2 times (x 69B)
Class [Lcom.google.common.cache.LocalCache$Strength;                                  : loaded 2 times (x 67B)
Class org.gradle.internal.classpath.DefaultClassPath$ImmutableUniqueList$Builder      : loaded 2 times (x 73B)
Class com.google.common.collect.AbstractRangeSet                                      : loaded 2 times (x 112B)
Class com.google.common.collect.ExplicitOrdering                                      : loaded 2 times (x 113B)
Class org.jetbrains.kotlin.gradle.tasks.configuration.AbstractKotlinCompileConfig$2$2$1: loaded 2 times (x 73B)
Class org.jetbrains.kotlin.gradle.model.builder.KotlinModelBuilder                    : loaded 2 times (x 74B)
Class [Lorg.jetbrains.kotlin.gradle.plugin.KotlinCompilation;                         : loaded 2 times (x 67B)
Class org.jetbrains.kotlin.gradle.plugin.mpp.resources.resolve.KotlinTargetResourcesResolutionStrategy: loaded 2 times (x 77B)
Class kotlin.UninitializedPropertyAccessException                                     : loaded 2 times (x 80B)
Class com.google.common.collect.SortedSetMultimap                                     : loaded 2 times (x 68B)
Class org.jetbrains.kotlin.gradle.plugin.KotlinGradleBuildServices$Parameters         : loaded 2 times (x 68B)
Class com.google.common.collect.Maps$8                                                : loaded 2 times (x 80B)
Class org.jetbrains.kotlin.descriptors.Visibilities$Unknown                           : loaded 2 times (x 77B)
Class org.jetbrains.kotlin.gradle.plugin.PropertiesProvider$Companion                 : loaded 2 times (x 69B)
Class org.jetbrains.kotlin.protobuf.GeneratedMessageLite$ExtendableMessage            : loaded 2 times (x 111B)
Class com.google.common.base.PatternCompiler                                          : loaded 2 times (x 68B)
Class org.jetbrains.kotlin.gradle.plugin.KotlinGradleBuildServices$Companion          : loaded 2 times (x 69B)
Class org.jetbrains.kotlin.gradle.utils.ReportUtilsKt                                 : loaded 2 times (x 69B)
Class org.jetbrains.kotlin.gradle.logging.GradleLoggingUtilsKt                        : loaded 2 times (x 69B)
Class [Lcom.google.common.cache.CacheBuilder$NullListener;                            : loaded 2 times (x 67B)
Class com.google.common.io.CharStreams$NullWriter                                     : loaded 2 times (x 97B)
Class com.google.common.base.CharMatcher$InRange                                      : loaded 2 times (x 109B)
Class org.jetbrains.kotlin.gradle.tasks.AbstractKotlinCompile$friendPathsSet$1        : loaded 2 times (x 73B)
Class com.google.common.collect.HashMultimap                                          : loaded 2 times (x 172B)
Class com.google.common.collect.Maps$KeySet                                           : loaded 2 times (x 135B)
Class org.jetbrains.kotlin.gradle.plugin.diagnostics.ToolingDiagnostic$Severity       : loaded 2 times (x 77B)
Class org.jetbrains.org.objectweb.asm.Handler                                         : loaded 2 times (x 70B)
Class org.jetbrains.org.objectweb.asm.tree.UnsupportedClassVersionException           : loaded 2 times (x 80B)
Class com.google.common.collect.ImmutableMultimap$EntryCollection                     : loaded 2 times (x 125B)
Class org.jetbrains.kotlin.statistics.metrics.IMetricContainer                        : loaded 2 times (x 68B)
Class com.google.common.collect.Sets$SetView                                          : loaded 2 times (x 136B)
Class org.jetbrains.kotlin.compilerRunner.GradleCompilerRunnerWithWorkers$GradleKotlinCompilerWorkParameters$Inject: loaded 2 times (x 112B)
Class org.jetbrains.org.objectweb.asm.tree.LdcInsnNode                                : loaded 2 times (x 76B)
Class org.jetbrains.kotlin.metadata.ProtoBuf$Constructor                              : loaded 2 times (x 122B)
Class org.jetbrains.kotlin.statistics.metrics.BooleanOverridePolicy$OVERRIDE          : loaded 2 times (x 83B)
Class org.jetbrains.kotlin.gradle.plugin.mpp.compilationImpl.factory.KotlinCompilationImplFactory$create$1: loaded 2 times (x 73B)
Class org.jetbrains.kotlin.statistics.metrics.StringOverridePolicy$OVERRIDE           : loaded 2 times (x 83B)
Class com.google.common.collect.BiMap                                                 : loaded 2 times (x 68B)
Class com.google.common.collect.Lists                                                 : loaded 2 times (x 69B)
Class jdk.internal.jrtfs.JrtDirectoryStream$1                                         : loaded 2 times (x 81B)
Class org.jetbrains.kotlin.gradle.internal.StdlibDependencyManagementKt$configureStdlibVersionAlignment$1$1: loaded 2 times (x 73B)
Class org.objectweb.asm.AnnotationWriter                                              : loaded 2 times (x 77B)
Class org.jetbrains.kotlin.gradle.plugin.diagnostics.checkers.OverriddenKotlinNativeHomeChecker$StdlibExistenceCheckerValueSource$Params$Inject: loaded 2 times (x 104B)
Class com.google.common.math.IntMath$1                                                : loaded 2 times (x 69B)
Class org.jetbrains.kotlin.gradle.plugin.DefaultKotlinBasePlugin$addKotlinCompilerConfiguration$2$1$1: loaded 2 times (x 73B)
Class org.jetbrains.kotlin.gradle.plugin.diagnostics.checkers.InternalGradlePropertiesUsageChecker: loaded 2 times (x 72B)
Class org.jetbrains.kotlin.statistics.metrics.StringOverridePolicy                    : loaded 2 times (x 83B)
Class org.gradle.internal.classloader.ClassLoaderVisitor                              : loaded 2 times (x 74B)
Class [Lorg.jetbrains.org.objectweb.asm.Label;                                        : loaded 2 times (x 67B)
Class [Lorg.jetbrains.kotlin.tooling.core.HasMutableExtras;                           : loaded 2 times (x 67B)
Class org.jetbrains.kotlin.gradle.dsl.PlatformSourceSetConventionsChecker$nativeTargetPresets$1$1: loaded 2 times (x 77B)
Class org.jetbrains.kotlin.gradle.plugin.BuildEventsListenerRegistryHolder_Decorated  : loaded 2 times (x 117B)
Class org.jetbrains.kotlin.daemon.common.MultiModuleICSettings                        : loaded 2 times (x 70B)
Class org.jetbrains.kotlin.gradle.plugin.statistics.DefaultKotlinBuildStatsBeanService: loaded 2 times (x 90B)
Class org.objectweb.asm.Label                                                         : loaded 2 times (x 71B)
Class org.jetbrains.kotlin.gradle.plugin.diagnostics.CheckKotlinGradlePluginConfigurationErrors: loaded 2 times (x 315B)
Class org.jetbrains.kotlin.gradle.plugin.KotlinPluginLifecycleKt$await$1              : loaded 2 times (x 86B)
Class org.jetbrains.kotlin.gradle.artifacts.KotlinJvmJarArtifactKt                    : loaded 2 times (x 69B)
Class com.google.common.cache.CacheBuilder$NullListener                               : loaded 2 times (x 80B)
Class org.jetbrains.kotlin.utils.SmartList                                            : loaded 2 times (x 161B)
Class org.jetbrains.kotlin.gradle.plugin.KotlinCompilerArgumentsProducer$ContributeCompilerArgumentsContext: loaded 2 times (x 68B)
Class org.jetbrains.kotlin.gradle.tasks.DefaultKotlinJavaToolchain$javaVersion$1      : loaded 2 times (x 72B)
Class org.jetbrains.kotlin.gradle.tasks.DefaultKotlinJavaToolchain                    : loaded 2 times (x 75B)
Class org.jetbrains.kotlin.gradle.plugin.KotlinPluginLifecycleImpl$executeCurrentStageAndScheduleNext$3: loaded 2 times (x 73B)
Class org.jetbrains.kotlin.tooling.core.Extras$Type$Companion                         : loaded 2 times (x 69B)
Class org.jetbrains.kotlin.gradle.plugin.KotlinPluginLifecycleImpl$start$3            : loaded 2 times (x 77B)
Class org.jetbrains.kotlin.gradle.internal.properties.NativePropertiesLoader$downloadFromMaven$1: loaded 2 times (x 73B)
Class com.google.common.collect.ImmutableMultimap                                     : loaded 2 times (x 145B)
Class org.jetbrains.kotlin.metadata.ProtoBuf$TypeAliasOrBuilder                       : loaded 2 times (x 68B)
Class org.jetbrains.kotlin.gradle.plugin.KotlinPluginLifecycle$ProjectConfigurationResult: loaded 2 times (x 69B)
Class org.jetbrains.kotlin.gradle.plugin.internal.CompatibilityConventionRegistrarKt  : loaded 2 times (x 69B)
Class com.google.common.math.MathPreconditions                                        : loaded 2 times (x 69B)
Class org.jetbrains.kotlin.protobuf.ByteString$ByteIterator                           : loaded 2 times (x 68B)
Class org.jetbrains.kotlin.daemon.client.KotlinCompilerClient$connectAndLease$1$result$1: loaded 2 times (x 77B)
Class org.jetbrains.kotlin.gradle.internal.ClassLoadersCachingBuildService            : loaded 2 times (x 74B)
Class org.jetbrains.kotlin.metadata.ProtoBuf$TypeTable                                : loaded 2 times (x 107B)
Class com.google.common.io.ByteStreams$1                                              : loaded 2 times (x 83B)
Class [Lorg.jetbrains.kotlin.konan.target.Family;                                     : loaded 2 times (x 67B)
Class org.jetbrains.kotlin.gradle.tasks.AbstractKotlinCompile$compilerRunner$1        : loaded 2 times (x 73B)
Class org.jetbrains.kotlin.gradle.plugin.mpp.compilationImpl.KotlinCompilationSourceSetInclusion: loaded 2 times (x 70B)
Class org.jetbrains.kotlin.gradle.targets.native.ConfigureFrameworkExportSideEffectKt : loaded 2 times (x 69B)
Class kotlin.text.StringsKt__RegexExtensionsKt                                        : loaded 2 times (x 69B)
Class org.jetbrains.kotlin.gradle.tasks.configuration.BaseKotlinCompileConfig$1$classpathConfiguration$1: loaded 2 times (x 73B)
Class org.jetbrains.kotlin.gradle.plugin.KotlinPluginLifecycle$IllegalLifecycleException: loaded 2 times (x 80B)
Class org.jetbrains.kotlin.gradle.plugin.diagnostics.ToolingDiagnostic                : loaded 2 times (x 70B)
Class org.jetbrains.kotlin.gradle.plugin.sources.DefaultKotlinSourceSetFactory        : loaded 2 times (x 78B)
Class org.jetbrains.kotlin.gradle.plugin.KotlinCompilationInfo                        : loaded 2 times (x 86B)
Class org.jetbrains.kotlin.tooling.core.Extras$Entry                                  : loaded 2 times (x 70B)
Class org.jetbrains.kotlin.gradle.internal.ClassLoadersCachingBuildService$Companion  : loaded 2 times (x 69B)
Class org.jetbrains.kotlin.gradle.plugin.KotlinCompilerArgumentsProducer$ArgumentType : loaded 2 times (x 77B)
Class org.jetbrains.kotlin.konan.target.HostManager$Companion                         : loaded 2 times (x 69B)
Class [Lorg.jetbrains.kotlin.metadata.ProtoBuf$VersionRequirement$VersionKind;        : loaded 2 times (x 67B)
Class org.jetbrains.org.objectweb.asm.Frame                                           : loaded 2 times (x 71B)
Class org.jetbrains.kotlin.buildtools.api.SourcesChanges                              : loaded 2 times (x 68B)
Class org.gradle.internal.service.DefaultServiceLocator                               : loaded 2 times (x 81B)
Class org.jetbrains.kotlin.protobuf.SmallSortedMap$EmptySet$1                         : loaded 2 times (x 76B)
Class [Lorg.jetbrains.kotlin.daemon.common.ReportCategory;                            : loaded 2 times (x 67B)
Class org.jetbrains.kotlin.gradle.report.UsesBuildMetricsService                      : loaded 2 times (x 68B)
Class org.jetbrains.kotlin.protobuf.SmallSortedMap$EmptySet$2                         : loaded 2 times (x 76B)
Class kotlin.text.StringsKt__StringBuilderJVMKt                                       : loaded 2 times (x 69B)
Class org.gradle.internal.service.UnknownServiceException                             : loaded 2 times (x 81B)
Class org.jetbrains.kotlin.gradle.plugin.mpp.InternalKotlinTargetKt                   : loaded 2 times (x 69B)
Class org.jetbrains.kotlin.gradle.plugin.mpp.compilationImpl.DefaultKotlinCompilationConfigurationsContainer: loaded 2 times (x 83B)
Class kotlin.collections.SetsKt___SetsKt                                              : loaded 2 times (x 69B)
Class org.jetbrains.kotlin.gradle.tasks.DefaultKotlinJavaToolchain_Decorated          : loaded 2 times (x 124B)
Class org.jetbrains.kotlin.gradle.tasks.CInteropProcess                               : loaded 2 times (x 345B)
Class org.jetbrains.kotlin.gradle.plugin.mpp.KotlinWithJavaTarget                     : loaded 2 times (x 164B)
Class org.jetbrains.kotlin.gradle.internal.properties.NativePropertiesLoader$isUseXcodeMessageStyleEnabled$1: loaded 2 times (x 73B)
Class com.google.common.util.concurrent.AbstractFuture$SynchronizedHelper             : loaded 2 times (x 76B)
Class com.google.common.collect.ArrayListMultimap                                     : loaded 2 times (x 170B)
Class org.jetbrains.kotlin.daemon.client.DaemonReportingTargets                       : loaded 2 times (x 70B)
Class org.jetbrains.kotlin.gradle.targets.native.internal.AddKotlinPlatformIntegersSupportLibraryKt$AddKotlinPlatformIntegersSupportLibrary$1: loaded 2 times (x 93B)
Class org.jetbrains.kotlin.gradle.dsl.ExplicitApiMode                                 : loaded 2 times (x 77B)
Class org.jetbrains.kotlin.protobuf.MessageLite                                       : loaded 2 times (x 68B)
Class org.jetbrains.kotlin.gradle.plugin.diagnostics.checkers.AndroidSourceSetLayoutV1SourceSetsNotFoundChecker: loaded 2 times (x 72B)
Class org.jetbrains.kotlin.compilerRunner.GradleCompilerRunnerWithWorkers$runCompilerAsync$1: loaded 2 times (x 73B)
Class org.jetbrains.kotlin.gradle.tasks.DefaultKotlinJavaToolchain$getToolsJarFromJvm$1$1: loaded 2 times (x 77B)
Class kotlin.text.StringsKt__StringsJVMKt                                             : loaded 2 times (x 69B)
Class [Lorg.jetbrains.kotlin.konan.target.KonanTarget;                                : loaded 2 times (x 67B)
Class org.jetbrains.kotlin.gradle.utils.ConfigurationsKt                              : loaded 2 times (x 69B)
Class com.google.common.base.Strings                                                  : loaded 2 times (x 69B)
Class org.jetbrains.kotlin.metadata.ProtoBuf$EffectOrBuilder                          : loaded 2 times (x 68B)
Class org.jetbrains.kotlin.konan.target.KonanTarget$MINGW_X64                         : loaded 2 times (x 76B)
Class org.jetbrains.kotlin.load.kotlin.KotlinJvmBinaryClass$AnnotationArrayArgumentVisitor: loaded 2 times (x 68B)
Class org.jetbrains.kotlin.daemon.common.OSKind$Companion                             : loaded 2 times (x 69B)
Class org.jetbrains.kotlin.gradle.targets.NativeForwardImplementationToApiElementsSideEffectKt$special$$inlined$KotlinTargetSideEffect$1: loaded 2 times (x 72B)
Class [Lorg.jetbrains.kotlin.statistics.metrics.BooleanMetrics;                       : loaded 2 times (x 67B)
Class com.google.common.collect.HashMultimapGwtSerializationDependencies              : loaded 2 times (x 172B)
Class org.jetbrains.kotlin.incremental.IncrementalCompilationFeatures                 : loaded 2 times (x 69B)
Class org.jetbrains.kotlin.compilerRunner.CompilerSystemPropertiesService$Parameters_Decorated: loaded 2 times (x 132B)
Class org.jetbrains.kotlin.gradle.internal.tasks.TaskWithLocalState                   : loaded 2 times (x 68B)
Class org.jetbrains.kotlin.load.kotlin.KotlinJvmBinaryClass                           : loaded 2 times (x 68B)
Class com.google.common.io.Closer                                                     : loaded 2 times (x 76B)
Class org.jetbrains.kotlin.gradle.plugin.mpp.HierarchyAttributeContainer$1            : loaded 2 times (x 76B)
Class org.jetbrains.kotlin.gradle.plugin.diagnostics.checkers.AndroidSourceSetLayoutV1SourceSetsNotFoundChecker$androidSourceSetRegex$2: loaded 2 times (x 76B)
Class org.jetbrains.kotlin.daemon.common.StringPropMapper$3                           : loaded 2 times (x 123B)
Class com.google.common.cache.LocalCache$Values                                       : loaded 2 times (x 116B)
Class org.jetbrains.kotlin.gradle.internal.KotlinDependenciesManagementKt$configureDefaultVersionsResolutionStrategy$1$1: loaded 2 times (x 73B)
Class org.jetbrains.kotlin.gradle.internal.Kapt3GradleSubplugin                       : loaded 2 times (x 81B)
Class com.google.common.cache.CacheLoader$InvalidCacheLoadException                   : loaded 2 times (x 80B)
Class org.jetbrains.kotlin.gradle.plugin.KotlinPluginLifecycleCoroutineContextElement$Key: loaded 2 times (x 69B)
Class org.gradle.internal.classloader.DefaultClassLoaderFactory                       : loaded 2 times (x 80B)
Class jdk.internal.jimage.ImageReader$SharedImageReader                               : loaded 2 times (x 93B)
Class com.google.common.collect.UnmodifiableIterator                                  : loaded 2 times (x 78B)
Class org.jetbrains.kotlin.gradle.plugin.mpp.compilationImpl.CreateCInteropTasksSideEffectKt$special$$inlined$KotlinCompilationSideEffect$1: loaded 2 times (x 72B)
Class org.jetbrains.kotlin.gradle.dsl.KotlinTargetContainerWithJsPresetFunctions      : loaded 2 times (x 68B)
Class org.jetbrains.kotlin.gradle.internal.properties.PropertiesBuildService$Params$Inject: loaded 2 times (x 104B)
Class com.google.common.base.Stopwatch                                                : loaded 2 times (x 70B)
Class org.jetbrains.kotlin.daemon.client.DaemonProblemReportingOutputListener         : loaded 2 times (x 68B)
Class org.jetbrains.kotlin.konan.target.KonanTarget$LINUX_ARM32_HFP                   : loaded 2 times (x 76B)
Class com.google.common.base.Platform$JdkPatternCompiler                              : loaded 2 times (x 73B)
Class com.google.common.collect.Interners$InternerImpl                                : loaded 2 times (x 73B)
Class build_bxm6o6omxs1ohvllucxp7xwhc                                                 : loaded 2 times (x 178B)
Class org.jetbrains.kotlin.daemon.client.KotlinCompilerClient                         : loaded 2 times (x 69B)
Class org.jetbrains.kotlin.gradle.internal.tasks.TaskWithLocalStateKt                 : loaded 2 times (x 69B)
Class com.google.common.collect.Table                                                 : loaded 2 times (x 68B)
Class [Lorg.jetbrains.kotlin.config.LanguageFeature$Kind;                             : loaded 2 times (x 67B)
Class kotlin.collections.CollectionsKt__MutableCollectionsKt                          : loaded 2 times (x 69B)
Class org.jetbrains.kotlin.statistics.metrics.StatisticsValuesConsumer$DefaultImpls   : loaded 2 times (x 69B)
Class com.google.common.cache.LocalCache$LoadingValueReference                        : loaded 2 times (x 94B)
Class org.jetbrains.org.objectweb.asm.tree.LocalVariableNode                          : loaded 2 times (x 71B)
Class org.jetbrains.kotlin.gradle.utils.StringUtilsKt$lowerCamelCaseName$1            : loaded 2 times (x 123B)
Class org.jetbrains.kotlin.gradle.dsl.KotlinJvmCompilerOptionsDefault_Decorated       : loaded 2 times (x 166B)
Class Native_plugin_loader_gradle$NativePluginLoader                                  : loaded 2 times (x 70B)
Class org.jetbrains.kotlin.build.report.metrics.BuildTimes                            : loaded 2 times (x 70B)
Class org.jetbrains.kotlin.build.report.metrics.BuildAttributes$Companion             : loaded 2 times (x 69B)
Class org.jetbrains.kotlin.descriptors.DescriptorVisibilities                         : loaded 2 times (x 69B)
Class org.jetbrains.kotlin.compilerRunner.UsesCompilerSystemPropertiesService         : loaded 2 times (x 68B)
Class org.jetbrains.kotlin.gradle.plugin.mpp.AbstractKotlinTarget                     : loaded 2 times (x 154B)
Class com.google.common.base.CharMatcher$SingleWidth                                  : loaded 2 times (x 110B)
Class org.jetbrains.kotlin.gradle.internal.KotlinTestDependencyManagementKt$configureKotlinTestDependency$2: loaded 2 times (x 73B)
Class org.jetbrains.kotlin.gradle.plugin.mpp.compilationImpl.KotlinCreateCompilationArchiveTaskKt: loaded 2 times (x 69B)
Class com.google.common.collect.Hashing                                               : loaded 2 times (x 69B)
Class com.google.common.io.ByteStreams$LimitedInputStream                             : loaded 2 times (x 90B)
Class com.google.common.collect.NullsFirstOrdering                                    : loaded 2 times (x 113B)
Class org.jetbrains.kotlin.gradle.plugin.mpp.InternalKotlinTargetComponentKt          : loaded 2 times (x 69B)
Class com.google.common.collect.MapMakerInternalMap$AbstractStrongKeyEntry            : loaded 2 times (x 78B)
Class org.jetbrains.kotlin.gradle.tasks.UsesKotlinJavaToolchain$DefaultImpls          : loaded 2 times (x 69B)
Class com.google.common.collect.ImmutableRangeSet$ComplementRanges                    : loaded 2 times (x 167B)
Class org.jetbrains.kotlin.metadata.ProtoBuf$EnumEntry$1                              : loaded 2 times (x 142B)
Class org.objectweb.asm.Context                                                       : loaded 2 times (x 70B)
Class org.jetbrains.kotlin.gradle.plugin.diagnostics.UsesKotlinToolingDiagnosticsKt   : loaded 2 times (x 69B)
Class org.jetbrains.kotlin.gradle.plugin.diagnostics.checkers.InternalGradlePropertiesUsageChecker$runChecks$1: loaded 2 times (x 86B)
Class org.jetbrains.kotlin.gradle.targets.native.toolchain.KotlinNativeBundleBuildService$Parameters: loaded 2 times (x 68B)
Class org.jetbrains.org.objectweb.asm.RecordComponentVisitor                          : loaded 2 times (x 75B)
Class org.jetbrains.kotlin.gradle.utils.ConfigurationsKt$sam$org_gradle_api_Action$0  : loaded 2 times (x 73B)
Class org.jetbrains.kotlin.statistics.metrics.StringAnonymizationPolicy               : loaded 2 times (x 76B)
Class org.jetbrains.kotlin.metadata.jvm.deserialization.JvmNameResolverKt             : loaded 2 times (x 69B)
Class org.jetbrains.kotlin.metadata.ProtoBuf$TypeTable$1                              : loaded 2 times (x 142B)
Class org.jetbrains.kotlin.cli.common.arguments.InternalArgument                      : loaded 2 times (x 68B)
Class kotlin.collections.CollectionsKt__ReversedViewsKt                               : loaded 2 times (x 69B)
Class org.jetbrains.kotlin.protobuf.Internal$EnumLite                                 : loaded 2 times (x 68B)
Class com.google.common.collect.NaturalOrdering                                       : loaded 2 times (x 113B)
Class org.jetbrains.kotlin.gradle.dsl.PlatformSourceSetConventionsChecker$CheckedPlatformInfo: loaded 2 times (x 70B)
Class org.jetbrains.kotlin.incremental.ClasspathChanges$ClasspathSnapshotEnabled      : loaded 2 times (x 70B)
Class org.jetbrains.kotlin.daemon.common.DaemonJVMOptions$mappers$1                   : loaded 2 times (x 135B)
Class org.jetbrains.kotlin.gradle.plugin.KotlinPluginLifecycleKt                      : loaded 2 times (x 69B)
Class org.jetbrains.kotlin.daemon.common.DaemonJVMOptions$mappers$2                   : loaded 2 times (x 135B)
Class com.google.common.base.JdkPattern                                               : loaded 2 times (x 73B)
Class org.jetbrains.kotlin.protobuf.AbstractMessageLite$Builder$LimitedInputStream    : loaded 2 times (x 90B)
Class jdk.internal.jimage.decompressor.ZipDecompressorFactory                         : loaded 2 times (x 72B)
Class org.jetbrains.kotlin.daemon.common.DaemonJVMOptions$mappers$3                   : loaded 2 times (x 135B)
Class com.google.common.collect.ByFunctionOrdering                                    : loaded 2 times (x 113B)
Class com.google.common.base.Optional                                                 : loaded 2 times (x 78B)
Class org.jetbrains.kotlin.gradle.plugin.PropertiesProvider$kotlinCompilerArgumentsLogLevel$1: loaded 2 times (x 72B)
Class [Lorg.jetbrains.kotlin.build.report.metrics.BuildAttribute;                     : loaded 2 times (x 67B)
Class com.google.common.collect.Multimap                                              : loaded 2 times (x 68B)
Class org.jetbrains.kotlin.gradle.plugin.internal.CompatibilityConventionRegistrar$Factory: loaded 2 times (x 68B)
Class org.jetbrains.kotlin.gradle.plugin.statistics.old.Pre232IdeaKotlinBuildStatsMXBean: loaded 2 times (x 68B)
Class org.jetbrains.kotlin.daemon.common.CompilerMode                                 : loaded 2 times (x 77B)
Class org.jetbrains.kotlin.gradle.plugin.KotlinPluginLifecycle$ProjectConfigurationResult$Success: loaded 2 times (x 69B)
Class org.jetbrains.kotlin.gradle.internal.properties.PropertiesBuildService$MemoizedCallable: loaded 2 times (x 73B)
Class org.jetbrains.kotlin.daemon.common.CompileService$CallResult$Ok                 : loaded 2 times (x 70B)
Class org.jetbrains.kotlin.gradle.utils.StoredLazyProperty$getValue$1                 : loaded 2 times (x 77B)
Class org.jetbrains.kotlin.gradle.plugin.statistics.UsesBuildFusService               : loaded 2 times (x 68B)
Class com.google.common.base.FunctionalEquivalence                                    : loaded 2 times (x 81B)
Class org.jetbrains.org.objectweb.asm.ClassTooLargeException                          : loaded 2 times (x 81B)
Class [Lorg.jetbrains.org.objectweb.asm.Attribute;                                    : loaded 2 times (x 67B)
Class org.jetbrains.kotlin.metadata.ProtoBuf$TypeTableOrBuilder                       : loaded 2 times (x 68B)
Class org.objectweb.asm.AnnotationVisitor                                             : loaded 2 times (x 76B)
Class org.objectweb.asm.RecordComponentWriter                                         : loaded 2 times (x 76B)
Class org.jetbrains.kotlin.config.AnalysisFlag                                        : loaded 2 times (x 70B)
Class org.jetbrains.kotlin.compilerRunner.GradleKotlinCompilerWorkArguments           : loaded 2 times (x 70B)
Class org.jetbrains.kotlin.gradle.tasks.configuration.BaseKotlinCompileConfig$2$1     : loaded 2 times (x 73B)
Class [Lorg.jetbrains.kotlin.statistics.metrics.NumberAnonymizationPolicy;            : loaded 2 times (x 67B)
Class org.jetbrains.kotlin.gradle.utils.SingleAction$PerformedActions                 : loaded 2 times (x 70B)
Class org.jetbrains.kotlin.protobuf.CodedInputStream                                  : loaded 2 times (x 70B)
Class org.jetbrains.kotlin.gradle.tasks.configuration.AbstractKotlinCompileConfig$1   : loaded 2 times (x 77B)
Class org.jetbrains.kotlin.gradle.plugin.KotlinCompilation$Companion                  : loaded 2 times (x 69B)
Class com.google.common.cache.LocalCache$1                                            : loaded 2 times (x 87B)
Class org.jetbrains.kotlin.gradle.plugin.mpp.ApplyUserDefinedAttributesKt$UserDefinedAttributesSetupAction$1$1: loaded 2 times (x 77B)
Class org.jetbrains.kotlin.gradle.tasks.configuration.AbstractKotlinCompileConfig$2   : loaded 2 times (x 77B)
Class com.google.common.cache.LocalCache$2                                            : loaded 2 times (x 140B)
Class org.jetbrains.kotlin.gradle.logging.GradlePrintingMessageCollector              : loaded 2 times (x 75B)
Class org.jetbrains.kotlin.statistics.fileloggers.MetricsContainer$Companion          : loaded 2 times (x 69B)
Class org.jetbrains.kotlin.compilerRunner.CompilerSystemPropertiesService$Parameters  : loaded 2 times (x 68B)
Class org.jetbrains.kotlin.konan.target.Architecture                                  : loaded 2 times (x 77B)
Class Native_plugin_loader_gradle                                                     : loaded 2 times (x 128B)
Class org.jetbrains.kotlin.gradle.plugin.KotlinPluginLifecycleKt$launchInStage$1      : loaded 2 times (x 93B)
Class org.jetbrains.kotlin.daemon.common.NetworkUtilsKt                               : loaded 2 times (x 69B)
Class com.google.common.collect.RegularImmutableBiMap                                 : loaded 2 times (x 146B)
Class org.jetbrains.kotlin.gradle.targets.js.npm.SemVer$Companion                     : loaded 2 times (x 69B)
Class kotlin.sequences.SequencesKt__SequenceBuilderKt                                 : loaded 2 times (x 69B)
Class org.jetbrains.kotlin.gradle.tasks.CompileUsingKotlinDaemonWithNormalization$DefaultImpls: loaded 2 times (x 69B)
Class org.jetbrains.kotlin.gradle.internal.properties.PropertiesBuildService$NullableStringGradleProperty: loaded 2 times (x 74B)
Class org.jetbrains.kotlin.metadata.jvm.deserialization.JvmMemberSignature$Field      : loaded 2 times (x 73B)
Class org.objectweb.asm.ModuleVisitor                                                 : loaded 2 times (x 79B)
Class org.jetbrains.kotlin.konan.target.KonanTarget$MACOS_X64                         : loaded 2 times (x 76B)
Class org.jetbrains.kotlin.gradle.plugin.mpp.KotlinUsages                             : loaded 2 times (x 69B)
Class org.jetbrains.kotlin.gradle.internal.ClassLoadersCachingBuildService$Companion$registerIfAbsent$1$1$1: loaded 2 times (x 73B)
Class org.jetbrains.kotlin.gradle.plugin.mpp.compilationImpl.KotlinCompilationSourceSetInclusion$Companion: loaded 2 times (x 69B)
Class org.jetbrains.kotlin.gradle.plugin.KotlinMultiplatformPluginWrapper             : loaded 2 times (x 84B)
Class org.jetbrains.kotlin.gradle.plugin.mpp.KotlinUsages$KotlinJavaRuntimeJarsCompatibility: loaded 2 times (x 74B)
Class kotlin.text.StringsKt__StringNumberConversionsKt                                : loaded 2 times (x 69B)
Class org.jetbrains.kotlin.gradle.targets.js.dsl.KotlinJsSubTargetContainerDsl        : loaded 2 times (x 68B)
Class org.jetbrains.kotlin.gradle.dsl.KotlinJvmCompilerOptionsDefault                 : loaded 2 times (x 104B)
Class org.gradle.internal.classloader.VisitableURLClassLoader$Spec                    : loaded 2 times (x 72B)
Class org.jetbrains.kotlin.gradle.dsl.KotlinJvmCompile$DefaultImpls                   : loaded 2 times (x 69B)
Class org.jetbrains.kotlin.statistics.metrics.IMetricContainerFactory                 : loaded 2 times (x 68B)
Class org.gradle.api.GradleException                                                  : loaded 2 times (x 80B)
Class org.jetbrains.kotlin.statistics.metrics.BooleanAnonymizationPolicy$SAFE         : loaded 2 times (x 83B)
Class com.google.common.base.CharMatcher$JavaLetterOrDigit                            : loaded 2 times (x 109B)
Class org.jetbrains.kotlin.cli.common.arguments.CommonToolArguments$Companion         : loaded 2 times (x 69B)
Class org.jetbrains.kotlin.gradle.tasks.KotlinCompile$createCompilerArguments$1       : loaded 2 times (x 77B)
Class org.gradle.api.internal.classpath.ModuleRegistry                                : loaded 2 times (x 68B)
Class org.jetbrains.kotlin.resolve.scopes.receivers.Receiver                          : loaded 2 times (x 68B)
Class com.google.common.collect.ForwardingObject                                      : loaded 2 times (x 70B)
Class org.jetbrains.kotlin.gradle.plugin.cocoapods.KotlinCocoapodsPlugin$Companion    : loaded 2 times (x 69B)
Class org.gradle.kotlin.dsl.Accessors7y9hz5zm5pocrb21isjhik2uhKt                      : loaded 2 times (x 69B)
Class org.jetbrains.kotlin.gradle.plugin.statistics.BuildFusService$Companion$registerIfAbsent$1$1: loaded 2 times (x 77B)
Class org.jetbrains.kotlin.gradle.internal.properties.NativePropertiesLoader$kotlinNativeVersion$1: loaded 2 times (x 73B)
Class com.google.common.collect.CompoundOrdering                                      : loaded 2 times (x 113B)
Class org.jetbrains.kotlin.gradle.plugin.diagnostics.checkers.WasmJsEnvironmentChecker: loaded 2 times (x 74B)
Class org.jetbrains.kotlin.statistics.metrics.NumericalMetrics$Companion              : loaded 2 times (x 69B)
Class org.jetbrains.kotlin.cli.common.arguments.Argument                              : loaded 2 times (x 68B)
Class org.jetbrains.kotlin.gradle.plugin.mpp.MppSourcesJarKt$sourcesJarTask$1         : loaded 2 times (x 93B)
Class com.google.common.cache.CacheBuilder                                            : loaded 2 times (x 70B)
Class org.objectweb.asm.ByteVector                                                    : loaded 2 times (x 77B)
Class com.google.common.collect.ImmutableCollection                                   : loaded 2 times (x 123B)
Class kotlin.collections.ArrayAsCollection                                            : loaded 2 times (x 103B)
Class org.jetbrains.kotlin.gradle.plugin.PropertiesProvider                           : loaded 2 times (x 70B)
Class org.jetbrains.kotlin.metadata.deserialization.BinaryVersion                     : loaded 2 times (x 72B)
Class org.jetbrains.kotlin.gradle.plugin.mpp.DefaultKotlinUsageContext$PublishOnlyIf  : loaded 2 times (x 68B)
Class org.jetbrains.kotlin.gradle.targets.js.npm.NpmDependencyExtensionKt$AddNpmDependencyExtensionProjectSetupAction$1$WhenMappings: loaded 2 times (x 69B)
Class org.jetbrains.kotlin.gradle.plugin.diagnostics.checkers.UnusedSourceSetsChecker : loaded 2 times (x 72B)
Class org.jetbrains.kotlin.gradle.utils.FileUtilsKt                                   : loaded 2 times (x 69B)
Class org.jetbrains.kotlin.gradle.tasks.configuration.KaptGenerateStubsConfig$Companion$wireJavaAndKotlinOutputs$1: loaded 2 times (x 77B)
Class org.jetbrains.kotlin.gradle.report.BuildReportType$Companion                    : loaded 2 times (x 69B)
Class org.jetbrains.kotlin.daemon.common.CompileService$CallResult$Good               : loaded 2 times (x 71B)
Class org.jetbrains.kotlin.gradle.plugin.diagnostics.TransformActionUsingKotlinToolingDiagnostics$Parameters: loaded 2 times (x 68B)
Class com.google.common.collect.ImmutableRangeSet                                     : loaded 2 times (x 113B)
Class org.jetbrains.kotlin.gradle.plugin.ProjectLocalConfigurations$setupAttributesMatchingStrategy$1$1: loaded 2 times (x 72B)
Class org.jetbrains.kotlin.gradle.tasks.DaemonCrashedException                        : loaded 2 times (x 80B)
Class org.jetbrains.kotlin.gradle.plugin.diagnostics.KotlinToolingDiagnosticsCollector: loaded 2 times (x 74B)
Class org.jetbrains.kotlin.tooling.core.MutableExtrasImpl                             : loaded 2 times (x 163B)
Class org.jetbrains.kotlin.gradle.plugin.mpp.compilationImpl.DefaultKotlinCompilationFriendPathsResolver: loaded 2 times (x 73B)
Class org.jetbrains.kotlin.load.kotlin.FileBasedKotlinClass$3$1                       : loaded 2 times (x 75B)
Class kotlin.jvm.internal.markers.KMappedMarker                                       : loaded 2 times (x 68B)
Class org.jetbrains.kotlin.gradle.tasks.KotlinCompile$ScriptFilterSpec                : loaded 2 times (x 73B)
Class org.jetbrains.kotlin.gradle.targets.js.npm.DefaultPeerNpmDependencyExtension    : loaded 2 times (x 139B)
Class org.jetbrains.kotlin.gradle.dsl.KotlinGradlePluginPublicDsl                     : loaded 2 times (x 68B)
Class com.google.common.base.PairwiseEquivalence                                      : loaded 2 times (x 81B)
Class com.google.common.base.Ticker                                                   : loaded 2 times (x 70B)
Class org.jetbrains.kotlin.metadata.jvm.JvmProtoBuf$StringTableTypes$Record$1         : loaded 2 times (x 142B)
Class org.jetbrains.kotlin.gradle.internal.KotlinTestDependencyManagementKt$configureKotlinTestDependency$1: loaded 2 times (x 77B)
Class org.jetbrains.kotlin.gradle.plugin.KotlinJsCompilerTypeHolder                   : loaded 2 times (x 68B)
Class org.gradle.api.internal.ClassPathProvider                                       : loaded 2 times (x 68B)
Class com.google.common.base.Ascii                                                    : loaded 2 times (x 69B)
Class com.google.common.collect.RegularImmutableMap$Values                            : loaded 2 times (x 167B)
Class org.jetbrains.kotlin.metadata.ProtoBuf$VersionRequirement$Level                 : loaded 2 times (x 80B)
Class org.jetbrains.kotlin.metadata.ProtoBuf$Annotation$Argument$Value$Type$1         : loaded 2 times (x 72B)
Class org.jetbrains.kotlin.gradle.plugin.KotlinPluginLifecycle$Stage                  : loaded 2 times (x 77B)
Class org.jetbrains.kotlin.tooling.core.MutableExtrasImpl$Companion                   : loaded 2 times (x 69B)
Class org.jetbrains.kotlin.gradle.utils.StoredProperty                                : loaded 2 times (x 68B)
Class org.jetbrains.kotlin.cli.common.arguments.CommonCompilerArguments$VersionKind   : loaded 2 times (x 77B)
Class org.jetbrains.kotlin.cli.common.arguments.CommonCompilerArguments$Companion     : loaded 2 times (x 69B)
Class org.jetbrains.kotlin.serialization.deserialization.ProtoEnumFlagsUtilsKt        : loaded 2 times (x 69B)
Class org.jetbrains.kotlin.gradle.plugin.diagnostics.checkers.OverriddenKotlinNativeHomeChecker$StdlibExistenceCheckerValueSource$Params_Decorated: loaded 2 times (x 132B)
Class [Lorg.jetbrains.kotlin.metadata.ProtoBuf$Visibility;                            : loaded 2 times (x 67B)
Class org.jetbrains.kotlin.gradle.plugin.mpp.compilationImpl.KotlinCompilationTaskNamesContainer: loaded 2 times (x 70B)
Class org.objectweb.asm.ModuleWriter                                                  : loaded 2 times (x 80B)
Class org.gradle.internal.classloader.ClasspathUtil$1                                 : loaded 2 times (x 74B)
Class org.jetbrains.kotlin.daemon.client.KotlinCompilerClientKt$report$sourceMessage$2: loaded 2 times (x 77B)
Class org.jetbrains.kotlin.gradle.plugin.CreateCompilerArgumentsContextImpl$ContributeCompilerArgumentsContextImpl: loaded 2 times (x 77B)
Class org.jetbrains.kotlin.konan.target.KonanTarget$IOS_SIMULATOR_ARM64               : loaded 2 times (x 76B)
Class org.jetbrains.kotlin.gradle.tasks.CacheableTasksKt                              : loaded 2 times (x 69B)
Class org.jetbrains.kotlin.gradle.plugin.mpp.compilationImpl.factory.KotlinCompilationImplFactory$ProcessResourcesTaskNameFactory: loaded 2 times (x 68B)
Class org.jetbrains.kotlin.gradle.plugin.KotlinPluginLifecycle                        : loaded 2 times (x 68B)
Class org.jetbrains.kotlin.gradle.plugin.diagnostics.KotlinToolingDiagnostics$WasmWasiEnvironmentNotChosenExplicitly: loaded 2 times (x 71B)
Class org.jetbrains.kotlin.metadata.ProtoBuf$VersionRequirement$VersionKind           : loaded 2 times (x 80B)
Class org.jetbrains.kotlin.gradle.plugin.mpp.compilationImpl.KotlinCompilationCompilerOptionsFromTargetConfigurator: loaded 2 times (x 72B)
Class com.google.common.collect.ImmutableEnumMap                                      : loaded 2 times (x 123B)
Class org.jetbrains.kotlin.gradle.plugin.sources.KotlinSourceSetFactory               : loaded 2 times (x 78B)
Class org.jetbrains.kotlin.protobuf.LazyFieldLite                                     : loaded 2 times (x 80B)
Class org.jetbrains.kotlin.gradle.plugin.KotlinJvmPlugin$Companion                    : loaded 2 times (x 69B)
Class org.jetbrains.kotlin.metadata.ProtoBuf$Function                                 : loaded 2 times (x 147B)
Class org.jetbrains.kotlin.konan.target.KonanTarget$TVOS_SIMULATOR_ARM64              : loaded 2 times (x 76B)
Class org.jetbrains.kotlin.metadata.ProtoBuf$Annotation$Argument$ValueOrBuilder       : loaded 2 times (x 68B)
Class org.jetbrains.kotlin.daemon.common.CompilerId                                   : loaded 2 times (x 73B)
Class org.jetbrains.kotlin.gradle.tasks.KotlinCompile$ClasspathSnapshotProperties_Decorated: loaded 2 times (x 135B)
Class org.jetbrains.kotlin.gradle.plugin.DefaultKotlinBasePlugin$apply$1              : loaded 2 times (x 73B)
Class org.jetbrains.kotlin.daemon.common.DaemonOptions$mappers$10                     : loaded 2 times (x 123B)
Class org.jetbrains.kotlin.metadata.ProtoBuf$MemberKind$1                             : loaded 2 times (x 72B)
Class org.jetbrains.kotlin.daemon.common.DaemonOptions$mappers$12                     : loaded 2 times (x 135B)
Class org.jetbrains.kotlin.gradle.plugin.sources.KotlinSourceSetFactory$Companion     : loaded 2 times (x 69B)
Class org.jetbrains.kotlin.gradle.plugin.internal.CustomPropertiesFileValueSource$Parameters$Inject: loaded 2 times (x 104B)
Class com.google.common.collect.ImmutableList$ReverseImmutableList                    : loaded 2 times (x 168B)
Class org.jetbrains.kotlin.daemon.common.DaemonOptions$mappers$13                     : loaded 2 times (x 123B)
Class org.jetbrains.kotlin.gradle.plugin.diagnostics.checkers.WasmWasiEnvironmentChecker$1: loaded 2 times (x 76B)
Class org.jetbrains.kotlin.gradle.report.BuildMetricsService                          : loaded 2 times (x 84B)
Class [Lorg.jetbrains.kotlin.config.LanguageFeature$State;                            : loaded 2 times (x 67B)
Class [Lorg.jetbrains.kotlin.utils.DescriptionAware;                                  : loaded 2 times (x 67B)
Class kotlin.collections.CollectionsKt__MutableCollectionsJVMKt                       : loaded 2 times (x 69B)
Class org.jetbrains.kotlin.gradle.plugin.statistics.ExecutedTaskMetrics               : loaded 2 times (x 69B)
Class org.jetbrains.kotlin.gradle.plugin.diagnostics.checkers.WasmWasiEnvironmentChecker$2: loaded 2 times (x 76B)
Class org.jetbrains.kotlin.metadata.ProtoBuf$Contract$1                               : loaded 2 times (x 142B)
Class org.jetbrains.kotlin.daemon.common.DaemonOptions$mappers$15                     : loaded 2 times (x 135B)
Class org.jetbrains.kotlin.gradle.utils.WhenPluginEnabledKt                           : loaded 2 times (x 69B)
Class [Lorg.jetbrains.kotlin.config.ExplicitApiMode;                                  : loaded 2 times (x 67B)
Class kotlin.collections.EmptyList                                                    : loaded 2 times (x 134B)
Class org.jetbrains.kotlin.daemon.common.DaemonOptions$mappers$16                     : loaded 2 times (x 123B)
Class org.jetbrains.kotlin.gradle.tasks.GradleCompileTaskProvider                     : loaded 2 times (x 70B)
Class org.jetbrains.kotlin.gradle.plugin.mpp.compilationImpl.KotlinCompilationSourceSetInclusion$Companion$includedSourceSets$2: loaded 2 times (x 76B)
Class org.jetbrains.kotlin.gradle.plugin.DefaultKotlinBasePlugin$setupAttributeMatchingStrategy$1$1: loaded 2 times (x 77B)
Class org.jetbrains.kotlin.metadata.ProtoBuf$Property$1                               : loaded 2 times (x 142B)
Class org.jetbrains.kotlin.daemon.common.DaemonOptions$mappers$18                     : loaded 2 times (x 135B)
Class org.jetbrains.kotlin.gradle.plugin.diagnostics.CheckKotlinGradlePluginConfigurationErrors$Companion: loaded 2 times (x 69B)
Class org.jetbrains.kotlin.gradle.plugin.DefaultKotlinBasePlugin$setupAttributeMatchingStrategy$1$2: loaded 2 times (x 77B)
Class org.jetbrains.kotlin.gradle.plugin.statistics.KotlinBuildStatsLoggerService     : loaded 2 times (x 70B)
Class org.jetbrains.kotlin.protobuf.GeneratedMessageLite$ExtensionDescriptor          : loaded 2 times (x 82B)
Class org.jetbrains.kotlin.daemon.common.DaemonOptions$mappers$19                     : loaded 2 times (x 135B)
Class com.google.common.cache.AbstractCache$StatsCounter                              : loaded 2 times (x 68B)
Class org.jetbrains.kotlin.gradle.tasks.configuration.BaseKotlinCompileConfig$1$1     : loaded 2 times (x 72B)
Class org.jetbrains.kotlin.gradle.targets.KotlinTargetSideEffect$Companion            : loaded 2 times (x 69B)
Class org.objectweb.asm.FieldVisitor                                                  : loaded 2 times (x 75B)
Class org.jetbrains.kotlin.daemon.common.FileSystemUtilsKt                            : loaded 2 times (x 69B)
Class org.jetbrains.kotlin.gradle.tasks.configuration.BaseKotlinCompileConfig$1$3     : loaded 2 times (x 73B)
Class org.jetbrains.kotlin.gradle.tasks.KotlinCompilationTask                         : loaded 2 times (x 68B)
Class org.jetbrains.kotlin.statistics.metrics.NumberOverridePolicy$AVERAGE            : loaded 2 times (x 83B)
Class org.jetbrains.kotlin.gradle.plugin.diagnostics.checkers.DeprecatedKotlinNativeTargetsChecker$runChecks$1: loaded 2 times (x 86B)
Class org.objectweb.asm.Symbol                                                        : loaded 2 times (x 71B)
Class org.jetbrains.kotlin.gradle.tasks.GradleCompileTaskProviderKt                   : loaded 2 times (x 69B)
Class org.jetbrains.kotlin.gradle.tasks.KotlinJvmCompile                              : loaded 2 times (x 68B)
Class [Lorg.jetbrains.kotlin.statistics.metrics.StringOverridePolicy;                 : loaded 2 times (x 67B)
Class org.jetbrains.kotlin.daemon.common.DaemonOptions$mappers$1                      : loaded 2 times (x 135B)
Class org.jetbrains.kotlin.gradle.tasks.configuration.KaptGenerateStubsConfig$Companion: loaded 2 times (x 69B)
Class org.jetbrains.kotlin.daemon.common.DaemonOptions$mappers$2                      : loaded 2 times (x 123B)
Class org.jetbrains.kotlin.daemon.common.CompileIterationResult$Companion             : loaded 2 times (x 69B)
Class org.jetbrains.kotlin.daemon.common.DaemonOptions$mappers$3                      : loaded 2 times (x 135B)
Class com.google.common.collect.Ordering                                              : loaded 2 times (x 112B)
Class org.jetbrains.kotlin.gradle.plugin.diagnostics.checkers.CInteropInputChecker$runChecks$1: loaded 2 times (x 86B)
Class org.jetbrains.kotlin.gradle.plugin.diagnostics.KotlinToolingDiagnostics$JsLikeEnvironmentNotChosenExplicitly: loaded 2 times (x 71B)
Class org.jetbrains.kotlin.daemon.common.DaemonOptions$mappers$4                      : loaded 2 times (x 123B)
Class org.jetbrains.kotlin.gradle.plugin.diagnostics.checkers.CInteropInputChecker$runChecks$2: loaded 2 times (x 73B)
Class com.google.common.cache.LocalCache$Strength$1                                   : loaded 2 times (x 79B)
Class com.google.common.collect.EmptyImmutableListMultimap                            : loaded 2 times (x 174B)
Class org.jetbrains.kotlin.gradle.targets.native.toolchain.KotlinNativeBundleBuildService: loaded 2 times (x 75B)
Class com.google.common.cache.LocalCache$Strength$2                                   : loaded 2 times (x 79B)
Class org.jetbrains.kotlin.resolve.scopes.receivers.ReceiverValue                     : loaded 2 times (x 68B)
Class org.jetbrains.kotlin.gradle.logging.GradlePrintingMessageCollector$WhenMappings : loaded 2 times (x 69B)
Class org.jetbrains.kotlin.daemon.common.DaemonOptions$mappers$6                      : loaded 2 times (x 135B)
Class org.jetbrains.kotlin.config.Services$Builder                                    : loaded 2 times (x 70B)
Class org.jetbrains.kotlin.gradle.plugin.hierarchy.KotlinSourceSetTreeClassifierKt    : loaded 2 times (x 69B)
Class org.jetbrains.kotlin.statistics.metrics.NumericalMetrics                        : loaded 2 times (x 78B)
Class com.google.common.cache.LocalCache$Strength$3                                   : loaded 2 times (x 79B)
Class org.gradle.internal.classloader.ClassLoaderFactory                              : loaded 2 times (x 68B)
Class org.jetbrains.kotlin.daemon.common.DaemonOptions$mappers$7                      : loaded 2 times (x 123B)
Class org.jetbrains.kotlin.daemon.common.DaemonParamsKt                               : loaded 2 times (x 69B)
Class com.google.common.collect.ObjectArrays                                          : loaded 2 times (x 69B)
Class org.jetbrains.kotlin.daemon.common.DaemonOptions$mappers$9                      : loaded 2 times (x 135B)
Class org.jetbrains.kotlin.gradle.utils.ProviderApiUtilsKt$mapOrNull$1                : loaded 2 times (x 73B)
Class org.jetbrains.kotlin.gradle.plugin.mpp.compilationImpl.KotlinCreateCompilationArchiveTaskKt$KotlinCreateCompilationArchivesTask$1: loaded 2 times (x 72B)
Class org.jetbrains.kotlin.buildtools.api.KotlinLogger                                : loaded 2 times (x 68B)
Class com.google.common.base.Absent                                                   : loaded 2 times (x 78B)
Class com.google.common.util.concurrent.AbstractFuture$Waiter                         : loaded 2 times (x 70B)
Class kotlin.jvm.internal.FunctionReference                                           : loaded 2 times (x 120B)
Class org.jetbrains.kotlin.gradle.utils.Future                                        : loaded 2 times (x 68B)
Class org.jetbrains.kotlin.gradle.plugin.mpp.compilationImpl.KotlinCompilationSourceSetInclusion$include$1: loaded 2 times (x 77B)
Class com.google.common.util.concurrent.Uninterruptibles                              : loaded 2 times (x 69B)
Class com.google.common.collect.Iterators$10                                          : loaded 2 times (x 79B)
Class jdk.internal.jimage.ImageHeader                                                 : loaded 2 times (x 69B)
Class com.google.common.collect.Iterators$EmptyModifiableIterator                     : loaded 2 times (x 84B)
Class com.google.common.collect.ImmutableList                                         : loaded 2 times (x 166B)
Class org.gradle.api.internal.classpath.ManifestUtil                                  : loaded 2 times (x 69B)
Class org.gradle.api.specs.Spec                                                       : loaded 2 times (x 68B)
Class com.google.common.collect.RangeSet                                              : loaded 2 times (x 68B)
Class [Lorg.jetbrains.kotlin.gradle.targets.js.npm.NpmDependency$Scope;               : loaded 2 times (x 67B)
Class org.jetbrains.kotlin.gradle.targets.CreateDefaultCompilationsSideEffectKt$CreateDefaultCompilationsSideEffect$1: loaded 2 times (x 72B)
Class kotlin.jvm.internal.Intrinsics                                                  : loaded 2 times (x 69B)
Class org.jetbrains.kotlin.gradle.plugin.VariantImplementationFactories$Inject        : loaded 2 times (x 104B)
Class com.google.common.cache.CacheLoader$UnsupportedLoadingOperationException        : loaded 2 times (x 80B)
Class org.jetbrains.kotlin.gradle.dsl.DefaultToolchainSupport$wireToolchainToTasks$1  : loaded 2 times (x 73B)
Class org.jetbrains.kotlin.gradle.internal.properties.PropertiesBuildService$IntGradleProperty: loaded 2 times (x 74B)
Class com.google.common.base.CharMatcher$Whitespace                                   : loaded 2 times (x 110B)
Class [Lorg.jetbrains.kotlin.descriptors.CallableMemberDescriptor$Kind;               : loaded 2 times (x 67B)
Class org.jetbrains.kotlin.gradle.plugin.mpp.KotlinUsages$KotlinUsagesDisambiguation  : loaded 2 times (x 74B)
Class org.jetbrains.kotlin.gradle.utils.ProviderApiUtilsKt                            : loaded 2 times (x 69B)
Class com.google.common.util.concurrent.ListenableFuture                              : loaded 2 times (x 68B)
Class org.jetbrains.kotlin.metadata.jvm.deserialization.JvmNameResolverBase$Companion : loaded 2 times (x 69B)
Class com.google.common.collect.MapMaker$Dummy                                        : loaded 2 times (x 77B)
Class org.jetbrains.kotlin.gradle.tooling.BuildKotlinToolingMetadataTaskKt$RegisterBuildKotlinToolingMetadataTask$1: loaded 2 times (x 72B)
Class org.jetbrains.kotlin.tooling.core.ExtrasLazyProperty                            : loaded 2 times (x 68B)
Class [Lorg.jetbrains.kotlin.config.LanguageFeature;                                  : loaded 2 times (x 67B)
Class kotlin.text.StringsKt___StringsJvmKt                                            : loaded 2 times (x 69B)
Class org.jetbrains.kotlin.gradle.dsl.KotlinVersion                                   : loaded 2 times (x 77B)
Class [Lorg.jetbrains.kotlin.daemon.common.OSKind;                                    : loaded 2 times (x 67B)
Class org.jetbrains.org.objectweb.asm.tree.InvokeDynamicInsnNode                      : loaded 2 times (x 76B)
Class org.jetbrains.kotlin.gradle.plugin.KotlinCompilationInfo$TCS                    : loaded 2 times (x 87B)
Class org.jetbrains.kotlin.gradle.plugin.KotlinGradlePluginExtensionPointInternalKt   : loaded 2 times (x 69B)
Class org.jetbrains.kotlin.metadata.ProtoBuf$Expression$ConstantValue$1               : loaded 2 times (x 72B)
Class org.jetbrains.kotlin.metadata.ProtoBuf$MemberKind                               : loaded 2 times (x 80B)
Class org.jetbrains.org.objectweb.asm.ClassWriter                                     : loaded 2 times (x 102B)
Class [Lorg.jetbrains.kotlin.gradle.plugin.mpp.compilationImpl.factory.KotlinCompilationImplFactory$PostConfigure;: loaded 2 times (x 67B)
Class org.jetbrains.kotlin.gradle.targets.native.internal.SetupKotlinNativePlatformDependenciesAndStdlibKt: loaded 2 times (x 69B)
Class com.google.common.collect.Iterators$1                                           : loaded 2 times (x 79B)
Class org.jetbrains.kotlin.descriptors.DeclarationDescriptor                          : loaded 2 times (x 68B)
Class org.jetbrains.kotlin.gradle.plugin.mpp.KotlinTargetSoftwareComponentImplKt$KotlinTargetSoftwareComponent$1$1$1: loaded 2 times (x 73B)
Class org.jetbrains.kotlin.konan.target.KonanTarget$TVOS_X64                          : loaded 2 times (x 76B)
Class org.jetbrains.kotlin.gradle.artifacts.KotlinMetadataArtifactKt                  : loaded 2 times (x 69B)
Class [Lorg.jetbrains.kotlin.cli.common.ExitCode;                                     : loaded 2 times (x 67B)
Class org.jetbrains.kotlin.cli.common.ExitCode                                        : loaded 2 times (x 77B)
Class org.jetbrains.kotlin.daemon.common.ReportSeverity                               : loaded 2 times (x 77B)
Class com.google.common.collect.BaseImmutableMultimap                                 : loaded 2 times (x 121B)
Class org.jetbrains.kotlin.gradle.plugin.diagnostics.CheckKotlinGradlePluginConfigurationErrorsKt$locateOrRegisterCheckKotlinGradlePluginErrorsTask$taskProvider$1$1: loaded 2 times (x 73B)
Class org.jetbrains.kotlin.gradle.utils.KotlinExtensionUtilsKt                        : loaded 2 times (x 69B)
Class org.jetbrains.kotlin.konan.target.UtilsKt$evaluatePresetName$1                  : loaded 2 times (x 76B)
Class org.jetbrains.kotlin.gradle.tasks.KotlinCompile$createCompilerArguments$1$3$1   : loaded 2 times (x 77B)
Class org.jetbrains.kotlin.gradle.plugin.diagnostics.CheckKotlinGradlePluginConfigurationErrorsKt$locateOrRegisterCheckKotlinGradlePluginErrorsTask$taskProvider$1$2: loaded 2 times (x 72B)
Class org.jetbrains.kotlin.gradle.plugin.mpp.compilationImpl.factory.KotlinCompilationDependencyConfigurationsFactoriesKt: loaded 2 times (x 69B)
Class org.jetbrains.kotlin.gradle.internal.properties.NativePropertiesLoader$forceDisableRunningInProcess$1: loaded 2 times (x 73B)
Class com.google.common.collect.Iterators$4                                           : loaded 2 times (x 80B)
Class com.google.common.collect.RegularImmutableMap$BucketOverflowException           : loaded 2 times (x 80B)
Class org.jetbrains.kotlin.gradle.utils.SingleAction                                  : loaded 2 times (x 71B)
Class com.google.common.collect.Iterators$5                                           : loaded 2 times (x 80B)
Class com.google.common.util.concurrent.AbstractFuture$UnsafeAtomicHelper             : loaded 2 times (x 76B)
Class org.jetbrains.kotlin.daemon.common.IncrementalCompilationOptions$Companion      : loaded 2 times (x 69B)
Class org.jetbrains.kotlin.gradle.tasks.KotlinCompilerPluginData                      : loaded 2 times (x 70B)
Class org.jetbrains.kotlin.gradle.plugin.statistics.KotlinBuildStatsServicesRegistry  : loaded 2 times (x 76B)
Class com.google.common.base.Joiner                                                   : loaded 2 times (x 77B)
Class com.google.common.base.Equivalence$Equals                                       : loaded 2 times (x 80B)
Class com.google.common.base.Preconditions                                            : loaded 2 times (x 69B)
Class org.jetbrains.kotlin.daemon.common.CompilationResultCategory                    : loaded 2 times (x 77B)
Class org.jetbrains.kotlin.statistics.metrics.OverrideMetricContainer                 : loaded 2 times (x 78B)
Class org.jetbrains.kotlin.gradle.plugin.diagnostics.UsesKotlinToolingDiagnosticsParameters: loaded 2 times (x 68B)
Class com.google.common.base.Function                                                 : loaded 2 times (x 68B)
Class org.jetbrains.kotlin.gradle.plugin.internal.DefaultCompatibilityConventionRegistrar: loaded 2 times (x 72B)
Class com.google.common.collect.Iterators$9                                           : loaded 2 times (x 79B)
Class org.jetbrains.kotlin.gradle.plugin.mpp.KotlinUsageContext$MavenScope            : loaded 2 times (x 77B)
Class org.jetbrains.kotlin.config.Services                                            : loaded 2 times (x 70B)
Class org.jetbrains.kotlin.gradle.tasks.KotlinCompile$disableMultiModuleIC$2$1        : loaded 2 times (x 73B)
Class org.jetbrains.kotlin.gradle.tasks.KotlinCompile$defaultKotlinJavaToolchain$1    : loaded 2 times (x 77B)
Class org.jetbrains.kotlin.gradle.plugin.BuildFinishFlowAction$Parameters_Decorated   : loaded 2 times (x 135B)
Class org.jetbrains.kotlin.gradle.utils.ConfigurationsKt$createResolvable$1           : loaded 2 times (x 76B)
Class org.jetbrains.kotlin.gradle.plugin.statistics.KotlinBuildStatsServicesRegistry$Companion: loaded 2 times (x 69B)
Class org.jetbrains.kotlin.gradle.plugin.KotlinProjectSetupAction$Companion           : loaded 2 times (x 69B)
Class org.jetbrains.kotlin.protobuf.RopeByteString                                    : loaded 2 times (x 108B)
Class org.jetbrains.kotlin.gradle.plugin.diagnostics.ToolingDiagnosticRenderingOptions$Companion: loaded 2 times (x 69B)
Class org.jetbrains.kotlin.gradle.logging.GradleKotlinLogger                          : loaded 2 times (x 78B)
Class org.jetbrains.kotlin.gradle.plugin.mpp.compilationImpl.DefaultKotlinCompilationSourceSetsContainer$source$1: loaded 2 times (x 77B)
Class org.jetbrains.kotlin.gradle.plugin.sources.FragmentConsistencyChecks$optInAnnotationsCheck$1: loaded 2 times (x 77B)
Class org.jetbrains.kotlin.gradle.plugin.KotlinCompilation                            : loaded 2 times (x 68B)
Class org.gradle.internal.IoActions                                                   : loaded 2 times (x 69B)
Class org.jetbrains.kotlin.gradle.plugin.sources.FragmentConsistencyChecks$optInAnnotationsCheck$2: loaded 2 times (x 76B)
Class org.jetbrains.kotlin.gradle.plugin.diagnostics.checkers.KotlinTargetAlreadyDeclaredChecker: loaded 2 times (x 72B)
Class org.jetbrains.kotlin.gradle.utils.CompilerArgsUtilsKt                           : loaded 2 times (x 69B)
Class com.google.common.collect.MapMakerInternalMap$StrongKeyDummyValueEntry$Helper   : loaded 2 times (x 77B)
Class org.jetbrains.kotlin.gradle.dsl.KotlinCompile                                   : loaded 2 times (x 68B)
Class org.jetbrains.kotlin.gradle.artifacts.KotlinNativeHostSpecificMetadataArtifactKt: loaded 2 times (x 69B)
Class [Lorg.jetbrains.kotlin.daemon.common.CompilerMode;                              : loaded 2 times (x 67B)
Class com.google.common.collect.AllEqualOrdering                                      : loaded 2 times (x 112B)
Class org.jetbrains.kotlin.gradle.targets.native.toolchain.KotlinNativeBundleBuildService$Companion$registerIfAbsent$2$1$1: loaded 2 times (x 73B)
Class org.jetbrains.kotlin.gradle.plugin.VariantImplementationFactories$Companion$getProvider$1: loaded 2 times (x 73B)
Class com.google.common.collect.ComparatorOrdering                                    : loaded 2 times (x 113B)
Class org.jetbrains.kotlin.gradle.plugin.mpp.apple.swiftexport.internal.SwiftExportInitKt: loaded 2 times (x 69B)
Class org.jetbrains.kotlin.config.LanguageFeature$State                               : loaded 2 times (x 80B)
Class org.jetbrains.kotlin.gradle.plugin.diagnostics.KotlinGradleProjectCheckerContext: loaded 2 times (x 70B)
Class org.jetbrains.kotlin.gradle.plugin.mpp.DecoratedKotlinCompilation               : loaded 2 times (x 189B)
Class org.jetbrains.kotlin.gradle.targets.js.ir.KotlinJsIrTarget                      : loaded 2 times (x 258B)
Class org.jetbrains.kotlin.statistics.metrics.BooleanOverridePolicy$OR                : loaded 2 times (x 83B)
Class org.jetbrains.kotlin.daemon.client.KotlinCompilerClient$tryFindSuitableDaemonOrNewOpts$$inlined$thenBy$1: loaded 2 times (x 88B)
Class org.jetbrains.kotlin.gradle.plugin.mpp.compilationImpl.DefaultKotlinCompilationSourceSetsContainer$allKotlinSourceSetsImpl$1$1: loaded 2 times (x 78B)
Class org.jetbrains.kotlin.gradle.plugin.diagnostics.checkers.DeprecatedKotlinNativeTargetsChecker: loaded 2 times (x 72B)
Class org.jetbrains.kotlin.gradle.artifacts.KotlinTargetArtifact                      : loaded 2 times (x 68B)
Class org.jetbrains.kotlin.build.report.HttpReportSettings                            : loaded 2 times (x 70B)
Class org.jetbrains.kotlin.gradle.internal.transforms.BuildToolsApiClasspathEntrySnapshotTransform$Parameters_Decorated: loaded 2 times (x 153B)
Class com.google.common.cache.ReferenceEntry                                          : loaded 2 times (x 68B)
Class org.jetbrains.kotlin.gradle.plugin.diagnostics.checkers.JsLikeEnvironmentChecker$runChecks$1: loaded 2 times (x 86B)
Class org.jetbrains.kotlin.gradle.plugin.statistics.BuildFusService$Companion$registerIfAbsentImpl$2: loaded 2 times (x 73B)
Class com.google.common.collect.RegularImmutableMap$KeySet                            : loaded 2 times (x 148B)
Class com.google.common.collect.CollectPreconditions                                  : loaded 2 times (x 69B)
Class org.jetbrains.kotlin.metadata.ProtoBuf$Type$Argument$Projection                 : loaded 2 times (x 80B)
Class [Lorg.jetbrains.kotlin.statistics.metrics.BooleanOverridePolicy;                : loaded 2 times (x 67B)
Class kotlin.sequences.SequencesKt                                                    : loaded 2 times (x 69B)
Class org.jetbrains.kotlin.compilerRunner.ReportUtilsKt                               : loaded 2 times (x 69B)
Class com.google.common.collect.LexicographicalOrdering                               : loaded 2 times (x 113B)
Class com.google.common.primitives.IntsMethodsForWeb                                  : loaded 2 times (x 69B)
Class com.google.common.collect.ImmutableSortedMap$Builder                            : loaded 2 times (x 88B)
Class org.jetbrains.kotlin.gradle.plugin.cocoapods.KotlinCocoapodsPlugin              : loaded 2 times (x 74B)
Class com.google.common.collect.RangeGwtSerializationDependencies                     : loaded 2 times (x 69B)
Class kotlin.collections.EmptyIterator                                                : loaded 2 times (x 87B)
Class org.jetbrains.kotlin.gradle.plugin.diagnostics.checkers.KotlinSourceSetTreeDependsOnMismatchChecker$runChecks$1: loaded 2 times (x 86B)
Class [Lorg.jetbrains.kotlin.statistics.metrics.IMetricContainerFactory;              : loaded 2 times (x 67B)
Class org.jetbrains.kotlin.metadata.deserialization.Flags$BooleanFlagField            : loaded 2 times (x 74B)
Class org.jetbrains.kotlin.gradle.plugin.sources.DefaultLanguageSettingsBuilder$freeCompilerArgsProvider$1: loaded 2 times (x 93B)
Class com.google.common.collect.Maps                                                  : loaded 2 times (x 69B)
Class org.jetbrains.org.objectweb.asm.tree.TryCatchBlockNode                          : loaded 2 times (x 72B)
Class org.jetbrains.kotlin.metadata.ProtoBuf$TypeParameter$1                          : loaded 2 times (x 142B)
Class org.jetbrains.kotlin.gradle.plugin.VariantImplementationFactories$Parameters$Inject: loaded 2 times (x 104B)
Class com.google.common.collect.RegularImmutableMap                                   : loaded 2 times (x 119B)
Class jdk.internal.jimage.decompressor.StringSharingDecompressorFactory               : loaded 2 times (x 72B)
Class org.jetbrains.kotlin.compilerRunner.GradleCompilerEnvironment                   : loaded 2 times (x 71B)
Class org.jetbrains.kotlin.gradle.internal.Kapt3GradleSubplugin$Kapt3SubpluginContext : loaded 2 times (x 70B)
Class org.jetbrains.kotlin.gradle.internal.properties.NativePropertiesKt              : loaded 2 times (x 69B)
Class org.jetbrains.kotlin.gradle.plugin.KotlinCompilerArgumentsProducer$ArgumentType$Companion: loaded 2 times (x 69B)
Class org.jetbrains.kotlin.gradle.utils.GradleAttributesContainerUtilsKt$copyAttributeTo$1: loaded 2 times (x 77B)
Class [Lorg.jetbrains.kotlin.build.report.metrics.ValueType;                          : loaded 2 times (x 67B)
Class kotlin.jvm.internal.FunctionReferenceImpl                                       : loaded 2 times (x 120B)
Class org.jetbrains.kotlin.gradle.utils.FutureImpl                                    : loaded 2 times (x 78B)
Class com.google.common.collect.AbstractIndexedListIterator                           : loaded 2 times (x 94B)
Class kotlin.comparisons.ComparisonsKt___ComparisonsJvmKt                             : loaded 2 times (x 69B)
Class com.google.common.collect.ImmutableMultimap$Builder                             : loaded 2 times (x 81B)
Class org.jetbrains.kotlin.gradle.artifacts.KotlinLegacyMetadataArtifactKt            : loaded 2 times (x 69B)
Class org.jetbrains.kotlin.cli.common.arguments.ArgumentParseErrors                   : loaded 2 times (x 70B)
Class org.jetbrains.kotlin.konan.target.UtilsKt                                       : loaded 2 times (x 69B)
Class org.jetbrains.kotlin.statistics.metrics.NumberAnonymizationPolicy$RANDOM_10_PERCENT: loaded 2 times (x 83B)
Class org.jetbrains.kotlin.gradle.plugin.KotlinPluginLifecycleKt$kotlinPluginLifecycle$2: loaded 2 times (x 76B)
Class org.jetbrains.kotlin.gradle.plugin.diagnostics.checkers.OverriddenKotlinNativeHomeChecker$allKonanMainSubdirectoriesExist$1: loaded 2 times (x 73B)
Class org.jetbrains.kotlin.compilerRunner.GradleCompilerRunner                        : loaded 2 times (x 71B)
Class org.jetbrains.kotlin.compilerRunner.KotlinCompilerArgumentsLogLevel             : loaded 2 times (x 77B)
Class org.jetbrains.kotlin.gradle.targets.native.internal.CInteropConfigurationsKt    : loaded 2 times (x 69B)
Class com.google.common.base.CharMatcher$None                                         : loaded 2 times (x 110B)
Class org.jetbrains.org.objectweb.asm.tree.TypeAnnotationNode                         : loaded 2 times (x 78B)
Class org.jetbrains.kotlin.gradle.report.TaskExecutionInfo                            : loaded 2 times (x 70B)
Class org.jetbrains.kotlin.metadata.ProtoBuf$Annotation$Argument$Value$Type           : loaded 2 times (x 80B)
Class [Lorg.jetbrains.kotlin.load.kotlin.header.KotlinClassHeader$Kind;               : loaded 2 times (x 67B)
Class org.jetbrains.kotlin.gradle.plugin.BuildEventsListenerRegistryHolder            : loaded 2 times (x 70B)
Class [Lorg.objectweb.asm.Attribute;                                                  : loaded 2 times (x 67B)
Class org.jetbrains.org.objectweb.asm.AnnotationVisitor                               : loaded 2 times (x 75B)
Class org.jetbrains.kotlin.gradle.tasks.TasksProviderKt$sam$org_gradle_api_Action$0   : loaded 2 times (x 73B)
Class org.gradle.api.internal.classpath.EffectiveClassPath                            : loaded 2 times (x 88B)
Class org.jetbrains.kotlin.gradle.tasks.DefaultKotlinJavaToolchain$DefaultJavaToolchainSetter: loaded 2 times (x 73B)
Class com.google.common.collect.UnmodifiableListIterator                              : loaded 2 times (x 93B)
Class org.jetbrains.kotlin.gradle.tasks.configuration.AbstractKotlinCompileConfig$getClasspathSnapshotDir$1: loaded 2 times (x 72B)
Class org.jetbrains.kotlin.konan.target.HostManager$Companion$targetAliases$2         : loaded 2 times (x 76B)
Class org.jetbrains.kotlin.gradle.internal.properties.PropertiesBuildServiceKt        : loaded 2 times (x 69B)
Class org.jetbrains.kotlin.gradle.plugin.internal.DefaultConfigurationCacheStartParameterAccessor: loaded 2 times (x 75B)
Class com.google.common.io.Files                                                      : loaded 2 times (x 69B)
Class org.jetbrains.kotlin.gradle.targets.js.npm.DefaultNpmDependencyExtension        : loaded 2 times (x 150B)
Class org.jetbrains.kotlin.gradle.plugin.diagnostics.RenderReportedDiagnosticsKt      : loaded 2 times (x 69B)
Class org.jetbrains.kotlin.gradle.tasks.KotlinCompile$scriptSources$1                 : loaded 2 times (x 73B)
Class org.jetbrains.kotlin.gradle.plugin.mpp.compilationImpl.KotlinCompilationProcessorSideEffectKt: loaded 2 times (x 69B)
Class org.jetbrains.kotlin.build.report.metrics.BuildPerformanceMetric                : loaded 2 times (x 68B)
Class com.google.common.cache.CacheLoader$FunctionToCacheLoader                       : loaded 2 times (x 73B)
Class com.google.common.cache.CacheBuilder$1                                          : loaded 2 times (x 83B)
Class org.jetbrains.kotlin.gradle.plugin.mpp.KotlinCompilationFactory$DefaultImpls    : loaded 2 times (x 69B)
Class org.jetbrains.kotlin.statistics.metrics.BooleanMetrics$Companion                : loaded 2 times (x 69B)
Class com.google.common.cache.CacheBuilder$2                                          : loaded 2 times (x 70B)
Class com.google.common.collect.ImmutableList$1                                       : loaded 2 times (x 95B)
Class com.google.common.base.Splitter$Strategy                                        : loaded 2 times (x 68B)
Class org.jetbrains.kotlin.gradle.plugin.statistics.NonSynchronizedMetricsContainer$MetricDescriptor: loaded 2 times (x 73B)
Class com.google.common.io.CharStreams                                                : loaded 2 times (x 69B)
Class org.jetbrains.kotlin.gradle.targets.js.dsl.KotlinWasmJsTargetDsl                : loaded 2 times (x 68B)
Class org.jetbrains.kotlin.gradle.utils.GradleAttributesContainerUtilsKt              : loaded 2 times (x 69B)
Class com.google.common.collect.ImmutableMapEntrySet$RegularEntrySet                  : loaded 2 times (x 149B)
Class org.jetbrains.kotlin.gradle.tasks.KotlinCompile$disableMultiModuleIC$2          : loaded 2 times (x 77B)
Class org.jetbrains.kotlin.gradle.tasks.DefaultKotlinJavaToolchain$currentJvmJdkToolsJar$1: loaded 2 times (x 72B)
Class [Lcom.google.common.cache.RemovalListener;                                      : loaded 2 times (x 67B)
Class [Lcom.google.common.collect.ImmutableMapEntry;                                  : loaded 2 times (x 67B)
Class org.jetbrains.org.objectweb.asm.tree.TypeInsnNode                               : loaded 2 times (x 76B)
Class org.jetbrains.kotlin.gradle.plugin.KotlinTargetConfiguratorKt$WhenMappings      : loaded 2 times (x 69B)
Class org.jetbrains.kotlin.gradle.tasks.KotlinCompile$createCompilerArguments$1$2$1   : loaded 2 times (x 77B)
Class com.google.common.collect.Interners                                             : loaded 2 times (x 69B)
Class org.jetbrains.kotlin.gradle.incremental.IncrementalModuleInfoProvider           : loaded 2 times (x 68B)
Class org.jetbrains.kotlin.compilerRunner.GradleIncrementalCompilerServicesFacadeImpl : loaded 2 times (x 78B)
Class org.jetbrains.kotlin.gradle.logging.GradleLoggingUtilsKt$WhenMappings           : loaded 2 times (x 69B)
Class org.jetbrains.kotlin.gradle.plugin.statistics.CompileKotlinTaskMetrics          : loaded 2 times (x 69B)
Class org.jetbrains.kotlin.cli.common.messages.GradleStyleMessageRenderer             : loaded 2 times (x 76B)
Class org.jetbrains.kotlin.gradle.internal.properties.PropertiesBuildService$property$1$valueFromGradleAndLocalProperties$1: loaded 2 times (x 73B)
Class org.jetbrains.kotlin.daemon.common.CompileService$CallResult                    : loaded 2 times (x 70B)
Class org.jetbrains.kotlin.gradle.tasks.CompilerPluginOptionsKt                       : loaded 2 times (x 69B)
Class Native_plugin_loader_gradle$NativePluginLoader$Companion                        : loaded 2 times (x 69B)
Class com.google.common.collect.MapMakerInternalMap$Strength$1                        : loaded 2 times (x 78B)
Class org.jetbrains.kotlin.build.report.metrics.BuildTimes$Companion                  : loaded 2 times (x 69B)
Class org.jetbrains.kotlin.gradle.plugin.mpp.KotlinCompilationsKt                     : loaded 2 times (x 69B)
Class org.gradle.internal.installation.CurrentGradleInstallation                      : loaded 2 times (x 71B)
Class com.google.common.collect.MapMakerInternalMap$Strength$2                        : loaded 2 times (x 78B)
Class org.jetbrains.kotlin.gradle.plugin.sources.FragmentConsistencyChecks$languageVersionCheck$1: loaded 2 times (x 77B)
Class [Lorg.jetbrains.kotlin.konan.target.Architecture;                               : loaded 2 times (x 67B)
Class org.jetbrains.kotlin.gradle.plugin.sources.FragmentConsistencyChecks$languageVersionCheck$2: loaded 2 times (x 76B)
Class org.gradle.internal.installation.CurrentGradleInstallationLocator               : loaded 2 times (x 69B)
Class org.jetbrains.kotlin.metadata.ProtoBuf$VersionRequirement$Level$1               : loaded 2 times (x 72B)
Class kotlin.collections.CollectionsKt__IteratorsJVMKt                                : loaded 2 times (x 69B)
Class [Lcom.google.common.cache.LocalCache$Segment;                                   : loaded 2 times (x 67B)
Class org.gradle.api.internal.classpath.Module                                        : loaded 2 times (x 68B)
Class org.jetbrains.kotlin.gradle.tasks.AbstractKotlinCompile$execute$1$1             : loaded 2 times (x 77B)
Class org.jetbrains.kotlin.gradle.plugin.KotlinGradlePluginExtensionPointInternal$registeredExtensions$2: loaded 2 times (x 76B)
Class kotlin.sequences.FilteringSequence                                              : loaded 2 times (x 73B)
Class com.google.common.collect.ImmutableSortedSet                                    : loaded 2 times (x 233B)
Class org.jetbrains.org.objectweb.asm.ClassReader                                     : loaded 2 times (x 89B)
Class org.jetbrains.kotlin.gradle.plugin.KotlinProjectSetupActionKt                   : loaded 2 times (x 69B)
Class com.google.common.base.Splitter$1$1                                             : loaded 2 times (x 84B)
Class org.jetbrains.kotlin.metadata.ProtoBuf$ValueParameter$1                         : loaded 2 times (x 142B)
Class org.jetbrains.kotlin.gradle.plugin.mpp.KotlinTargetSoftwareComponent            : loaded 2 times (x 87B)
Class org.jetbrains.kotlin.gradle.tasks.FailedCompilationException                    : loaded 2 times (x 80B)
Class com.google.common.collect.MapMakerInternalMap$Segment                           : loaded 2 times (x 140B)
Class org.jetbrains.kotlin.gradle.tasks.KotlinCompile$androidLayoutResources$1        : loaded 2 times (x 72B)
Class org.jetbrains.kotlin.gradle.plugin.mpp.compilationImpl.KotlinCompilationSourceSetsContainerKt: loaded 2 times (x 69B)
Class org.jetbrains.kotlin.gradle.report.BuildReportMode                              : loaded 2 times (x 77B)
Class kotlin.sequences.SequencesKt__SequencesKt                                       : loaded 2 times (x 69B)
Class kotlin.sequences.SequencesKt__SequencesJVMKt                                    : loaded 2 times (x 69B)
Class kotlin.LazyKt                                                                   : loaded 2 times (x 69B)
Class com.google.common.collect.ImmutableSet$JdkBackedSetBuilderImpl                  : loaded 2 times (x 74B)
Class org.jetbrains.kotlin.gradle.plugin.diagnostics.KotlinToolingDiagnosticsCollector$Inject: loaded 2 times (x 94B)
Class org.jetbrains.kotlin.protobuf.CodedOutputStream$ByteBufferOutputStream          : loaded 2 times (x 84B)
Class org.jetbrains.kotlin.gradle.plugin.KotlinCompilerArgumentsProducer$DefaultImpls : loaded 2 times (x 69B)
Class org.jetbrains.kotlin.build.report.metrics.GcMetrics                             : loaded 2 times (x 70B)
Class org.jetbrains.kotlin.gradle.plugin.KotlinPluginLifecycleImpl$launch$1           : loaded 2 times (x 77B)
Class org.jetbrains.kotlin.gradle.utils.CompilerOptionsKt                             : loaded 2 times (x 69B)
Class com.google.common.collect.ImmutableSet$RegularSetBuilderImpl                    : loaded 2 times (x 75B)
Class [Lorg.jetbrains.kotlin.config.LanguageOrApiVersion;                             : loaded 2 times (x 67B)
Class org.jetbrains.kotlin.build.report.metrics.ValueType                             : loaded 2 times (x 77B)
Class org.jetbrains.kotlin.gradle.plugin.PropertiesProvider$kotlinExperimentalTryNext$1: loaded 2 times (x 73B)
Class [Lorg.objectweb.asm.AnnotationWriter;                                           : loaded 2 times (x 67B)
Class org.gradle.internal.service.CachingServiceLocator                               : loaded 2 times (x 80B)
Class kotlin.NoWhenBranchMatchedException                                             : loaded 2 times (x 80B)
Class org.jetbrains.kotlin.konan.target.KonanTarget$Companion                         : loaded 2 times (x 69B)
Class [Lorg.jetbrains.kotlin.gradle.plugin.KotlinPluginLifecycle$CoroutineStart;      : loaded 2 times (x 67B)
Class org.jetbrains.kotlin.gradle.plugin.KotlinPlatformType$Companion                 : loaded 2 times (x 69B)
Class org.jetbrains.kotlin.descriptors.DescriptorVisibility                           : loaded 2 times (x 76B)
Class org.jetbrains.org.objectweb.asm.ModuleWriter                                    : loaded 2 times (x 79B)
Class org.jetbrains.kotlin.gradle.tasks.configuration.BaseKotlinCompileConfig$1$classpathConfiguration$jvmToolchain$1: loaded 2 times (x 72B)
Class org.jetbrains.kotlin.gradle.tooling.BuildKotlinToolingMetadataTaskKt            : loaded 2 times (x 69B)
Class org.jetbrains.kotlin.statistics.BuildSessionLogger                              : loaded 2 times (x 75B)
Class org.jetbrains.kotlin.gradle.plugin.internal.CustomPropertiesFileValueSource     : loaded 2 times (x 80B)
Class org.jetbrains.kotlin.statistics.metrics.BooleanOverridePolicy                   : loaded 2 times (x 83B)
Class [Lcom.google.common.collect.ImmutableEntry;                                     : loaded 2 times (x 67B)
Class kotlin.text.StringsKt__StringBuilderKt                                          : loaded 2 times (x 69B)
Class kotlin.sequences.FilteringSequence$iterator$1                                   : loaded 2 times (x 77B)
Class org.jetbrains.kotlin.daemon.common.DaemonWithMetadata                           : loaded 2 times (x 70B)
Class org.jetbrains.kotlin.gradle.plugin.mpp.compilationImpl.KotlinCreateSourcesJarTaskSideEffectKt$KotlinCreateSourcesJarTaskSideEffect$1: loaded 2 times (x 72B)
Class org.jetbrains.kotlin.gradle.internal.UsesClassLoadersCachingBuildService        : loaded 2 times (x 68B)
Class org.jetbrains.kotlin.gradle.plugin.VariantImplementationFactoriesConfigurator$Companion$getProvider$1: loaded 2 times (x 72B)
Class org.jetbrains.kotlin.metadata.ProtoBuf$Type$Argument$Projection$1               : loaded 2 times (x 72B)
Class org.objectweb.asm.Handle                                                        : loaded 2 times (x 70B)
Class com.google.common.collect.Sets$ImprovedAbstractSet                              : loaded 2 times (x 133B)
Class com.google.common.collect.AbstractMapBasedMultimap$AsMap                        : loaded 2 times (x 126B)
Class org.gradle.internal.classpath.DefaultClassPath                                  : loaded 2 times (x 88B)
Class org.jetbrains.kotlin.descriptors.CallableMemberDescriptor$Kind                  : loaded 2 times (x 77B)
Class org.jetbrains.kotlin.metadata.jvm.deserialization.JvmNameResolverBase           : loaded 2 times (x 78B)
Class org.jetbrains.kotlin.descriptors.Visibilities$Private                           : loaded 2 times (x 77B)
Class com.google.common.collect.AbstractSetMultimap                                   : loaded 2 times (x 172B)
Class org.jetbrains.kotlin.gradle.tasks.configuration.BaseKotlinCompileConfig$2$1$1$1 : loaded 2 times (x 72B)
Class org.jetbrains.kotlin.gradle.tasks.configuration.KaptGenerateStubsConfig         : loaded 2 times (x 70B)
Class org.jetbrains.kotlin.gradle.plugin.KotlinBasePlugin                             : loaded 2 times (x 68B)
Class com.google.common.collect.MapMakerInternalMap$1                                 : loaded 2 times (x 81B)
Class org.jetbrains.kotlin.gradle.tasks.configuration.BaseKotlinCompileConfig$2$1$1$2 : loaded 2 times (x 72B)
Class org.jetbrains.kotlin.statistics.metrics.BooleanMetrics                          : loaded 2 times (x 78B)
Class org.jetbrains.kotlin.gradle.plugin.diagnostics.checkers.WasmSourceSetsNotFoundChecker: loaded 2 times (x 72B)
Class org.jetbrains.kotlin.gradle.plugin.diagnostics.checkers.JsEnvironmentChecker$1  : loaded 2 times (x 76B)
Class org.jetbrains.kotlin.gradle.artifacts.KotlinLegacyCompatibilityMetadataArtifactKt: loaded 2 times (x 69B)
Class [Lorg.jetbrains.kotlin.metadata.ProtoBuf$Annotation$Argument$Value$Type;        : loaded 2 times (x 67B)
Class org.jetbrains.kotlin.compilerRunner.CompilerExecutionSettings                   : loaded 2 times (x 70B)
Class org.jetbrains.kotlin.gradle.plugin.mpp.KotlinCompilationsKt$moduleNameForCompilation$1: loaded 2 times (x 73B)
Class org.jetbrains.kotlin.gradle.plugin.diagnostics.checkers.JsEnvironmentChecker$2  : loaded 2 times (x 76B)
Class org.jetbrains.kotlin.gradle.plugin.KotlinGradlePluginExtensionPointInternal     : loaded 2 times (x 74B)
Class org.jetbrains.kotlin.gradle.plugin.mpp.KotlinNativeTarget                       : loaded 2 times (x 171B)
Class org.jetbrains.kotlin.gradle.plugin.diagnostics.checkers.JsEnvironmentChecker$3  : loaded 2 times (x 76B)
Class org.jetbrains.kotlin.gradle.plugin.KotlinGradleBuildServices$detectKotlinPluginLoadedInMultipleProjects$onRegister$1: loaded 2 times (x 77B)
Class [Lorg.jetbrains.kotlin.compilerRunner.KotlinCompilerArgumentsLogLevel;          : loaded 2 times (x 67B)
Class org.jetbrains.org.objectweb.asm.FieldVisitor                                    : loaded 2 times (x 74B)
Class org.jetbrains.kotlin.compilerRunner.GradleKotlinCompilerWork                    : loaded 2 times (x 73B)
Class org.jetbrains.kotlin.gradle.targets.js.dsl.KotlinTargetWithNodeJsDsl            : loaded 2 times (x 68B)
Class [Lorg.jetbrains.kotlin.gradle.report.BuildReportType;                           : loaded 2 times (x 67B)
Class com.google.common.util.concurrent.AbstractFuture$SetFuture                      : loaded 2 times (x 73B)
Class kotlin.collections.CollectionsKt__CollectionsJVMKt                              : loaded 2 times (x 69B)
Class org.jetbrains.kotlin.incremental.IncrementalCompilationFeatures$Companion       : loaded 2 times (x 69B)
Class org.jetbrains.kotlin.gradle.plugin.StatisticsBuildFlowManager$subscribeForBuildResult$1: loaded 2 times (x 73B)
Class kotlin.sequences.SequencesKt___SequencesKt                                      : loaded 2 times (x 69B)
Class org.jetbrains.kotlin.daemon.common.CompileService$Companion                     : loaded 2 times (x 69B)
Class org.jetbrains.kotlin.gradle.internal.StdlibDependencyManagementKt               : loaded 2 times (x 69B)
Class org.jetbrains.kotlin.gradle.plugin.diagnostics.checkers.OverriddenKotlinNativeHomeChecker$allKonanMainSubdirectoriesExist$1$1: loaded 2 times (x 73B)
Class org.jetbrains.kotlin.daemon.common.FileSystem                                   : loaded 2 times (x 69B)
Class [Lorg.jetbrains.org.objectweb.asm.tree.AbstractInsnNode;                        : loaded 2 times (x 67B)
Class org.jetbrains.org.objectweb.asm.tree.VarInsnNode                                : loaded 2 times (x 76B)
Class com.google.common.collect.CollectCollectors                                     : loaded 2 times (x 69B)
Class org.jetbrains.kotlin.protobuf.ExtensionRegistryLite                             : loaded 2 times (x 72B)
Class org.jetbrains.kotlin.gradle.plugin.internal.state.TaskExecutionResults          : loaded 2 times (x 69B)
Class org.jetbrains.kotlin.gradle.plugin.mpp.KotlinUsages$KotlinCinteropDisambiguation: loaded 2 times (x 74B)
Class org.jetbrains.kotlin.statistics.metrics.NumberOverridePolicy                    : loaded 2 times (x 83B)
Class org.jetbrains.kotlin.gradle.plugin.AbstractKotlinPlugin                         : loaded 2 times (x 77B)
Class org.jetbrains.kotlin.gradle.plugin.diagnostics.checkers.WasmWasiEnvironmentChecker: loaded 2 times (x 74B)
Class [Lorg.jetbrains.kotlin.descriptors.DescriptorVisibility;                        : loaded 2 times (x 67B)
Class org.jetbrains.kotlin.gradle.logging.GradleBufferingMessageCollector             : loaded 2 times (x 75B)
Class org.jetbrains.org.objectweb.asm.tree.LineNumberNode                             : loaded 2 times (x 77B)
Class org.jetbrains.kotlin.gradle.plugin.KotlinPlatformPluginBase                     : loaded 2 times (x 74B)
Class org.jetbrains.kotlin.protobuf.InvalidProtocolBufferException                    : loaded 2 times (x 82B)
Class org.jetbrains.kotlin.metadata.ProtoBuf$Effect$EffectType                        : loaded 2 times (x 80B)
Class kotlin.collections.SetsKt__SetsJVMKt                                            : loaded 2 times (x 69B)
Class jdk.internal.jimage.BasicImageReader                                            : loaded 2 times (x 93B)
Class com.google.common.collect.ImmutableSortedMap$1EntrySet                          : loaded 2 times (x 151B)
Class org.jetbrains.kotlin.gradle.dsl.KotlinMultiplatformSourceSetConventions         : loaded 2 times (x 68B)
Class kotlin.collections.MapsKt___MapsJvmKt                                           : loaded 2 times (x 69B)
Class com.google.common.collect.TransformedIterator                                   : loaded 2 times (x 78B)
Class org.jetbrains.kotlin.gradle.plugin.diagnostics.checkers.OverriddenKotlinNativeHomeChecker: loaded 2 times (x 72B)
Class com.google.common.base.Splitter$SplittingIterator                               : loaded 2 times (x 82B)
Class org.jetbrains.kotlin.daemon.client.KotlinCompilerClient$DaemonSearchResult$Found: loaded 2 times (x 70B)
Class org.jetbrains.kotlin.build.report.metrics.BuildAttributeKind                    : loaded 2 times (x 77B)
Class [Lorg.jetbrains.kotlin.gradle.tasks.KotlinCompilerExecutionStrategy;            : loaded 2 times (x 67B)
Class org.jetbrains.kotlin.gradle.plugin.mpp.compilationImpl.KotlinCompilationSourceSetInclusion$DefaultAddSourcesToCompileTask: loaded 2 times (x 72B)
Class org.jetbrains.kotlin.gradle.targets.js.npm.DefaultDevNpmDependencyExtension     : loaded 2 times (x 143B)
Class org.jetbrains.kotlin.protobuf.GeneratedMessageLite                              : loaded 2 times (x 99B)
Class org.jetbrains.kotlin.compilerRunner.IncrementalCompilationEnvironment$Companion : loaded 2 times (x 69B)
Class org.jetbrains.kotlin.gradle.plugin.mpp.KotlinOnlyTarget                         : loaded 2 times (x 157B)
Class org.jetbrains.kotlin.gradle.plugin.mpp.compilationImpl.KotlinCompilationFriendPathsResolver: loaded 2 times (x 68B)
Class org.jetbrains.org.objectweb.asm.tree.LocalVariableAnnotationNode                : loaded 2 times (x 79B)
Class org.jetbrains.kotlin.gradle.dsl.KotlinJvmCompile                                : loaded 2 times (x 68B)
Class org.jetbrains.kotlin.gradle.plugin.sources.DefaultKotlinSourceSetKt$defaultSourceSetLanguageSettingsChecker$1: loaded 2 times (x 76B)
Class com.google.common.collect.ImmutableMultisetGwtSerializationDependencies         : loaded 2 times (x 123B)
Class org.jetbrains.kotlin.gradle.plugin.sources.DefaultKotlinSourceSetKt$defaultSourceSetLanguageSettingsChecker$2: loaded 2 times (x 76B)
Class org.jetbrains.kotlin.statistics.metrics.StringAnonymizationPolicy$AllowedListAnonymizer$Companion: loaded 2 times (x 69B)
Class org.jetbrains.kotlin.metadata.ProtoBuf$Visibility$1                             : loaded 2 times (x 72B)
Class org.jetbrains.org.objectweb.asm.Attribute                                       : loaded 2 times (x 73B)
Class kotlin.enums.EnumEntriesList                                                    : loaded 2 times (x 183B)
Class com.google.common.collect.ImmutableListMultimap                                 : loaded 2 times (x 174B)
Class org.jetbrains.kotlin.gradle.plugin.mpp.KotlinTargetSoftwareComponentImpl        : loaded 2 times (x 88B)
Class com.google.common.cache.LocalCache$LocalManualCache$1                           : loaded 2 times (x 73B)
Class org.jetbrains.kotlin.load.kotlin.header.KotlinClassHeader$Kind                  : loaded 2 times (x 77B)
Class com.google.common.io.Closer$SuppressingSuppressor                               : loaded 2 times (x 73B)
Class org.jetbrains.kotlin.gradle.plugin.diagnostics.KotlinGradleProjectChecker       : loaded 2 times (x 68B)
Class [Lorg.jetbrains.kotlin.statistics.metrics.StringMetrics;                        : loaded 2 times (x 67B)
Class org.jetbrains.kotlin.metadata.jvm.deserialization.JvmMemberSignature$Method     : loaded 2 times (x 73B)
Class org.jetbrains.kotlin.gradle.internal.ClassLoadersCachingBuildService$Companion$registerIfAbsent$1$1: loaded 2 times (x 77B)
Class kotlin.collections.ArraysKt__ArraysJVMKt                                        : loaded 2 times (x 69B)
Class jdk.internal.jimage.ImageLocation                                               : loaded 2 times (x 88B)
Class org.jetbrains.kotlin.config.Services$Companion                                  : loaded 2 times (x 69B)
Class org.jetbrains.kotlin.gradle.plugin.statistics.KotlinBuildStatisticsUtilsKt$collectGeneralConfigurationTimeMetrics$statisticOverhead$1$2: loaded 2 times (x 73B)
Class [Lorg.jetbrains.kotlin.gradle.plugin.sources.ConsistencyCheck;                  : loaded 2 times (x 67B)
Class org.jetbrains.kotlin.gradle.plugin.KotlinSourceSet                              : loaded 2 times (x 68B)
Class org.jetbrains.kotlin.gradle.plugin.ProjectLocalConfigurations$ProjectLocalCompatibility: loaded 2 times (x 74B)
Class org.jetbrains.kotlin.config.ExplicitApiMode                                     : loaded 2 times (x 77B)
Class org.jetbrains.kotlin.konan.target.HostManager                                   : loaded 2 times (x 70B)
Class org.jetbrains.kotlin.gradle.targets.js.npm.NpmDirectoryDependencyWithExternalsExtension: loaded 2 times (x 68B)
Class org.jetbrains.kotlin.gradle.report.BuildMetricsService$Companion                : loaded 2 times (x 69B)
Class kotlin.jvm.functions.Function0                                                  : loaded 2 times (x 68B)
Class com.google.common.collect.Lists$RandomAccessReverseList                         : loaded 2 times (x 160B)
Class org.jetbrains.kotlin.gradle.plugin.KotlinGradlePluginExtensionPoint             : loaded 2 times (x 68B)
Class org.jetbrains.kotlin.gradle.plugin.StatisticsBuildFlowManager_Decorated         : loaded 2 times (x 117B)
Class kotlin.jvm.functions.Function1                                                  : loaded 2 times (x 68B)
Class [Lorg.jetbrains.kotlin.gradle.plugin.mpp.KotlinUsageContext$MavenScope;         : loaded 2 times (x 67B)
Class kotlin.jvm.functions.Function2                                                  : loaded 2 times (x 68B)
Class org.jetbrains.kotlin.daemon.client.LimitedLinkedList                            : loaded 2 times (x 242B)
Class kotlin.jvm.functions.Function3                                                  : loaded 2 times (x 68B)
Class [Lcom.google.common.collect.AbstractIterator$State;                             : loaded 2 times (x 67B)
Class org.objectweb.asm.SymbolTable$Entry                                             : loaded 2 times (x 72B)
Class kotlin.collections.AbstractCollection                                           : loaded 2 times (x 115B)
Class kotlin.sequences.ConstrainedOnceSequence                                        : loaded 2 times (x 73B)
Class [Lorg.jetbrains.kotlin.tooling.core.HasExtras;                                  : loaded 2 times (x 67B)
Class org.jetbrains.kotlin.metadata.jvm.JvmProtoBuf$StringTableTypes$Record$Operation$1: loaded 2 times (x 72B)
Class org.jetbrains.kotlin.load.kotlin.FileBasedKotlinClass$OuterAndInnerName         : loaded 2 times (x 70B)
Class jdk.internal.jimage.ImageReader$Node                                            : loaded 2 times (x 82B)
Class org.jetbrains.kotlin.konan.target.KonanTarget$IOS_ARM64                         : loaded 2 times (x 76B)
Class org.jetbrains.kotlin.gradle.plugin.KotlinTarget                                 : loaded 2 times (x 68B)
Class org.jetbrains.kotlin.gradle.targets.js.npm.NpmDependencyExtensionKt             : loaded 2 times (x 69B)
Class org.jetbrains.kotlin.gradle.tasks.KotlinCompilerPluginData$InputsOutputsState   : loaded 2 times (x 70B)
Class org.jetbrains.kotlin.compilerRunner.GradleKotlinCompilerRunnerKt                : loaded 2 times (x 69B)
Class org.jetbrains.kotlin.konan.target.KonanTarget$ANDROID_ARM32                     : loaded 2 times (x 76B)
Class org.jetbrains.kotlin.konan.target.KonanTarget$LINUX_X64                         : loaded 2 times (x 76B)
Class com.google.common.base.CharMatcher$Is                                           : loaded 2 times (x 109B)
Class org.jetbrains.kotlin.incremental.IncrementalModuleInfo                          : loaded 2 times (x 70B)
Class com.google.common.base.Platform                                                 : loaded 2 times (x 69B)
Class com.google.common.collect.RegularImmutableAsList                                : loaded 2 times (x 176B)
Class org.jetbrains.kotlin.daemon.common.DaemonOptions                                : loaded 2 times (x 73B)
Class com.google.common.base.Suppliers$NonSerializableMemoizingSupplier               : loaded 2 times (x 77B)
Class org.jetbrains.kotlin.gradle.plugin.diagnostics.checkers.PreHmppDependenciesUsageChecker: loaded 2 times (x 72B)
Class com.google.common.collect.PeekingIterator                                       : loaded 2 times (x 68B)
Class org.jetbrains.kotlin.gradle.plugin.mpp.InternalKotlinTargetKt$isSourcesPublishableFuture$2: loaded 2 times (x 93B)
Class org.jetbrains.kotlin.gradle.plugin.KotlinCompilationInfoKt                      : loaded 2 times (x 69B)
Class org.jetbrains.kotlin.metadata.ProtoBuf$ValueParameterOrBuilder                  : loaded 2 times (x 68B)
Class jdk.internal.jimage.decompressor.CompressedResourceHeader                       : loaded 2 times (x 69B)
Class org.jetbrains.kotlin.gradle.plugin.statistics.BuildFusService$Companion$registerIfAbsentImpl$2$1: loaded 2 times (x 73B)
Class org.jetbrains.kotlin.daemon.client.CompositeErrorReportingOutputListener        : loaded 2 times (x 74B)
Class org.jetbrains.kotlin.gradle.plugin.KotlinGradleFinishBuildHandler$Companion     : loaded 2 times (x 69B)
Class org.jetbrains.kotlin.gradle.artifacts.KotlinJsKlibArtifactKt$KotlinJsKlibArtifact$1: loaded 2 times (x 72B)
Class org.jetbrains.kotlin.gradle.plugin.KotlinTargetsContainer                       : loaded 2 times (x 68B)
Class org.jetbrains.kotlin.project.model.LanguageSettings                             : loaded 2 times (x 68B)
Class com.google.common.collect.ImmutableSetMultimap                                  : loaded 2 times (x 178B)
Class kotlin._Assertions                                                              : loaded 2 times (x 69B)
Class org.jetbrains.kotlin.gradle.plugin.sources.DefaultKotlinSourceSetKt             : loaded 2 times (x 69B)
Class org.jetbrains.kotlin.descriptors.Named                                          : loaded 2 times (x 68B)
Class org.jetbrains.kotlin.load.kotlin.KotlinJvmBinaryClass$AnnotationArgumentVisitor : loaded 2 times (x 68B)
Class org.jetbrains.kotlin.gradle.tasks.CompileUsingKotlinDaemonWithNormalization     : loaded 2 times (x 68B)
Class [Lorg.jetbrains.kotlin.metadata.ProtoBuf$Expression$ConstantValue;              : loaded 2 times (x 67B)
Class org.jetbrains.kotlin.serialization.deserialization.ProtoEnumFlags               : loaded 2 times (x 69B)
Class org.jetbrains.kotlin.daemon.common.CompileService                               : loaded 2 times (x 68B)
Class com.google.common.collect.AbstractMapBasedMultimap$WrappedSet                   : loaded 2 times (x 140B)
Class kotlin.KotlinNullPointerException                                               : loaded 2 times (x 81B)
Class org.jetbrains.kotlin.gradle.tasks.KotlinJvmCompile$DefaultImpls                 : loaded 2 times (x 69B)
Class org.jetbrains.kotlin.gradle.plugin.sources.DefaultKotlinSourceSet$special$$inlined$Iterable$1: loaded 2 times (x 77B)
Class org.jetbrains.kotlin.gradle.plugin.diagnostics.KotlinGradleProjectCheckersRunnerKt: loaded 2 times (x 69B)
Class org.jetbrains.kotlin.descriptors.Visibilities$Public                            : loaded 2 times (x 77B)
Class jdk.internal.jrtfs.JrtPath                                                      : loaded 2 times (x 116B)
Class org.jetbrains.kotlin.gradle.plugin.BuildFinishFlowAction$Parameters             : loaded 2 times (x 68B)
Class org.jetbrains.kotlin.gradle.plugin.statistics.KotlinBuildStatsBeanService$Companion$initStatsService$1: loaded 2 times (x 77B)
Class org.jetbrains.kotlin.metadata.jvm.JvmProtoBuf$JvmMethodSignatureOrBuilder       : loaded 2 times (x 68B)
Class com.google.common.collect.ImmutableMapEntrySet                                  : loaded 2 times (x 149B)
Class org.jetbrains.kotlin.gradle.plugin.KotlinTargetWithTests                        : loaded 2 times (x 68B)
Class org.jetbrains.kotlin.metadata.ProtoBuf$Annotation$Builder                       : loaded 2 times (x 134B)
Class org.jetbrains.kotlin.gradle.plugin.mpp.compilationImpl.KotlinCompilationSourceSetInclusion$DefaultAddSourcesToCompileTask$addSources$1: loaded 2 times (x 77B)
Class org.jetbrains.kotlin.gradle.plugin.diagnostics.checkers.WasmJsEnvironmentChecker$1: loaded 2 times (x 76B)
Class org.jetbrains.kotlin.gradle.plugin.mpp.compilationImpl.KotlinCompilationSourceSetInclusion$DefaultAddSourcesToCompileTask$addSources$2: loaded 2 times (x 77B)
Class org.jetbrains.kotlin.gradle.plugin.KotlinTargetComponent                        : loaded 2 times (x 68B)
Class org.jetbrains.kotlin.gradle.plugin.diagnostics.checkers.WasmJsEnvironmentChecker$2: loaded 2 times (x 76B)
Class org.jetbrains.kotlin.daemon.common.IncrementalCompilerServicesFacade            : loaded 2 times (x 68B)
Class org.jetbrains.kotlin.gradle.plugin.sources.DefaultKotlinSourceSet$MetadataDependencyTransformation: loaded 2 times (x 70B)
Class org.jetbrains.kotlin.gradle.plugin.diagnostics.checkers.WasmJsEnvironmentChecker$3: loaded 2 times (x 76B)
Class org.jetbrains.kotlin.gradle.plugin.diagnostics.checkers.WasmJsEnvironmentChecker$4: loaded 2 times (x 76B)
Class com.google.common.cache.CacheLoader                                             : loaded 2 times (x 72B)
Class org.objectweb.asm.Opcodes                                                       : loaded 2 times (x 68B)
Class org.jetbrains.kotlin.gradle.plugin.mpp.KotlinUsageContext                       : loaded 2 times (x 68B)
Class org.jetbrains.kotlin.gradle.plugin.statistics.KotlinBuildStatsBeanService$Companion: loaded 2 times (x 69B)
Class kotlin.io.NoSuchFileException                                                   : loaded 2 times (x 80B)
Class jdk.internal.jimage.ImageStrings                                                : loaded 2 times (x 68B)
Class org.jetbrains.kotlin.gradle.internal.Kapt3GradleSubplugin$Companion             : loaded 2 times (x 69B)
Class org.jetbrains.kotlin.gradle.internal.properties.NativePropertiesLoader$isToolchainEnabled$1: loaded 2 times (x 73B)
Class com.google.common.collect.ImmutableBiMapFauxverideShim                          : loaded 2 times (x 118B)
Class kotlin.reflect.KAnnotatedElement                                                : loaded 2 times (x 68B)
Class org.jetbrains.kotlin.gradle.plugin.mpp.KotlinVariantWithCoordinates             : loaded 2 times (x 106B)
Class [Lorg.jetbrains.kotlin.statistics.metrics.BooleanAnonymizationPolicy;           : loaded 2 times (x 67B)
Class org.objectweb.asm.MethodTooLargeException                                       : loaded 2 times (x 81B)
Class kotlin.ranges.RangesKt___RangesKt                                               : loaded 2 times (x 69B)
Class org.jetbrains.kotlin.gradle.plugin.diagnostics.checkers.DisabledNativeTargetsChecker$runChecks$1: loaded 2 times (x 86B)
Class org.jetbrains.kotlin.gradle.utils.StoredPropertyKt$projectStoredProperty$1      : loaded 2 times (x 76B)
Class org.jetbrains.kotlin.config.JVMAssertionsMode                                   : loaded 2 times (x 77B)
Class org.jetbrains.kotlin.gradle.targets.native.KotilnNativeConfigureBinariesSideEffectKt: loaded 2 times (x 69B)
Class jdk.internal.jrtfs.JrtFileAttributes                                            : loaded 2 times (x 81B)
Class org.jetbrains.kotlin.compilerRunner.IncrementalCompilationEnvironment           : loaded 2 times (x 70B)
Class org.jetbrains.kotlin.gradle.plugin.diagnostics.checkers.OverriddenKotlinNativeHomeChecker$StdlibExistenceCheckerValueSource$Companion: loaded 2 times (x 69B)
Class kotlin.collections.CollectionsKt___CollectionsKt                                : loaded 2 times (x 69B)
Class [Lorg.jetbrains.kotlin.metadata.ProtoBuf$Effect$InvocationKind;                 : loaded 2 times (x 67B)
Class org.jetbrains.kotlin.gradle.utils.GradleUtilsKt                                 : loaded 2 times (x 69B)
Class org.jetbrains.kotlin.metadata.ProtoBuf$ExpressionOrBuilder                      : loaded 2 times (x 68B)
Class org.jetbrains.kotlin.gradle.plugin.statistics.old.Pre232IdeaKotlinBuildStatsBeanService: loaded 2 times (x 93B)
Class com.google.common.cache.Cache                                                   : loaded 2 times (x 68B)
Class com.google.common.collect.Maps$EntrySet                                         : loaded 2 times (x 134B)
Class kotlin.collections.AbstractList                                                 : loaded 2 times (x 157B)
Class org.jetbrains.kotlin.gradle.plugin.mpp.AbstractKotlinCompilationToRunnableFiles : loaded 2 times (x 194B)
Class org.jetbrains.kotlin.metadata.ProtoBuf$Class$1                                  : loaded 2 times (x 142B)
Class kotlin.UNINITIALIZED_VALUE                                                      : loaded 2 times (x 69B)
Class org.gradle.internal.classloader.SystemClassLoaderSpec                           : loaded 2 times (x 69B)
Class com.google.common.io.LineBuffer                                                 : loaded 2 times (x 73B)
Class org.jetbrains.kotlin.gradle.plugin.LanguageSettingsBuilder                      : loaded 2 times (x 68B)
Class org.jetbrains.kotlin.gradle.targets.native.ConfigureFrameworkExportSideEffectKt$special$$inlined$KotlinTargetSideEffect$1: loaded 2 times (x 72B)
Class org.jetbrains.kotlin.gradle.targets.native.toolchain.UsesKotlinNativeBundleBuildService: loaded 2 times (x 68B)
Class org.jetbrains.kotlin.metadata.jvm.JvmProtoBuf$StringTableTypes$Record$Operation : loaded 2 times (x 80B)
Class org.jetbrains.org.objectweb.asm.ByteVector                                      : loaded 2 times (x 76B)
Class com.google.common.collect.Iterators$MergingIterator                             : loaded 2 times (x 79B)
Class org.jetbrains.kotlin.statistics.metrics.OrMetricContainer                       : loaded 2 times (x 78B)
Class org.jetbrains.kotlin.statistics.metrics.StringAnonymizationPolicy$ComponentVersionAnonymizer: loaded 2 times (x 76B)
Class com.google.common.util.concurrent.internal.InternalFutureFailureAccess          : loaded 2 times (x 70B)
Class org.jetbrains.kotlin.build.report.metrics.BuildAttributeKind$Companion          : loaded 2 times (x 69B)
Class [Lkotlin.reflect.KCallable;                                                     : loaded 2 times (x 67B)
Class org.jetbrains.kotlin.gradle.plugin.KotlinSourceSetTree                          : loaded 2 times (x 70B)
Class [Lorg.jetbrains.kotlin.metadata.ProtoBuf$Modality;                              : loaded 2 times (x 67B)
Class org.jetbrains.kotlin.cli.common.PropertiesKt                                    : loaded 2 times (x 69B)
Class org.jetbrains.kotlin.compilerRunner.CompilerSystemPropertiesService$Parameters$Inject: loaded 2 times (x 104B)
Class org.jetbrains.kotlin.gradle.plugin.VariantImplementationFactories$VariantImplementationFactory: loaded 2 times (x 68B)
Class org.jetbrains.kotlin.build.report.metrics.BuildAttribute                        : loaded 2 times (x 77B)
Class com.google.common.base.Charsets                                                 : loaded 2 times (x 69B)
Class com.google.common.primitives.Ints$IntConverter                                  : loaded 2 times (x 88B)
Class org.jetbrains.kotlin.utils.DescriptionAware                                     : loaded 2 times (x 68B)
Class org.jetbrains.kotlin.protobuf.UninitializedMessageException                     : loaded 2 times (x 82B)
Class org.jetbrains.kotlin.protobuf.GeneratedMessageLite$ExtendableMessageOrBuilder   : loaded 2 times (x 68B)
Class org.jetbrains.kotlin.daemon.common.ClientUtilsKt                                : loaded 2 times (x 69B)
Class org.jetbrains.kotlin.descriptors.SourceElement                                  : loaded 2 times (x 68B)
Class org.jetbrains.kotlin.gradle.plugin.mpp.compilationImpl.factory.ConfigurationNaming$Default: loaded 2 times (x 73B)
Class org.jetbrains.kotlin.gradle.plugin.KotlinGradleBuildServices$Parameters$Inject  : loaded 2 times (x 104B)
Class org.jetbrains.kotlin.gradle.utils.FileUtilsKt$localProperties$1                 : loaded 2 times (x 73B)
Class com.google.common.collect.SingletonImmutableSet                                 : loaded 2 times (x 144B)
Class com.google.common.collect.Interners$InternerBuilder                             : loaded 2 times (x 74B)
Class [Lcom.google.common.base.AbstractIterator$State;                                : loaded 2 times (x 67B)
Class org.jetbrains.kotlin.metadata.jvm.deserialization.JvmProtoBufUtil               : loaded 2 times (x 69B)
Class org.jetbrains.kotlin.gradle.plugin.mpp.compilationImpl.KotlinCompilationSourceSetInclusion$AddSourcesToCompileTask: loaded 2 times (x 68B)
Class org.jetbrains.org.objectweb.asm.tree.IincInsnNode                               : loaded 2 times (x 76B)
Class org.jetbrains.kotlin.daemon.client.BasicCompilerServicesWithResultsFacadeServerKt: loaded 2 times (x 69B)
Class org.jetbrains.kotlin.konan.util.Named                                           : loaded 2 times (x 68B)
Class org.jetbrains.kotlin.gradle.plugin.KotlinBasePluginWrapper                      : loaded 2 times (x 84B)
Class org.jetbrains.kotlin.gradle.plugin.mpp.compilationImpl.KotlinCreateCompilationArchiveTaskKt$KotlinRegisterCompilationArchiveTasksExtension$1: loaded 2 times (x 72B)
Class com.google.common.collect.ImmutableMap$Builder                                  : loaded 2 times (x 80B)
Class com.google.common.io.LineReader$1                                               : loaded 2 times (x 73B)
Class org.jetbrains.kotlin.gradle.tasks.configuration.TaskConfigAction                : loaded 2 times (x 70B)
Class kotlin.io.FileAlreadyExistsException                                            : loaded 2 times (x 80B)
Class org.jetbrains.kotlin.cli.common.messages.MessageRenderer                        : loaded 2 times (x 68B)
Class com.google.common.base.AbstractIterator                                         : loaded 2 times (x 78B)
Class [Lcom.google.common.collect.MapMakerInternalMap$Segment;                        : loaded 2 times (x 67B)
Class org.jetbrains.kotlin.konan.target.KonanTarget$WATCHOS_X64                       : loaded 2 times (x 76B)
Class org.jetbrains.kotlin.compilerRunner.GradleCliCommonizerKt$maybeCreateCommonizerClasspathConfiguration$1$1: loaded 2 times (x 73B)
Class org.jetbrains.kotlin.gradle.plugin.mpp.KotlinJvmAndroidCompilation              : loaded 2 times (x 196B)
Class org.jetbrains.kotlin.gradle.dsl.KotlinProjectExtension                          : loaded 2 times (x 120B)
Class org.jetbrains.kotlin.gradle.internal.IdeaKt                                     : loaded 2 times (x 69B)
Class org.jetbrains.kotlin.gradle.plugin.KotlinPlatformType$CompatibilityRule         : loaded 2 times (x 74B)
Class org.jetbrains.kotlin.gradle.dsl.KotlinGradlePluginDsl                           : loaded 2 times (x 68B)
Class org.objectweb.asm.ClassWriter                                                   : loaded 2 times (x 104B)
Class org.jetbrains.kotlin.gradle.tasks.KotlinJavaToolchain$JdkSetter                 : loaded 2 times (x 68B)
Class org.jetbrains.kotlin.gradle.targets.js.npm.NpmDependency                        : loaded 2 times (x 95B)
Class org.jetbrains.kotlin.gradle.plugin.AbstractKotlinMultiplatformPluginWrapper     : loaded 2 times (x 84B)
Class org.jetbrains.kotlin.gradle.plugin.KotlinGradleFinishBuildHandler               : loaded 2 times (x 70B)
Class org.jetbrains.kotlin.protobuf.RopeByteString$RopeInputStream                    : loaded 2 times (x 90B)
Class org.jetbrains.org.objectweb.asm.TypePath                                        : loaded 2 times (x 70B)
Class [Lorg.jetbrains.kotlin.config.JVMAssertionsMode;                                : loaded 2 times (x 67B)
Class org.jetbrains.kotlin.gradle.tasks.AbstractKotlinCompile$compilerRunner$1$1      : loaded 2 times (x 74B)
Class org.jetbrains.kotlin.gradle.plugin.mpp.MppSourcesJarKt                          : loaded 2 times (x 69B)
Class org.jetbrains.kotlin.gradle.plugin.internal.UsesBuildIdProviderService          : loaded 2 times (x 68B)
Class org.jetbrains.kotlin.gradle.internal.KotlinDomApiDependencyManagementKt$configureKotlinDomApiDefaultDependency$1: loaded 2 times (x 77B)
Class org.jetbrains.kotlin.gradle.tasks.AbstractKotlinCompile$compilerRunner$1$2      : loaded 2 times (x 73B)
Class org.jetbrains.kotlin.gradle.targets.js.dsl.KotlinWasmSubTargetContainerDsl      : loaded 2 times (x 68B)
Class org.jetbrains.kotlin.gradle.plugin.diagnostics.ToolingDiagnosticFactory         : loaded 2 times (x 71B)
Class org.jetbrains.kotlin.gradle.plugin.mpp.SyncLanguageSettingsWithKotlinExtensionSetupActionKt: loaded 2 times (x 69B)
Class org.jetbrains.org.objectweb.asm.tree.MethodInsnNode                             : loaded 2 times (x 77B)
Class org.jetbrains.kotlin.gradle.plugin.sources.KotlinDependencyScope$Companion      : loaded 2 times (x 69B)
Class org.jetbrains.org.objectweb.asm.Label                                           : loaded 2 times (x 70B)
Class org.jetbrains.kotlin.gradle.plugin.mpp.InternalKotlinTargetKt$special$$inlined$extrasStoredFuture$1: loaded 2 times (x 77B)
Class jdk.internal.jimage.decompressor.ResourceDecompressorRepository                 : loaded 2 times (x 69B)
Class org.jetbrains.kotlin.gradle.plugin.mpp.compilationImpl.KotlinCreateLifecycleTasksSideEffectKt$KotlinCreateLifecycleTasksSideEffect$1: loaded 2 times (x 72B)
Class org.jetbrains.kotlin.gradle.targets.native.toolchain.KotlinNativeBundleBuildService$Companion: loaded 2 times (x 69B)
Class org.jetbrains.kotlin.gradle.plugin.KotlinGradleBuildServices$Companion$registerIfAbsent$1: loaded 2 times (x 73B)
Class org.jetbrains.kotlin.metadata.ProtoBuf$PropertyOrBuilder                        : loaded 2 times (x 68B)
Class org.jetbrains.org.objectweb.asm.tree.LabelNode                                  : loaded 2 times (x 78B)
Class com.google.common.collect.Range                                                 : loaded 2 times (x 85B)
Class org.jetbrains.kotlin.gradle.plugin.hierarchy.KotlinSourceSetTreeClassifierKt$classify$1: loaded 2 times (x 86B)
Class org.jetbrains.kotlin.gradle.plugin.KotlinProjectSetupActionKt$KotlinProjectSetupCoroutine$1: loaded 2 times (x 73B)
Class com.google.common.base.AbstractIterator$1                                       : loaded 2 times (x 69B)
Class org.jetbrains.kotlin.config.LanguageVersion                                     : loaded 2 times (x 89B)
Class kotlin.jvm.internal.FunctionBase                                                : loaded 2 times (x 68B)
Class kotlin.collections.SetsKt                                                       : loaded 2 times (x 69B)
Class org.jetbrains.kotlin.compilerRunner.CompilerEnvironment                         : loaded 2 times (x 71B)
Class org.jetbrains.kotlin.gradle.internal.KotlinTestDependencyManagementKt$maybeAddTestDependencyCapability$1: loaded 2 times (x 73B)
Class org.jetbrains.kotlin.gradle.plugin.diagnostics.checkers.IncorrectCompileOnlyDependenciesChecker$runChecks$1: loaded 2 times (x 86B)
Class org.jetbrains.kotlin.gradle.plugin.diagnostics.checkers.UnusedSourceSetsChecker$runChecks$1: loaded 2 times (x 86B)
Class org.jetbrains.kotlin.config.MavenComparableVersion$Item                         : loaded 2 times (x 68B)
Class kotlin.Function                                                                 : loaded 2 times (x 68B)
Class [Lcom.google.common.cache.CacheBuilder$OneWeigher;                              : loaded 2 times (x 67B)
Class org.jetbrains.kotlin.metadata.ProtoBuf$Expression$ConstantValue                 : loaded 2 times (x 80B)
Class com.google.common.collect.ComparisonChain$1                                     : loaded 2 times (x 79B)
Class org.jetbrains.kotlin.gradle.plugin.internal.BuildIdService$Companion            : loaded 2 times (x 69B)
Class org.jetbrains.kotlin.gradle.targets.js.npm.NpmDependency$Scope                  : loaded 2 times (x 77B)
Class com.google.common.collect.Iterators                                             : loaded 2 times (x 69B)
Class org.jetbrains.kotlin.metadata.ProtoBuf$Annotation$Argument$Value$1              : loaded 2 times (x 142B)
Class org.jetbrains.kotlin.gradle.plugin.mpp.KotlinUsages$KotlinMetadataDisambiguation: loaded 2 times (x 74B)
Class com.google.common.base.CharMatcher$1                                            : loaded 2 times (x 111B)
Class com.google.common.base.CharMatcher$Ascii                                        : loaded 2 times (x 110B)
Class org.jetbrains.kotlin.gradle.plugin.mpp.KotlinCompilationFactory                 : loaded 2 times (x 68B)
Class com.google.common.cache.LocalCache$ComputingValueReference                      : loaded 2 times (x 94B)
Class org.jetbrains.kotlin.gradle.tasks.DefaultKotlinJavaToolchain$Companion$wireJvmTargetToToolchain$1: loaded 2 times (x 73B)
Class com.google.common.cache.LocalCache$SoftValueReference                           : loaded 2 times (x 95B)
Class org.jetbrains.kotlin.compilerRunner.KotlinCompilerArgumentsLogLevel$Companion   : loaded 2 times (x 69B)
Class org.jetbrains.kotlin.cli.common.arguments.CommonCompilerArguments               : loaded 2 times (x 78B)
Class org.jetbrains.kotlin.gradle.tasks.DefaultKotlinJavaToolchain$Companion$wireJvmTargetToToolchain$2: loaded 2 times (x 73B)
Class com.google.common.collect.ImmutableList$SerializedForm                          : loaded 2 times (x 71B)
Class org.jetbrains.kotlin.gradle.dsl.KotlinJvmOptions                                : loaded 2 times (x 68B)
Class org.jetbrains.kotlin.metadata.ProtoBuf$EnumEntryOrBuilder                       : loaded 2 times (x 68B)
Class org.gradle.api.UncheckedIOException                                             : loaded 2 times (x 80B)
Class org.jetbrains.kotlin.metadata.ProtoBuf$Annotation$Argument                      : loaded 2 times (x 106B)
Class org.jetbrains.kotlin.gradle.plugin.diagnostics.checkers.AndroidSourceSetLayoutV1SourceSetsNotFoundChecker$runChecks$1: loaded 2 times (x 86B)
Class com.google.common.base.CharMatcher$And                                          : loaded 2 times (x 110B)
Class org.jetbrains.kotlin.gradle.tasks.KotlinCompile_Decorated                       : loaded 2 times (x 597B)
Class org.jetbrains.kotlin.gradle.plugin.internal.state.TaskLoggers                   : loaded 2 times (x 69B)
Class org.jetbrains.kotlin.gradle.plugin.KotlinTargetsContainerWithPresets            : loaded 2 times (x 68B)
Class org.jetbrains.kotlin.statistics.metrics.StringMetrics$Companion                 : loaded 2 times (x 69B)
Class org.jetbrains.kotlin.gradle.plugin.mpp.ApplyUserDefinedAttributesKt             : loaded 2 times (x 69B)
Class kotlin.io.FilesKt__FileReadWriteKt                                              : loaded 2 times (x 69B)
Class [Lcom.google.common.io.FileWriteMode;                                           : loaded 2 times (x 67B)
Class com.google.common.io.Files$FileByteSink                                         : loaded 2 times (x 75B)
Class org.jetbrains.kotlin.metadata.jvm.JvmProtoBuf$JvmPropertySignature$Builder      : loaded 2 times (x 139B)
Class org.jetbrains.kotlin.statistics.metrics.ConcatMetricContainer                   : loaded 2 times (x 75B)
Class org.jetbrains.kotlin.gradle.utils.MutableObservableSet                          : loaded 2 times (x 68B)
Class com.google.common.collect.IndexedImmutableSet                                   : loaded 2 times (x 148B)
Class org.jetbrains.kotlin.metadata.ProtoBuf$Class                                    : loaded 2 times (x 178B)
Class org.jetbrains.kotlin.gradle.plugin.CreateCompilerArgumentsContextImpl           : loaded 2 times (x 73B)
Class org.jetbrains.kotlin.gradle.plugin.KotlinCompilation$DefaultImpls               : loaded 2 times (x 69B)
Class org.jetbrains.kotlin.gradle.internal.KotlinDomApiDependencyManagementKt$addKotlinDomApiDependency$1: loaded 2 times (x 73B)
Class org.jetbrains.kotlin.konan.target.KonanTarget$ANDROID_ARM64                     : loaded 2 times (x 76B)
Class org.jetbrains.kotlin.protobuf.ByteString$Output                                 : loaded 2 times (x 84B)
Class org.jetbrains.kotlin.konan.target.KonanTarget$WATCHOS_DEVICE_ARM64              : loaded 2 times (x 76B)
Class org.jetbrains.kotlin.gradle.plugin.diagnostics.checkers.DisabledNativeTargetsChecker: loaded 2 times (x 72B)
Class org.jetbrains.kotlin.gradle.internal.properties.NativePropertiesLoader$actualNativeHomeDirectory$1: loaded 2 times (x 73B)
Class org.jetbrains.kotlin.gradle.plugin.internal.ConfigurationCacheStartParameterAccessorKt: loaded 2 times (x 69B)
Class build_7yjbj1swkvxmbz6crg57rt4du$_run_closure1                                   : loaded 2 times (x 137B)
Class org.jetbrains.kotlin.compilerRunner.KotlinCompilerRunnerUtils$WhenMappings      : loaded 2 times (x 69B)
Class org.jetbrains.kotlin.gradle.internal.properties.NativePropertiesLoader$actualNativeHomeDirectory$2: loaded 2 times (x 72B)
Class org.jetbrains.kotlin.metadata.ProtoBuf$Contract                                 : loaded 2 times (x 105B)
Class com.google.common.base.ExtraObjectsMethodsForWeb                                : loaded 2 times (x 69B)
Class org.jetbrains.kotlin.gradle.internal.properties.NativePropertiesLoader$actualNativeHomeDirectory$3: loaded 2 times (x 73B)
Class build_7kk02mmi1vk0ccyzvzgd9cdpv$_run_closure1                                   : loaded 2 times (x 137B)
Class org.jetbrains.kotlin.gradle.plugin.diagnostics.KotlinToolingDiagnosticsSetupActionKt: loaded 2 times (x 69B)
Class org.jetbrains.kotlin.gradle.plugin.internal.DefaultProjectIsolationStartParameterAccessor$Factory: loaded 2 times (x 74B)
Class org.jetbrains.kotlin.gradle.plugin.KotlinPluginWrapperKt$kotlinToolingVersion$2 : loaded 2 times (x 76B)
Class [Lorg.jetbrains.kotlin.metadata.ProtoBuf$MemberKind;                            : loaded 2 times (x 67B)
Class org.jetbrains.kotlin.daemon.common.CompilerId$mappers$1                         : loaded 2 times (x 135B)
Class com.google.common.collect.ForwardingCollection                                  : loaded 2 times (x 128B)
Class org.jetbrains.kotlin.daemon.common.LoopbackNetworkInterface                     : loaded 2 times (x 69B)
Class org.jetbrains.kotlin.gradle.utils.StoredPropertyKt                              : loaded 2 times (x 69B)
Class org.jetbrains.kotlin.gradle.plugin.KotlinSourceSetContainer                     : loaded 2 times (x 68B)
Class org.jetbrains.kotlin.gradle.tasks.DefaultKotlinJavaToolchain$DefaultJavaToolchainSetter$useAsConvention$1: loaded 2 times (x 73B)
Class org.jetbrains.kotlin.gradle.plugin.internal.ProjectIsolationStartParameterAccessor$Factory: loaded 2 times (x 68B)
Class org.jetbrains.kotlin.daemon.client.DaemonLastOutputLinesListener$Companion      : loaded 2 times (x 69B)
Class org.jetbrains.kotlin.daemon.common.CompilerId$mappers$4                         : loaded 2 times (x 135B)
Class org.jetbrains.kotlin.daemon.common.ReportSeverity$Companion                     : loaded 2 times (x 69B)
Class org.jetbrains.kotlin.protobuf.SmallSortedMap$Entry                              : loaded 2 times (x 86B)
Class org.jetbrains.kotlin.metadata.ProtoBuf$VersionRequirementTable                  : loaded 2 times (x 105B)
Class org.jetbrains.org.objectweb.asm.SymbolTable                                     : loaded 2 times (x 70B)
Class [Lkotlin.jvm.functions.Function1;                                               : loaded 2 times (x 67B)
Class org.jetbrains.kotlin.statistics.metrics.NumberOverridePolicy$OVERRIDE           : loaded 2 times (x 83B)
Class org.jetbrains.kotlin.statistics.metrics.StringOverridePolicy$CONCAT             : loaded 2 times (x 83B)
Class org.jetbrains.kotlin.tooling.core.Extras$Key                                    : loaded 2 times (x 70B)
Class org.jetbrains.kotlin.daemon.common.CompilationOptions                           : loaded 2 times (x 70B)
Class com.google.common.collect.IndexedImmutableSet$1                                 : loaded 2 times (x 172B)
Class org.jetbrains.kotlin.gradle.tasks.K2MultiplatformCompilationTask                : loaded 2 times (x 68B)
Class org.jetbrains.kotlin.gradle.artifacts.KotlinNativeHostSpecificMetadataArtifactKt$KotlinNativeHostSpecificMetadataArtifact$1: loaded 2 times (x 72B)
Class org.jetbrains.kotlin.gradle.targets.js.npm.NpmDependencyExtensionKt$AddNpmDependencyExtensionProjectSetupAction$1: loaded 2 times (x 72B)
Class org.jetbrains.kotlin.metadata.jvm.deserialization.BitEncoding                   : loaded 2 times (x 69B)
Class org.jetbrains.kotlin.metadata.ProtoBuf$Package                                  : loaded 2 times (x 127B)
Class org.jetbrains.kotlin.gradle.dsl.KotlinCommonCompilerOptionsExtensionsKt$usesK2$1: loaded 2 times (x 72B)
Class org.jetbrains.kotlin.gradle.ExternalKotlinTargetApi                             : loaded 2 times (x 68B)
Class org.jetbrains.kotlin.load.kotlin.header.ReadKotlinClassHeaderAnnotationVisitor  : loaded 2 times (x 78B)
Class jdk.internal.jimage.decompressor.ResourceDecompressor$StringsProvider           : loaded 2 times (x 68B)
Class com.google.common.collect.AbstractListMultimap                                  : loaded 2 times (x 170B)
Class com.google.common.base.CharMatcher$Any                                          : loaded 2 times (x 110B)
Class org.jetbrains.kotlin.gradle.logging.GradleBufferingMessageCollector$MessageData : loaded 2 times (x 70B)
Class com.google.common.collect.UsingToStringOrdering                                 : loaded 2 times (x 112B)
Class jdk.internal.jimage.decompressor.Decompressor                                   : loaded 2 times (x 70B)
Class org.jetbrains.kotlin.gradle.plugin.mpp.compilationImpl.KotlinCompilationImpl$associateWith$2: loaded 2 times (x 77B)
Class org.jetbrains.kotlin.daemon.common.MultiModuleICSettings$Companion              : loaded 2 times (x 69B)
Class com.google.common.cache.LocalCache$Strength                                     : loaded 2 times (x 79B)
Class org.jetbrains.kotlin.gradle.plugin.diagnostics.CheckKotlinGradlePluginConfigurationErrorsKt: loaded 2 times (x 69B)
Class org.jetbrains.kotlin.gradle.tooling.BuildKotlinToolingMetadataTaskKt$buildKotlinToolingMetadataTask$1: loaded 2 times (x 76B)
Class org.jetbrains.kotlin.protobuf.SmallSortedMap$EmptySet                           : loaded 2 times (x 69B)
Class org.jetbrains.kotlin.metadata.ProtoBuf$Function$1                               : loaded 2 times (x 142B)
Class org.jetbrains.kotlin.cli.common.messages.GradleStyleMessageRenderer$WhenMappings: loaded 2 times (x 69B)
Class org.jetbrains.kotlin.gradle.utils.FailuresKt                                    : loaded 2 times (x 69B)
Class com.google.common.collect.AbstractMapBasedMultimap$KeySet                       : loaded 2 times (x 135B)
Class org.jetbrains.kotlin.gradle.plugin.mpp.KotlinTargetSoftwareComponentImplKt      : loaded 2 times (x 69B)
Class org.jetbrains.kotlin.gradle.plugin.KotlinPluginLifecycle$ProjectConfigurationResult$Failure: loaded 2 times (x 70B)
Class jdk.internal.jrtfs.JrtFileSystem                                                : loaded 2 times (x 100B)
Class org.jetbrains.kotlin.gradle.utils.ConfigurationCacheKt                          : loaded 2 times (x 69B)
Class com.google.common.collect.SortedIterable                                        : loaded 2 times (x 68B)
Class org.jetbrains.kotlin.gradle.dsl.KotlinTargetContainerWithNativeShortcuts        : loaded 2 times (x 68B)
Class org.jetbrains.kotlin.gradle.report.BuildScanSettings                            : loaded 2 times (x 70B)
Class com.google.common.collect.ArrayListMultimapGwtSerializationDependencies         : loaded 2 times (x 170B)
Class kotlin.Unit                                                                     : loaded 2 times (x 69B)
Class com.google.common.base.CharMatcher$RangesMatcher                                : loaded 2 times (x 110B)
Class com.google.common.collect.AbstractMapBasedMultimap$RandomAccessWrappedList      : loaded 2 times (x 165B)
Class org.jetbrains.kotlin.gradle.plugin.mpp.compilationImpl.KotlinCompilationImpl$Params: loaded 2 times (x 70B)
Class org.jetbrains.kotlin.buildtools.api.SourcesChanges$Known                        : loaded 2 times (x 72B)
Class org.objectweb.asm.Handler                                                       : loaded 2 times (x 70B)
Class org.gradle.api.internal.classpath.GlobalCacheRootsProvider                      : loaded 2 times (x 68B)
Class org.jetbrains.kotlin.gradle.plugin.mpp.SyncLanguageSettingsWithKotlinExtensionSetupActionKt$SyncLanguageSettingsWithKotlinExtensionSetupAction$1$1: loaded 2 times (x 73B)
Class org.jetbrains.kotlin.gradle.plugin.mpp.SyncLanguageSettingsWithKotlinExtensionSetupActionKt$SyncLanguageSettingsWithKotlinExtensionSetupAction$1$2: loaded 2 times (x 73B)
Class org.jetbrains.kotlin.gradle.plugin.ProjectLocalConfigurationsKt                 : loaded 2 times (x 69B)
Class kotlin.collections.CollectionsKt                                                : loaded 2 times (x 69B)
Class org.jetbrains.kotlin.protobuf.AbstractParser                                    : loaded 2 times (x 142B)
Class org.jetbrains.kotlin.daemon.common.StringPropMapper                             : loaded 2 times (x 72B)
Class com.google.common.collect.ImmutableSortedSet$Builder                            : loaded 2 times (x 84B)
Class org.jetbrains.kotlin.gradle.tasks.configuration.AbstractKotlinCompileConfig$2$1 : loaded 2 times (x 77B)
Class [Lorg.jetbrains.org.objectweb.asm.Symbol;                                       : loaded 2 times (x 67B)
Class kotlin.collections.ArraysKt___ArraysJvmKt                                       : loaded 2 times (x 69B)
Class org.jetbrains.kotlin.gradle.dsl.KotlinJvmCompilerOptionsHelper                  : loaded 2 times (x 69B)
Class org.jetbrains.kotlin.metadata.jvm.JvmProtoBuf$JvmPropertySignature              : loaded 2 times (x 112B)
Class org.jetbrains.kotlin.gradle.tasks.TasksUtilsKt$WhenMappings                     : loaded 2 times (x 69B)
Class org.jetbrains.kotlin.gradle.tasks.configuration.AbstractKotlinCompileConfig$2$3 : loaded 2 times (x 73B)
Class org.jetbrains.kotlin.gradle.plugin.mpp.ApplyUserDefinedAttributesKt$UserDefinedAttributesSetupAction$1$1$3: loaded 2 times (x 73B)
Class com.google.common.collect.ImmutableList$SubList                                 : loaded 2 times (x 168B)
Class org.jetbrains.org.objectweb.asm.tree.AbstractInsnNode                           : loaded 2 times (x 76B)
Class kotlin.collections.CollectionsKt___CollectionsJvmKt                             : loaded 2 times (x 69B)
Class org.jetbrains.kotlin.gradle.tasks.configuration.AbstractKotlinCompileConfig$2$4 : loaded 2 times (x 73B)
Class [Lorg.jetbrains.kotlin.konan.util.Named;                                        : loaded 2 times (x 67B)
Class org.jetbrains.kotlin.gradle.plugin.diagnostics.checkers.CommonMainOrTestWithDependsOnChecker: loaded 2 times (x 72B)
Class jdk.internal.jrtfs.JrtFileSystemProvider                                        : loaded 2 times (x 97B)
Class org.jetbrains.kotlin.gradle.internal.transforms.BuildToolsApiClasspathEntrySnapshotTransform$Parameters$Inject: loaded 2 times (x 116B)
Class org.jetbrains.kotlin.gradle.plugin.mpp.KotlinUsages$setupAttributesMatchingStrategy$1: loaded 2 times (x 72B)
Class com.google.common.cache.LocalCache$ValueReference                               : loaded 2 times (x 68B)
Class com.google.common.collect.CollectSpliterators                                   : loaded 2 times (x 69B)
Class org.jetbrains.kotlin.gradle.dsl.KotlinTopLevelExtension                         : loaded 2 times (x 68B)
Class org.jetbrains.kotlin.cli.common.repl.ReplCodeLine                               : loaded 2 times (x 70B)
Class org.objectweb.asm.ClassReader                                                   : loaded 2 times (x 91B)
Class org.jetbrains.kotlin.gradle.dsl.JvmTarget                                       : loaded 2 times (x 77B)
Class org.jetbrains.kotlin.compilerRunner.GradleKotlinCompilerWork$compileWithDaemonOrFallbackImpl$1$3: loaded 2 times (x 77B)
Class org.jetbrains.kotlin.gradle.plugin.diagnostics.checkers.WasmSourceSetsNotFoundChecker$runChecks$1: loaded 2 times (x 86B)
Class org.jetbrains.kotlin.gradle.utils.ObservableSet                                 : loaded 2 times (x 68B)
Class [Lorg.jetbrains.kotlin.metadata.ProtoBuf$Class$Kind;                            : loaded 2 times (x 67B)
Class org.jetbrains.org.objectweb.asm.RecordComponentWriter                           : loaded 2 times (x 76B)
Class com.google.common.io.Java8Compatibility                                         : loaded 2 times (x 69B)
Class org.jetbrains.org.objectweb.asm.tree.JumpInsnNode                               : loaded 2 times (x 76B)
Class org.jetbrains.kotlin.daemon.common.PropMapper                                   : loaded 2 times (x 72B)
Class org.jetbrains.kotlin.gradle.plugin.mpp.MppSourcesJarKt$sourcesJarTaskNamed$result$1: loaded 2 times (x 77B)
Class org.jetbrains.kotlin.gradle.utils.KotlinExtensionUtilsKt$forAllTargets$1        : loaded 2 times (x 93B)
Class org.gradle.internal.classloader.ClasspathUtil                                   : loaded 2 times (x 69B)
Class org.jetbrains.kotlin.metadata.deserialization.ProtoBufUtilKt                    : loaded 2 times (x 69B)
Class kotlin.ranges.RangesKt__RangesKt                                                : loaded 2 times (x 69B)
Class org.jetbrains.kotlin.gradle.plugin.statistics.BuildFusService$Companion$registerIfAbsent$1$1$1: loaded 2 times (x 73B)
Class jdk.internal.jrtfs.JrtDirectoryStream                                           : loaded 2 times (x 87B)
Class org.jetbrains.kotlin.gradle.internal.StdlibDependencyManagementKt$configureStdlibVersionAlignment$1: loaded 2 times (x 73B)
Class org.objectweb.asm.CurrentFrame                                                  : loaded 2 times (x 71B)
Class org.jetbrains.kotlin.metadata.ProtoBuf$TypeParameter$Variance                   : loaded 2 times (x 80B)
Class com.google.common.util.concurrent.AbstractFuture                                : loaded 2 times (x 93B)
Class org.jetbrains.org.objectweb.asm.SymbolTable$Entry                               : loaded 2 times (x 72B)
Class kotlin.NotImplementedError                                                      : loaded 2 times (x 80B)
Class org.jetbrains.kotlin.gradle.targets.native.internal.CommonizerTasksKt           : loaded 2 times (x 69B)
Class org.jetbrains.kotlin.gradle.plugin.KotlinPluginLifecycleImpl$WhenMappings       : loaded 2 times (x 69B)
Class org.jetbrains.kotlin.gradle.targets.native.toolchain.KotlinNativeBundleBuildService$Companion$registerIfAbsent$1: loaded 2 times (x 73B)
Class org.jetbrains.kotlin.gradle.plugin.BuildEventsListenerRegistryHolder$Companion  : loaded 2 times (x 69B)
Class org.jetbrains.kotlin.compilerRunner.GradleCompilationResults                    : loaded 2 times (x 75B)
Class org.jetbrains.kotlin.gradle.dsl.KotlinCommonCompilerToolOptions                 : loaded 2 times (x 68B)
Class org.jetbrains.kotlin.gradle.utils.GradleConfigurationUtilsKt$addGradlePluginMetadataAttributes$1: loaded 2 times (x 73B)
Class org.jetbrains.kotlin.metadata.deserialization.Flags$EnumLiteFlagField           : loaded 2 times (x 74B)
Class org.jetbrains.kotlin.tooling.core.HasMutableExtras                              : loaded 2 times (x 68B)
Class org.jetbrains.kotlin.metadata.ProtoBuf$TypeAlias                                : loaded 2 times (x 135B)
Class org.jetbrains.kotlin.protobuf.WireFormat$FieldType$1                            : loaded 2 times (x 81B)
Class org.jetbrains.kotlin.protobuf.WireFormat$FieldType$2                            : loaded 2 times (x 81B)
Class org.jetbrains.kotlin.gradle.tasks.CompileUsingKotlinDaemon                      : loaded 2 times (x 68B)
Class org.jetbrains.kotlin.protobuf.WireFormat$FieldType$3                            : loaded 2 times (x 81B)
Class jdk.internal.jimage.decompressor.ResourceDecompressor                           : loaded 2 times (x 68B)
Class org.jetbrains.kotlin.gradle.plugin.RegisterKotlinPluginExtensionsKt             : loaded 2 times (x 69B)
Class org.jetbrains.kotlin.gradle.plugin.statistics.BuildFusService$Parameters_Decorated: loaded 2 times (x 141B)
Class org.jetbrains.kotlin.protobuf.WireFormat$FieldType$4                            : loaded 2 times (x 81B)
Class org.jetbrains.kotlin.protobuf.MessageLite$Builder                               : loaded 2 times (x 68B)
Class org.jetbrains.kotlin.gradle.internal.transforms.BuildToolsApiClasspathEntrySnapshotTransform$Inject1: loaded 2 times (x 111B)
Class org.jetbrains.kotlin.gradle.dsl.KotlinCommonCompilerOptionsHelper               : loaded 2 times (x 69B)
Class org.jetbrains.kotlin.compilerRunner.CompilerSystemPropertiesService$Inject      : loaded 2 times (x 98B)
Class org.jetbrains.kotlin.gradle.tasks.KotlinCompile$javaSources$1                   : loaded 2 times (x 73B)
Class org.jetbrains.kotlin.gradle.plugin.StatisticsBuildFlowManager$subscribeForBuildResult$1$1: loaded 2 times (x 72B)
Class kotlin.collections.CollectionsKt__IteratorsKt                                   : loaded 2 times (x 69B)
Class org.jetbrains.kotlin.daemon.client.KotlinCompilerClient$GcAutoConfiguration     : loaded 2 times (x 70B)
Class com.google.common.base.Splitter$1                                               : loaded 2 times (x 75B)
Class [Lorg.jetbrains.kotlin.daemon.common.ReportSeverity;                            : loaded 2 times (x 67B)
Class com.google.common.collect.ReverseOrdering                                       : loaded 2 times (x 113B)
Class org.jetbrains.kotlin.konan.target.KonanTarget$MACOS_ARM64                       : loaded 2 times (x 76B)
Class org.jetbrains.kotlin.compilerRunner.GradleCliCommonizerKt                       : loaded 2 times (x 69B)
Class org.jetbrains.kotlin.daemon.client.KotlinCompilerClientKt                       : loaded 2 times (x 69B)
Class com.google.common.collect.TransformedListIterator                               : loaded 2 times (x 91B)
Class org.jetbrains.kotlin.gradle.internal.transforms.BuildToolsApiClasspathEntrySnapshotTransform: loaded 2 times (x 80B)
Class org.jetbrains.org.objectweb.asm.tree.IntInsnNode                                : loaded 2 times (x 76B)
Class com.google.common.cache.LocalCache$ValueIterator                                : loaded 2 times (x 84B)
Class com.google.common.base.Ticker$1                                                 : loaded 2 times (x 70B)
Class com.google.common.collect.Maps$BiMapConverter                                   : loaded 2 times (x 88B)
Class org.gradle.api.internal.DefaultClassPathRegistry                                : loaded 2 times (x 74B)
Class org.jetbrains.kotlin.gradle.plugin.KotlinProjectSetupAction                     : loaded 2 times (x 68B)
Class org.jetbrains.kotlin.config.LanguageOrApiVersion                                : loaded 2 times (x 68B)
Class org.jetbrains.kotlin.gradle.dsl.ToolchainSupport$Companion                      : loaded 2 times (x 69B)
Class org.jetbrains.kotlin.descriptors.Visibilities$Internal                          : loaded 2 times (x 77B)
Class com.google.common.collect.ImmutableSortedMap                                    : loaded 2 times (x 176B)
Class com.google.common.collect.AbstractIterator$State                                : loaded 2 times (x 77B)
Class org.jetbrains.kotlin.gradle.dsl.IosSourceSetConventionChecker$runChecks$1       : loaded 2 times (x 86B)
Class com.google.common.util.concurrent.AbstractFuture$Cancellation                   : loaded 2 times (x 70B)
Class [Lorg.objectweb.asm.Symbol;                                                     : loaded 2 times (x 67B)
Class org.jetbrains.kotlin.metadata.ProtoBuf$Expression                               : loaded 2 times (x 118B)
Class org.jetbrains.kotlin.descriptors.Visibilities$PrivateToThis                     : loaded 2 times (x 77B)
Class com.google.common.base.Predicates                                               : loaded 2 times (x 69B)
Class org.jetbrains.kotlin.daemon.client.KotlinCompilerClient$DaemonSearchResult      : loaded 2 times (x 68B)
Class org.jetbrains.kotlin.daemon.client.KotlinCompilerClient$tryFindSuitableDaemonOrNewOpts$aliveWithMetadata$1: loaded 2 times (x 77B)
Class com.google.common.collect.Interner                                              : loaded 2 times (x 68B)
Class org.jetbrains.kotlin.gradle.plugin.mpp.compilationImpl.CreateCInteropTasksSideEffectKt: loaded 2 times (x 69B)
Class org.jetbrains.kotlin.gradle.plugin.internal.CompatibilityConventionRegistrar    : loaded 2 times (x 68B)
Class com.google.common.collect.ImmutableSet$SetBuilderImpl                           : loaded 2 times (x 74B)
Class org.jetbrains.kotlin.load.kotlin.header.ReadKotlinClassHeaderAnnotationVisitor$KotlinMetadataArgumentVisitor: loaded 2 times (x 84B)
Class org.jetbrains.kotlin.gradle.dsl.KotlinProjectExtension$awaitSourceSets$1        : loaded 2 times (x 86B)
Class org.jetbrains.kotlin.protobuf.FieldSet                                          : loaded 2 times (x 70B)
Class org.jetbrains.kotlin.gradle.targets.ConfigureBuildSideEffectKt$ConfigureBuildSideEffect$1: loaded 2 times (x 72B)
Class org.jetbrains.kotlin.metadata.deserialization.TypeTable                         : loaded 2 times (x 70B)
Class [Lorg.jetbrains.kotlin.metadata.ProtoBuf$TypeParameter$Variance;                : loaded 2 times (x 67B)
Class org.jetbrains.kotlin.gradle.plugin.mpp.KotlinMetadataTarget                     : loaded 2 times (x 165B)
Class org.jetbrains.kotlin.gradle.plugin.KotlinGradleBuildServices$Parameters_Decorated: loaded 2 times (x 132B)
Class org.jetbrains.kotlin.gradle.plugin.internal.DefaultCompatibilityConventionRegistrar$Factory: loaded 2 times (x 74B)
Class org.jetbrains.kotlin.statistics.metrics.NumberAnonymizationPolicy               : loaded 2 times (x 83B)
Class org.gradle.api.internal.classpath.DefaultModuleRegistry$DefaultModule           : loaded 2 times (x 84B)
Class org.jetbrains.kotlin.gradle.plugin.diagnostics.checkers.KotlinTargetAlreadyDeclaredChecker$runChecks$1: loaded 2 times (x 86B)
Class org.jetbrains.kotlin.gradle.targets.native.SetupEmbedAndSignAppleFrameworkTaskSideEffectKt: loaded 2 times (x 69B)
Class org.jetbrains.kotlin.metadata.deserialization.NameResolver                      : loaded 2 times (x 68B)
Class org.jetbrains.org.objectweb.asm.tree.FieldInsnNode                              : loaded 2 times (x 77B)
Class com.google.common.io.LineReader                                                 : loaded 2 times (x 70B)
Class org.jetbrains.kotlin.gradle.plugin.diagnostics.checkers.MissingNativeStdlibChecker$runChecks$1: loaded 2 times (x 86B)
Class org.jetbrains.kotlin.gradle.plugin.mpp.KotlinVariant                            : loaded 2 times (x 99B)
Class com.google.common.base.CharMatcher$JavaIsoControl                               : loaded 2 times (x 110B)
Class org.jetbrains.kotlin.compilerRunner.GradleCompilerRunnerWithWorkers             : loaded 2 times (x 71B)
Class org.jetbrains.kotlin.gradle.utils.StoredLazyProperty                            : loaded 2 times (x 73B)
Class com.google.common.collect.ImmutableMap$1                                        : loaded 2 times (x 79B)
Class org.jetbrains.kotlin.gradle.plugin.DefaultKotlinBasePlugin$addKotlinCompilerConfiguration$2$1$1$1: loaded 2 times (x 73B)
Class org.jetbrains.kotlin.config.ApiVersion$Companion                                : loaded 2 times (x 69B)
Class org.jetbrains.kotlin.gradle.utils.WhenPluginEnabledKt$whenPluginsEnabled$1      : loaded 2 times (x 73B)
Class org.jetbrains.kotlin.gradle.targets.js.npm.NpmDependencyExtension               : loaded 2 times (x 68B)
Class org.jetbrains.kotlin.gradle.tasks.DefaultKotlinJavaToolchain$Companion          : loaded 2 times (x 69B)
Class org.jetbrains.kotlin.gradle.tasks.K2MultiplatformStructure$Fragment             : loaded 2 times (x 70B)
Class org.jetbrains.kotlin.gradle.plugin.diagnostics.checkers.AndroidPluginWithoutAndroidTargetChecker: loaded 2 times (x 72B)
Class org.jetbrains.kotlin.gradle.targets.js.npm.PeerNpmDependencyExtension           : loaded 2 times (x 68B)
Class org.jetbrains.kotlin.gradle.plugin.PropertiesProvider$localProperties$2         : loaded 2 times (x 77B)
Class org.jetbrains.kotlin.gradle.plugin.UsesBuildFinishedListenerService             : loaded 2 times (x 68B)
Class org.jetbrains.kotlin.gradle.internal.KotlinDependenciesManagementKt$CustomizeKotlinDependenciesSetupAction$1: loaded 2 times (x 72B)
Class org.jetbrains.kotlin.tooling.core.TypeUtils$WhenMappings                        : loaded 2 times (x 69B)
Class org.jetbrains.kotlin.config.JvmDefaultMode$Companion                            : loaded 2 times (x 69B)
Class org.jetbrains.kotlin.konan.target.KonanTarget                                   : loaded 2 times (x 76B)
Class org.jetbrains.kotlin.gradle.plugin.KotlinPlatformType                           : loaded 2 times (x 80B)
Class com.google.common.base.CharMatcher$Or                                           : loaded 2 times (x 110B)
Class org.jetbrains.kotlin.metadata.ProtoBuf$Package$1                                : loaded 2 times (x 142B)
Class org.jetbrains.kotlin.gradle.plugin.mpp.compilationImpl.factory.CompositePostConfigure: loaded 2 times (x 73B)
Class [Lorg.jetbrains.kotlin.gradle.plugin.HasProject;                                : loaded 2 times (x 67B)
Class org.jetbrains.kotlin.gradle.plugin.internal.DefaultConfigurationCacheStartParameterAccessorVariantFactory: loaded 2 times (x 74B)
Class org.jetbrains.kotlin.gradle.utils.CompilerOptionsKt$configureExperimentalTryNext$1$1: loaded 2 times (x 76B)
Class org.jetbrains.kotlin.protobuf.LiteralByteString                                 : loaded 2 times (x 110B)
Class com.google.common.collect.ImmutableSortedAsList                                 : loaded 2 times (x 180B)
Class org.jetbrains.kotlin.metadata.ProtoBuf$Effect$InvocationKind                    : loaded 2 times (x 80B)
Class org.jetbrains.kotlin.metadata.ProtoBuf$Class$Kind$1                             : loaded 2 times (x 72B)
Class org.jetbrains.kotlin.compilerRunner.GradleCompilerServicesFacadeImpl            : loaded 2 times (x 76B)
Class org.jetbrains.kotlin.gradle.plugin.mpp.KotlinMetadataCompilation                : loaded 2 times (x 68B)
Class org.jetbrains.kotlin.gradle.plugin.sources.KotlinDependencyScope                : loaded 2 times (x 77B)
Class org.jetbrains.kotlin.gradle.tasks.configuration.BaseKotlinCompileConfig$configureCommonParameters$1: loaded 2 times (x 72B)
Class org.jetbrains.kotlin.gradle.utils.ResourceUtilsKt                               : loaded 2 times (x 69B)
Class kotlin.text.StringsKt__StringsKt                                                : loaded 2 times (x 69B)
Class org.jetbrains.kotlin.gradle.tasks.configuration.BaseKotlinCompileConfig$configureCommonParameters$2: loaded 2 times (x 73B)
Class org.jetbrains.kotlin.protobuf.GeneratedMessageLite$Builder                      : loaded 2 times (x 126B)
Class org.jetbrains.kotlin.gradle.plugin.AbstractKotlinJsPluginWrapper                : loaded 2 times (x 84B)
Class kotlin.comparisons.ComparisonsKt___ComparisonsKt                                : loaded 2 times (x 69B)
Class org.jetbrains.kotlin.gradle.plugin.statistics.KotlinBuildStatisticsUtilsKt      : loaded 2 times (x 69B)
Class org.jetbrains.kotlin.compilerRunner.GradleKotlinCompilerWork$WhenMappings       : loaded 2 times (x 69B)
Class [Lorg.jetbrains.kotlin.gradle.plugin.sources.KotlinDependencyScope;             : loaded 2 times (x 67B)
Class org.jetbrains.kotlin.gradle.utils.ConfigurationsKt$maybeCreateDependencyScope$1 : loaded 2 times (x 76B)
Class org.jetbrains.kotlin.gradle.plugin.KotlinJsPluginWrapper                        : loaded 2 times (x 84B)
Class com.google.common.base.Suppliers$SupplierOfInstance                             : loaded 2 times (x 77B)
Class [Lorg.jetbrains.kotlin.gradle.dsl.jvm.JvmTargetValidationMode;                  : loaded 2 times (x 67B)
Class org.jetbrains.kotlin.gradle.tasks.configuration.AbstractKotlinCompileConfig$1$1 : loaded 2 times (x 72B)
Class org.jetbrains.kotlin.konan.target.KonanTarget$TVOS_ARM64                        : loaded 2 times (x 76B)
Class org.objectweb.asm.RecordComponentVisitor                                        : loaded 2 times (x 75B)
Class org.jetbrains.kotlin.gradle.tasks.configuration.AbstractKotlinCompileConfig$1$2 : loaded 2 times (x 72B)
Class org.jetbrains.kotlin.tooling.core.Extras$Entry$Companion                        : loaded 2 times (x 69B)
Class org.jetbrains.kotlin.gradle.utils.GradleConfigurationUtilsKt                    : loaded 2 times (x 69B)
Class org.jetbrains.kotlin.gradle.plugin.mpp.HierarchyAttributeContainer              : loaded 2 times (x 81B)
Class org.jetbrains.kotlin.gradle.tasks.configuration.AbstractKotlinCompileConfig$1$4 : loaded 2 times (x 73B)
Class org.jetbrains.kotlin.build.report.metrics.GradleBuildPerformanceMetric$Companion: loaded 2 times (x 69B)
Class org.jetbrains.kotlin.gradle.tasks.configuration.AbstractKotlinCompileConfig$1$5 : loaded 2 times (x 73B)
Class org.jetbrains.kotlin.gradle.plugin.diagnostics.checkers.OverriddenKotlinNativeHomeChecker$StdlibExistenceCheckerValueSource$Params: loaded 2 times (x 68B)
Class org.jetbrains.kotlin.gradle.plugin.KotlinCompilationToRunnableFiles             : loaded 2 times (x 68B)
Class org.jetbrains.kotlin.metadata.ProtoBuf$ValueParameter                           : loaded 2 times (x 126B)
Class org.jetbrains.kotlin.gradle.tasks.configuration.AbstractKotlinCompileConfig$1$6 : loaded 2 times (x 73B)
Class org.jetbrains.kotlin.gradle.dsl.KotlinProjectExtensionKt                        : loaded 2 times (x 69B)
Class org.jetbrains.kotlin.gradle.plugin.mpp.KotlinSoftwareComponentKt                : loaded 2 times (x 69B)
Class org.jetbrains.kotlin.gradle.tasks.UsesKotlinJavaToolchain                       : loaded 2 times (x 68B)
Class org.jetbrains.kotlin.metadata.ProtoBuf$Effect$InvocationKind$1                  : loaded 2 times (x 72B)
Class org.jetbrains.kotlin.gradle.plugin.sources.android.AndroidVariantType           : loaded 2 times (x 77B)
Class org.jetbrains.kotlin.gradle.plugin.mpp.KotlinTargetComponentWithCoordinatesAndPublication: loaded 2 times (x 68B)
Class org.jetbrains.kotlin.gradle.artifacts.KotlinMetadataArtifactKt$KotlinMetadataArtifact$1: loaded 2 times (x 72B)
Class org.jetbrains.kotlin.gradle.plugin.DefaultKotlinBasePlugin$addKotlinCompilerConfiguration$1: loaded 2 times (x 73B)
Class org.jetbrains.kotlin.metadata.ProtoBuf$Annotation$1                             : loaded 2 times (x 142B)
Class org.jetbrains.kotlin.gradle.utils.WhenEvaluatedKt                               : loaded 2 times (x 69B)
Class org.jetbrains.kotlin.tooling.core.ExtrasPropertyKt                              : loaded 2 times (x 69B)
Class org.jetbrains.kotlin.gradle.plugin.DefaultKotlinBasePlugin$addKotlinCompilerConfiguration$3: loaded 2 times (x 73B)
Class org.jetbrains.kotlin.metadata.jvm.JvmProtoBuf$StringTableTypes$1                : loaded 2 times (x 142B)
Class com.google.common.cache.LocalCache$HashIterator                                 : loaded 2 times (x 84B)
Class com.google.common.collect.Iterables                                             : loaded 2 times (x 69B)
Class org.jetbrains.kotlin.gradle.targets.CreateTargetConfigurationsSideEffectKt      : loaded 2 times (x 69B)
Class org.jetbrains.kotlin.gradle.plugin.VariantImplementationFactories$Companion$getProvider$2$1$1: loaded 2 times (x 73B)
Class org.jetbrains.kotlin.gradle.utils.FailuresKt$ideaSyncClasspathModeUtil$1        : loaded 2 times (x 70B)
Class org.jetbrains.kotlin.gradle.plugin.mpp.KotlinUsages$KotlinCinteropCompatibility : loaded 2 times (x 75B)
Class org.jetbrains.kotlin.metadata.jvm.deserialization.UtfEncodingKt                 : loaded 2 times (x 69B)
Class org.jetbrains.kotlin.gradle.plugin.sources.ConsistencyCheck                     : loaded 2 times (x 70B)
Class [Lorg.jetbrains.kotlin.gradle.plugin.HasKotlinDependencies;                     : loaded 2 times (x 67B)
Class com.google.common.base.CharMatcher$JavaLowerCase                                : loaded 2 times (x 109B)
Class org.jetbrains.kotlin.metadata.jvm.JvmProtoBuf$JvmMethodSignature$Builder        : loaded 2 times (x 132B)
Class [Lorg.jetbrains.kotlin.protobuf.WireFormat$FieldType;                           : loaded 2 times (x 67B)
Class org.jetbrains.kotlin.gradle.tasks.K2MultiplatformStructure_Decorated            : loaded 2 times (x 133B)
Class org.jetbrains.kotlin.cli.common.CompilerSystemProperties$value$2                : loaded 2 times (x 123B)
Class com.google.common.cache.LocalCache$WriteThroughEntry                            : loaded 2 times (x 77B)
Class org.objectweb.asm.ClassTooLargeException                                        : loaded 2 times (x 81B)
Class org.jetbrains.kotlin.gradle.plugin.diagnostics.checkers.OverriddenKotlinNativeHomeChecker$StdlibExistenceCheckerValueSource$Inject: loaded 2 times (x 107B)
Class org.jetbrains.kotlin.config.LanguageVersion$Companion                           : loaded 2 times (x 69B)
Class org.jetbrains.kotlin.metadata.ProtoBuf$VersionRequirementOrBuilder              : loaded 2 times (x 68B)
Class org.jetbrains.kotlin.gradle.plugin.diagnostics.CheckKotlinGradlePluginConfigurationErrorsKt$locateOrRegisterCheckKotlinGradlePluginErrorsTask$taskProvider$1: loaded 2 times (x 73B)
Class org.jetbrains.kotlin.gradle.artifacts.KotlinJsKlibArtifactKt                    : loaded 2 times (x 69B)
Class org.jetbrains.kotlin.gradle.plugin.mpp.compilationImpl.DefaultKotlinCompilationSourceSetsContainer: loaded 2 times (x 76B)
Class org.jetbrains.kotlin.gradle.plugin.mpp.compilationImpl.factory.KotlinCompilationImplFactory$KotlinCompilationSourceSetsContainerFactory: loaded 2 times (x 68B)
Class org.jetbrains.kotlin.gradle.internal.properties.PropertiesBuildService$Params   : loaded 2 times (x 68B)
Class org.gradle.api.internal.classpath.UnknownModuleException                        : loaded 2 times (x 80B)
Class org.jetbrains.kotlin.protobuf.WireFormat$JavaType                               : loaded 2 times (x 77B)
Class [Lcom.google.gson.stream.JsonToken;                                             : loaded 2 times (x 67B)
Class org.jetbrains.kotlin.konan.target.TargetSupportException                        : loaded 2 times (x 80B)
Class kotlin.collections.MapsKt__MapsJVMKt                                            : loaded 2 times (x 69B)
Class com.google.common.collect.FluentIterable                                        : loaded 2 times (x 79B)
Class org.jetbrains.kotlin.gradle.tasks.AbstractKotlinCompileTool$sources$1           : loaded 2 times (x 77B)
Class org.jetbrains.kotlin.konan.target.KonanTarget$IOS_X64                           : loaded 2 times (x 76B)
Class com.google.common.util.concurrent.AbstractFuture$Listener                       : loaded 2 times (x 70B)
Class org.jetbrains.kotlin.gradle.plugin.mpp.InternalKotlinTargetComponent            : loaded 2 times (x 91B)
Class org.jetbrains.kotlin.gradle.plugin.mpp.compilationImpl.KotlinCompilationRegisterInSourceSetsConfigurator$configure$1: loaded 2 times (x 77B)
Class org.jetbrains.kotlin.gradle.tasks.configuration.BaseKotlinCompileConfig         : loaded 2 times (x 70B)
Class org.jetbrains.kotlin.protobuf.ByteString                                        : loaded 2 times (x 106B)
Class com.google.common.collect.MapMakerInternalMap$StrongKeyDummyValueEntry$LinkedStrongKeyDummyValueEntry: loaded 2 times (x 80B)
Class com.google.common.collect.Iterables$4                                           : loaded 2 times (x 79B)
Class org.jetbrains.kotlin.gradle.tasks.DefaultKotlinJavaToolchain$DefaultJdkSetter   : loaded 2 times (x 74B)
Class org.jetbrains.kotlin.compilerRunner.GradleCompilerRunner$Companion              : loaded 2 times (x 69B)
Class org.jetbrains.kotlin.gradle.dsl.KotlinVersion$Companion                         : loaded 2 times (x 69B)
Class org.jetbrains.kotlin.metadata.jvm.JvmProtoBuf$JvmFieldSignature$1               : loaded 2 times (x 142B)
Class build_7kk02mmi1vk0ccyzvzgd9cdpv                                                 : loaded 2 times (x 178B)
Class org.objectweb.asm.Edge                                                          : loaded 2 times (x 70B)
Class org.jetbrains.kotlin.gradle.plugin.AbstractKotlinAndroidPluginWrapper           : loaded 2 times (x 84B)
Class org.jetbrains.kotlin.gradle.plugin.KotlinJvmPlugin                              : loaded 2 times (x 78B)
Class org.jetbrains.kotlin.gradle.internal.properties.PropertiesBuildService$Inject   : loaded 2 times (x 94B)
Class com.google.common.collect.Maps$EntryTransformer                                 : loaded 2 times (x 68B)
Class org.jetbrains.kotlin.cli.common.ModuleVisibilityHelperImpl                      : loaded 2 times (x 72B)
Class org.jetbrains.org.objectweb.asm.tree.InsnList                                   : loaded 2 times (x 101B)
Class org.jetbrains.kotlin.metadata.ProtoBuf$PackageOrBuilder                         : loaded 2 times (x 68B)
Class [Lorg.jetbrains.org.objectweb.asm.Type;                                         : loaded 2 times (x 67B)
Class org.jetbrains.kotlin.gradle.plugin.VariantImplementationFactories$Companion     : loaded 2 times (x 69B)
Class org.jetbrains.kotlin.gradle.utils.AndroidPluginIdsKt                            : loaded 2 times (x 69B)
Class com.google.common.collect.ImmutableCollection$Builder                           : loaded 2 times (x 74B)
Class kotlin.collections.ArraysKt___ArraysKt                                          : loaded 2 times (x 69B)
Class org.jetbrains.kotlin.gradle.targets.js.dsl.KotlinWasmWasiTargetDsl              : loaded 2 times (x 68B)
Class org.jetbrains.kotlin.gradle.targets.js.npm.BaseNpmDependencyExtension           : loaded 2 times (x 68B)
Class org.jetbrains.kotlin.descriptors.Visibilities$Inherited                         : loaded 2 times (x 77B)
Class com.google.common.io.ByteArrayDataInput                                         : loaded 2 times (x 68B)
Class org.jetbrains.kotlin.gradle.tasks.CompileUsingKotlinDaemonWithNormalization$normalizedKotlinDaemonJvmArguments$1: loaded 2 times (x 72B)
Class org.gradle.internal.installation.GradleInstallation                             : loaded 2 times (x 73B)
Class org.jetbrains.kotlin.gradle.plugin.AbstractKotlinPlugin$Companion               : loaded 2 times (x 69B)
Class org.jetbrains.kotlin.gradle.dsl.IosSourceSetConventionChecker                   : loaded 2 times (x 72B)
Class org.jetbrains.kotlin.metadata.ProtoBuf$TypeAlias$1                              : loaded 2 times (x 142B)
Class kotlin.text.StringsKt__StringNumberConversionsJVMKt                             : loaded 2 times (x 69B)
Class org.jetbrains.kotlin.gradle.plugin.sources.FragmentConsistencyChecks            : loaded 2 times (x 70B)
Class org.jetbrains.kotlin.gradle.plugin.HasProject                                   : loaded 2 times (x 68B)
Class [Lorg.objectweb.asm.SymbolTable$Entry;                                          : loaded 2 times (x 67B)
Class com.google.common.collect.SingletonImmutableBiMap                               : loaded 2 times (x 141B)
Class org.jetbrains.kotlin.gradle.tooling.BuildKotlinToolingMetadataTask$FromKotlinExtension: loaded 2 times (x 315B)
Class org.jetbrains.kotlin.gradle.dsl.AndroidMainSourceSetConventionsChecker          : loaded 2 times (x 72B)
Class org.jetbrains.kotlin.gradle.plugin.mpp.compilationImpl.KotlinCompilationSideEffect: loaded 2 times (x 68B)
Class org.jetbrains.kotlin.gradle.internal.properties.PropertiesBuildService$NullableBooleanGradleProperty: loaded 2 times (x 74B)
Class org.jetbrains.kotlin.mpp.DeclarationSymbolMarker                                : loaded 2 times (x 68B)
Class [Lorg.jetbrains.kotlin.build.report.statistics.StatTag;                         : loaded 2 times (x 67B)
Class kotlin.TuplesKt                                                                 : loaded 2 times (x 69B)
Class org.jetbrains.kotlin.metadata.ProtoBuf$Type$Argument                            : loaded 2 times (x 108B)
Class kotlin.collections.CollectionsKt__IteratorsJVMKt$iterator$1                     : loaded 2 times (x 77B)
Class org.jetbrains.kotlin.gradle.utils.ProviderApiUtilsKt$providerWithLazyConvention$1: loaded 2 times (x 72B)
Class com.google.common.base.CommonPattern                                            : loaded 2 times (x 72B)
Class com.google.common.base.Suppliers$MemoizingSupplier                              : loaded 2 times (x 77B)
Class org.jetbrains.kotlin.compilerRunner.CompilerSystemPropertiesService$properties$2: loaded 2 times (x 77B)
Class org.jetbrains.kotlin.gradle.tasks.configuration.TaskConfigAction$configureTask$1: loaded 2 times (x 77B)
Class org.jetbrains.kotlin.gradle.plugin.diagnostics.checkers.MissingNativeStdlibChecker: loaded 2 times (x 72B)
Class org.jetbrains.kotlin.gradle.plugin.VariantImplementationFactoriesConfigurator   : loaded 2 times (x 74B)
Class com.google.common.base.Suppliers                                                : loaded 2 times (x 69B)
Class org.jetbrains.kotlin.daemon.common.CompilerId$Companion                         : loaded 2 times (x 69B)
Class org.jetbrains.kotlin.daemon.common.CompilationOptions$Companion                 : loaded 2 times (x 69B)
Class org.jetbrains.kotlin.gradle.plugin.statistics.FinalizeConfigurationFusMetricActionKt: loaded 2 times (x 69B)
Class org.jetbrains.kotlin.metadata.jvm.deserialization.JvmMetadataVersion            : loaded 2 times (x 72B)
Class org.jetbrains.kotlin.gradle.plugin.diagnostics.checkers.AndroidPluginWithoutAndroidTargetChecker$runChecks$1: loaded 2 times (x 86B)
Class org.jetbrains.kotlin.gradle.internal.properties.NativePropertiesLoader$jvmArgs$1: loaded 2 times (x 73B)
Class org.jetbrains.kotlin.gradle.plugin.internal.DefaultProjectIsolationStartParameterAccessor_Decorated: loaded 2 times (x 123B)
Class org.jetbrains.kotlin.protobuf.GeneratedMessageLite$1                            : loaded 2 times (x 69B)
Class [Lcom.google.common.collect.Iterators$EmptyModifiableIterator;                  : loaded 2 times (x 67B)
Class org.jetbrains.kotlin.descriptors.DeclarationDescriptorWithVisibility            : loaded 2 times (x 68B)
Class kotlin.LazyKt__LazyJVMKt                                                        : loaded 2 times (x 69B)
Class kotlin.text.StringsKt__IndentKt                                                 : loaded 2 times (x 69B)
Class org.jetbrains.kotlin.gradle.utils.Completable$await$1                           : loaded 2 times (x 86B)
Class org.jetbrains.kotlin.gradle.tasks.TasksProviderKt                               : loaded 2 times (x 69B)
Class org.objectweb.asm.ClassVisitor                                                  : loaded 2 times (x 86B)
Class org.jetbrains.kotlin.load.kotlin.header.KotlinClassHeader$Kind$Companion        : loaded 2 times (x 69B)
Class org.jetbrains.kotlin.compilerRunner.GradleCompilerRunnerWithWorkers$GradleKotlinCompilerWorkAction: loaded 2 times (x 76B)
Class com.google.common.collect.MapMakerInternalMap$StrongKeyDummyValueEntry          : loaded 2 times (x 80B)
Class org.jetbrains.kotlin.gradle.plugin.hierarchy.KotlinSourceSetTreeClassifier      : loaded 2 times (x 68B)
Class org.jetbrains.kotlin.gradle.plugin.diagnostics.KotlinGradleProjectChecker$Companion: loaded 2 times (x 69B)
Class com.google.common.cache.LoadingCache                                            : loaded 2 times (x 68B)
Class org.gradle.internal.service.ServiceLookupException                              : loaded 2 times (x 80B)
Class kotlin.collections.MapsKt__MapWithDefaultKt                                     : loaded 2 times (x 69B)
Class com.google.common.collect.MapMakerInternalMap$StrongKeyDummyValueSegment        : loaded 2 times (x 140B)
Class org.jetbrains.kotlin.metadata.ProtoBuf$Type$Argument$1                          : loaded 2 times (x 142B)
Class org.jetbrains.kotlin.metadata.jvm.JvmProtoBuf$JvmMethodSignature                : loaded 2 times (x 106B)
Class org.jetbrains.kotlin.build.report.metrics.BuildPerformanceMetrics$Companion     : loaded 2 times (x 69B)
Class org.jetbrains.kotlin.gradle.plugin.mpp.InternalKotlinTarget                     : loaded 2 times (x 68B)
Class org.jetbrains.kotlin.gradle.plugin.mpp.DefaultKotlinUsageContext                : loaded 2 times (x 106B)
Class org.jetbrains.kotlin.cli.common.arguments.CommonToolArguments                   : loaded 2 times (x 71B)
Class org.jetbrains.kotlin.gradle.targets.native.toolchain.KotlinNativeBundleBuildService$Parameters_Decorated: loaded 2 times (x 141B)
Class org.jetbrains.org.objectweb.asm.Type                                            : loaded 2 times (x 70B)
Class org.jetbrains.kotlin.config.MavenComparableVersion$ListItem                     : loaded 2 times (x 178B)
Class jdk.internal.jimage.ImageStringsReader                                          : loaded 2 times (x 78B)
Class org.jetbrains.kotlin.gradle.tasks.TaskOutputsBackup                             : loaded 2 times (x 70B)
Class org.jetbrains.kotlin.metadata.deserialization.Flags                             : loaded 2 times (x 69B)
Class kotlin.sequences.SequencesKt__SequencesKt$asSequence$$inlined$Sequence$1        : loaded 2 times (x 73B)
Class org.jetbrains.org.objectweb.asm.Context                                         : loaded 2 times (x 70B)
Class jdk.internal.jimage.decompressor.ResourceDecompressorFactory                    : loaded 2 times (x 72B)
Class org.jetbrains.kotlin.gradle.artifacts.KotlinLegacyCompatibilityMetadataArtifactKt$KotlinLegacyCompatibilityMetadataArtifact$1: loaded 2 times (x 72B)
Class [Lorg.jetbrains.kotlin.build.report.metrics.GradleBuildPerformanceMetric;       : loaded 2 times (x 67B)
Class [Lorg.jetbrains.kotlin.statistics.metrics.NumberOverridePolicy;                 : loaded 2 times (x 67B)
Class com.google.common.base.Present                                                  : loaded 2 times (x 79B)
Class org.jetbrains.kotlin.gradle.tasks.configuration.BaseKotlinCompileConfig$1$3$2   : loaded 2 times (x 73B)
Class com.google.common.collect.ReverseNaturalOrdering                                : loaded 2 times (x 112B)
Class org.jetbrains.kotlin.gradle.tasks.KotlinCompile$scriptExtensions$1              : loaded 2 times (x 77B)
Class org.jetbrains.kotlin.gradle.plugin.sources.DefaultKotlinSourceSet               : loaded 2 times (x 139B)
Class kotlin.collections.EmptySet                                                     : loaded 2 times (x 120B)
Class org.jetbrains.kotlin.gradle.plugin.mpp.InternalKotlinCompilationKt$awaitAllKotlinSourceSets$1: loaded 2 times (x 86B)
Class org.jetbrains.kotlin.gradle.internal.KotlinDependenciesManagementKt$configureDefaultVersionsResolutionStrategy$1: loaded 2 times (x 73B)
Class org.jetbrains.kotlin.gradle.plugin.statistics.BuildFusService$Parameters        : loaded 2 times (x 68B)
Class org.jetbrains.kotlin.tooling.core.ExtrasPropertyKt$extrasLazyProperty$1         : loaded 2 times (x 92B)
Class org.jetbrains.kotlin.gradle.plugin.UsesVariantImplementationFactories           : loaded 2 times (x 68B)
Class org.jetbrains.kotlin.gradle.tasks.GradleCompileTaskProvider_Decorated           : loaded 2 times (x 119B)
Class [Lorg.jetbrains.kotlin.build.report.metrics.BuildPerformanceMetric;             : loaded 2 times (x 67B)
Class com.google.common.base.CharMatcher$NegatedFastMatcher                           : loaded 2 times (x 111B)
Class [Lorg.gradle.api.internal.ClassPathProvider;                                    : loaded 2 times (x 67B)
Class org.jetbrains.kotlin.metadata.ProtoBuf$Type                                     : loaded 2 times (x 143B)
Class jdk.internal.jimage.ImageReader$SharedImageReader$LocationVisitor               : loaded 2 times (x 68B)
Class Build_gradle$inlined$sam$i$org_gradle_api_Action$0                              : loaded 2 times (x 73B)
Class org.jetbrains.kotlin.gradle.utils.ConfigurationsKt$maybeCreateResolvable$1      : loaded 2 times (x 76B)
Class com.google.common.util.concurrent.AbstractFuture$SafeAtomicHelper               : loaded 2 times (x 77B)
Class org.jetbrains.kotlin.protobuf.CodedOutputStream                                 : loaded 2 times (x 70B)
Class com.google.common.collect.ImmutableMultimap$Values                              : loaded 2 times (x 124B)
Class org.jetbrains.kotlin.gradle.plugin.diagnostics.KotlinToolingDiagnostics$WasmJsEnvironmentNotChosenExplicitly: loaded 2 times (x 71B)
Class org.jetbrains.kotlin.statistics.BuildSessionLogger$Companion                    : loaded 2 times (x 69B)
Class org.jetbrains.kotlin.gradle.tasks.DefaultKotlinJavaToolchain$Companion$wireJvmTargetToJvm$1: loaded 2 times (x 73B)
Class [Lorg.jetbrains.kotlin.gradle.dsl.KotlinVersion;                                : loaded 2 times (x 67B)
Class org.jetbrains.kotlin.gradle.dsl.KotlinCommonCompilerOptionsExtensionsKt         : loaded 2 times (x 69B)
Class org.jetbrains.kotlin.protobuf.WireFormat$FieldType                              : loaded 2 times (x 81B)
Class org.jetbrains.kotlin.compilerRunner.ArgumentsToStrings                          : loaded 2 times (x 69B)
Class org.jetbrains.kotlin.tooling.core.AbstractExtras                                : loaded 2 times (x 139B)
Class kotlin.collections.MapsKt                                                       : loaded 2 times (x 69B)
Class org.jetbrains.kotlin.gradle.targets.metadata.KotlinMetadataTargetConfiguratorKt$isNativeSourceSet$2: loaded 2 times (x 93B)
Class org.jetbrains.kotlin.metadata.jvm.deserialization.ClassMapperLite               : loaded 2 times (x 69B)
Class org.jetbrains.kotlin.gradle.tasks.KotlinCompile$createCompilerArguments$1$1     : loaded 2 times (x 77B)
Class org.jetbrains.kotlin.gradle.plugin.sources.KotlinDependencyScopeKt$WhenMappings : loaded 2 times (x 69B)
Class org.gradle.util.internal.GUtil                                                  : loaded 2 times (x 69B)
Class jdk.internal.jimage.decompressor.ZipDecompressor                                : loaded 2 times (x 73B)
Class org.jetbrains.kotlin.gradle.tasks.KotlinCompile$createCompilerArguments$1$2     : loaded 2 times (x 77B)
Class kotlin.jvm.internal.CollectionToArray                                           : loaded 2 times (x 69B)
Class org.jetbrains.kotlin.gradle.tasks.KotlinCompile$createCompilerArguments$1$3     : loaded 2 times (x 77B)
Class org.jetbrains.kotlin.gradle.plugin.KotlinPluginWrapperKt                        : loaded 2 times (x 69B)
Class org.jetbrains.kotlin.gradle.tasks.KotlinCompile$createCompilerArguments$1$4     : loaded 2 times (x 77B)
Class org.jetbrains.kotlin.gradle.plugin.KotlinProjectSetupActionKt$KotlinProjectSetupCoroutine$1$1: loaded 2 times (x 93B)
Class com.google.common.math.IntMath                                                  : loaded 2 times (x 69B)
Class org.jetbrains.kotlin.gradle.plugin.mpp.compilationImpl.KotlinCompilationConfigurationsContainer: loaded 2 times (x 68B)
Class org.jetbrains.kotlin.gradle.plugin.DefaultKotlinBasePlugin$addKotlinCompilerConfiguration$3$1: loaded 2 times (x 77B)
Class org.objectweb.asm.signature.SignatureReader                                     : loaded 2 times (x 72B)
Class org.jetbrains.kotlin.gradle.model.builder.KotlinModelBuilder$Companion          : loaded 2 times (x 69B)
Class org.jetbrains.kotlin.gradle.targets.NativeForwardImplementationToApiElementsSideEffectKt: loaded 2 times (x 69B)
Class org.jetbrains.kotlin.gradle.plugin.mpp.resources.resolve.KotlinTargetResourcesResolutionStrategy$Companion: loaded 2 times (x 69B)
Class org.jetbrains.kotlin.statistics.ValueAnonymizer                                 : loaded 2 times (x 68B)
Class com.google.common.collect.AbstractIterator                                      : loaded 2 times (x 80B)
Class org.gradle.internal.classloader.ClassLoaderSpec                                 : loaded 2 times (x 69B)
Class org.jetbrains.kotlin.compilerRunner.CompilerExecutionSettings$Companion         : loaded 2 times (x 69B)
Class org.jetbrains.kotlin.gradle.utils.StringUtilsKt                                 : loaded 2 times (x 69B)
Class org.jetbrains.kotlin.cli.common.arguments.ParseCommandLineArgumentsKt           : loaded 2 times (x 69B)
Class com.google.common.io.LineProcessor                                              : loaded 2 times (x 68B)
Class org.jetbrains.kotlin.protobuf.AbstractMessageLite$Builder                       : loaded 2 times (x 120B)
Class org.jetbrains.kotlin.metadata.jvm.JvmProtoBuf$JvmFieldSignatureOrBuilder        : loaded 2 times (x 68B)
Class org.jetbrains.kotlin.daemon.common.BoolPropMapper                               : loaded 2 times (x 72B)
Class org.jetbrains.kotlin.gradle.plugin.KotlinCompilerArgumentsProducerKt            : loaded 2 times (x 69B)
Class org.jetbrains.kotlin.gradle.dsl.ToolchainSupport                                : loaded 2 times (x 68B)
Class com.google.common.base.NullnessCasts                                            : loaded 2 times (x 69B)
Class org.jetbrains.kotlin.gradle.plugin.internal.ProjectIsolationStartParameterAccessor: loaded 2 times (x 68B)
Class com.google.common.io.CharSink                                                   : loaded 2 times (x 77B)
Class org.jetbrains.kotlin.metadata.ProtoBuf$Visibility                               : loaded 2 times (x 80B)
Class org.objectweb.asm.Frame                                                         : loaded 2 times (x 71B)
Class com.google.common.cache.LocalCache$LocalManualCache                             : loaded 2 times (x 97B)
Class com.google.common.collect.AbstractMapEntry                                      : loaded 2 times (x 79B)
Class com.google.common.collect.ImmutableList$Builder                                 : loaded 2 times (x 75B)
Class org.jetbrains.kotlin.gradle.plugin.statistics.KotlinBuildStatsConfiguration     : loaded 2 times (x 70B)
Class com.google.common.base.CharMatcher$Negated                                      : loaded 2 times (x 111B)
Class org.jetbrains.kotlin.descriptors.annotations.Annotated                          : loaded 2 times (x 68B)
Class [Lkotlin.reflect.KAnnotatedElement;                                             : loaded 2 times (x 67B)
Class org.jetbrains.kotlin.gradle.plugin.mpp.compilationImpl.factory.KotlinCompilationImplFactory$KotlinCompilerOptionsFactory: loaded 2 times (x 68B)
Class org.jetbrains.kotlin.gradle.plugin.diagnostics.KotlinGradleProjectCheckersRunnerKt$launchKotlinGradleProjectCheckers$1$1: loaded 2 times (x 93B)
Class org.jetbrains.kotlin.gradle.plugin.KotlinPluginLifecycle$Stage$Companion        : loaded 2 times (x 69B)
Class org.jetbrains.kotlin.metadata.ProtoBuf$Property                                 : loaded 2 times (x 146B)
Class org.jetbrains.kotlin.statistics.metrics.ConcatMetricContainer$Companion         : loaded 2 times (x 69B)
Class [Lorg.jetbrains.kotlin.gradle.plugin.KotlinCompilerArgumentsProducer$ArgumentType;: loaded 2 times (x 67B)
Class org.jetbrains.kotlin.statistics.metrics.StringAnonymizationPolicy$AllowedListAnonymizer: loaded 2 times (x 77B)
Class org.jetbrains.kotlin.gradle.report.ReportingSettings$Companion                  : loaded 2 times (x 69B)
Class org.jetbrains.kotlin.tooling.core.Extras$Type                                   : loaded 2 times (x 70B)
Class com.google.common.cache.CacheLoader$1                                           : loaded 2 times (x 73B)
Class [Lcom.google.common.collect.MapMakerInternalMap$Strength;                       : loaded 2 times (x 67B)
Class org.jetbrains.kotlin.metadata.deserialization.Flags$FlagField                   : loaded 2 times (x 71B)
Class org.jetbrains.kotlin.protobuf.BoundedByteString                                 : loaded 2 times (x 110B)
Class org.jetbrains.kotlin.daemon.common.ReportCategory$Companion                     : loaded 2 times (x 69B)
Class org.jetbrains.kotlin.gradle.plugin.sources.FragmentConsistencyChecks$unstableFeaturesCheck$1: loaded 2 times (x 77B)
Class org.jetbrains.kotlin.gradle.plugin.sources.FragmentConsistencyChecks$unstableFeaturesCheck$2: loaded 2 times (x 76B)
Class org.jetbrains.kotlin.compilerRunner.GradleCompilerRunnerWithWorkers$GradleKotlinCompilerWorkParameters: loaded 2 times (x 68B)
Class com.google.common.util.concurrent.AbstractFuture$TrustedFuture                  : loaded 2 times (x 95B)
Class org.jetbrains.kotlin.gradle.plugin.statistics.BuildFusService$Inject            : loaded 2 times (x 102B)
Class org.jetbrains.kotlin.gradle.tasks.AbstractKotlinCompile$defaultKotlinJavaToolchain$1: loaded 2 times (x 76B)
Class org.jetbrains.kotlin.metadata.ProtoBuf$Effect$1                                 : loaded 2 times (x 142B)
Class org.jetbrains.kotlin.metadata.ProtoBuf$ConstructorOrBuilder                     : loaded 2 times (x 68B)
Class org.jetbrains.kotlin.metadata.ProtoBuf$ClassOrBuilder                           : loaded 2 times (x 68B)
Class org.jetbrains.kotlin.gradle.tasks.BaseKotlinCompile                             : loaded 2 times (x 68B)
Class org.jetbrains.kotlin.gradle.internal.KotlinDomApiDependencyManagementKt         : loaded 2 times (x 69B)
Class org.jetbrains.kotlin.gradle.plugin.mpp.InternalKotlinCompilation                : loaded 2 times (x 68B)
Class kotlin.collections.IndexedValue                                                 : loaded 2 times (x 70B)
Class org.jetbrains.kotlin.descriptors.Visibility                                     : loaded 2 times (x 77B)
Class org.gradle.internal.classloader.InstrumentingClassLoader                        : loaded 2 times (x 68B)
Class com.google.common.collect.MapMakerInternalMap$InternalEntry                     : loaded 2 times (x 68B)
Class [Lorg.jetbrains.kotlin.gradle.plugin.statistics.plugins.ObservablePlugins;      : loaded 2 times (x 67B)
Class org.jetbrains.kotlin.gradle.internal.KotlinDependenciesManagementKt$allNonProjectDependencies$1: loaded 2 times (x 72B)
Class org.jetbrains.kotlin.gradle.tasks.K2MultiplatformStructure                      : loaded 2 times (x 72B)
Class org.jetbrains.kotlin.gradle.plugin.diagnostics.checkers.NoKotlinTargetsDeclaredChecker: loaded 2 times (x 72B)
Class org.jetbrains.org.objectweb.asm.CurrentFrame                                    : loaded 2 times (x 71B)
Class org.jetbrains.kotlin.gradle.tasks.AbstractKotlinCompileTool                     : loaded 2 times (x 364B)
Class org.jetbrains.kotlin.protobuf.FieldSet$1                                        : loaded 2 times (x 69B)
Class org.jetbrains.kotlin.daemon.common.DummyProfiler                                : loaded 2 times (x 77B)
Class org.jetbrains.kotlin.gradle.plugin.KotlinSourceSetTree$Companion                : loaded 2 times (x 69B)
Class org.jetbrains.kotlin.gradle.internal.CompilerArgumentAware                      : loaded 2 times (x 68B)
Class com.google.common.collect.Maps$ViewCachingAbstractMap                           : loaded 2 times (x 123B)
Class org.jetbrains.kotlin.gradle.targets.CreateArtifactsSideEffectKt                 : loaded 2 times (x 69B)
Class org.jetbrains.kotlin.gradle.plugin.ProjectLocalConfigurations$ProjectLocalDisambiguation: loaded 2 times (x 74B)
Class org.jetbrains.kotlin.gradle.plugin.KotlinPluginInMultipleProjectsHolder         : loaded 2 times (x 70B)
Class org.jetbrains.kotlin.gradle.tasks.KotlinCompileTool                             : loaded 2 times (x 68B)
Class org.jetbrains.kotlin.gradle.plugin.sources.AbstractKotlinSourceSet              : loaded 2 times (x 139B)
Class org.jetbrains.kotlin.gradle.internal.properties.NativePropertiesLoader$konanDataDirProperty$1: loaded 2 times (x 73B)
Class org.jetbrains.kotlin.gradle.plugin.BuildFinishedListenerService$Companion$registerIfAbsent$2$1: loaded 2 times (x 77B)
Class org.jetbrains.kotlin.compilerRunner.CompilerSystemPropertiesService$Companion$registerIfAbsent$2$1: loaded 2 times (x 77B)
Class org.jetbrains.kotlin.gradle.plugin.mpp.compilationImpl.factory.KotlinCompilationImplFactory$PreConfigure: loaded 2 times (x 68B)
Class com.google.common.collect.Sets                                                  : loaded 2 times (x 69B)
Class org.jetbrains.kotlin.config.ExplicitApiMode$Companion                           : loaded 2 times (x 69B)
Class org.jetbrains.kotlin.gradle.internal.StdlibDependencyManagementKt$addStdlibDependency$1$1: loaded 2 times (x 77B)
Class org.jetbrains.kotlin.gradle.plugin.mpp.compilationImpl.KotlinCompilationImpl$attributes$2: loaded 2 times (x 77B)
Class org.jetbrains.kotlin.gradle.utils.StoredPropertyKt$extrasStoredProperty$1       : loaded 2 times (x 76B)
Class org.jetbrains.kotlin.metadata.ProtoBuf$Modality$1                               : loaded 2 times (x 72B)
Class org.jetbrains.kotlin.build.report.metrics.GradleBuildPerformanceMetric          : loaded 2 times (x 90B)
Class org.jetbrains.kotlin.metadata.ProtoBuf$Annotation                               : loaded 2 times (x 107B)
Class org.jetbrains.kotlin.daemon.client.BasicCompilerServicesWithResultsFacadeServerKt$WhenMappings: loaded 2 times (x 69B)
Class org.jetbrains.kotlin.gradle.plugin.sources.InternalKotlinSourceSet              : loaded 2 times (x 68B)
Class org.jetbrains.kotlin.gradle.plugin.internal.CustomPropertiesFileValueSource$Parameters: loaded 2 times (x 68B)
Class kotlin.io.FilesKt__UtilsKt                                                      : loaded 2 times (x 69B)
Class org.jetbrains.kotlin.gradle.internal.properties.PropertiesBuildService$MemoizedCallable$value$2: loaded 2 times (x 77B)
Class org.jetbrains.kotlin.gradle.plugin.diagnostics.checkers.KotlinSourceSetTreeDependsOnMismatchChecker: loaded 2 times (x 72B)
Class com.google.common.collect.ImmutableSet$Builder                                  : loaded 2 times (x 83B)
Class org.jetbrains.kotlin.gradle.plugin.diagnostics.CheckKotlinGradlePluginConfigurationErrors_Decorated: loaded 2 times (x 363B)
Class org.jetbrains.kotlin.gradle.plugin.mpp.compilationImpl.factory.KotlinCompilationImplFactory$KotlinCompilationTaskNamesContainerFactory: loaded 2 times (x 68B)
Class com.google.common.collect.MapMakerInternalMap                                   : loaded 2 times (x 159B)
Class org.jetbrains.kotlin.gradle.internal.properties.NativeProperties$Companion      : loaded 2 times (x 69B)
Class org.jetbrains.kotlin.tooling.core.ExtrasProperty                                : loaded 2 times (x 68B)
Class com.google.common.base.CharMatcher$ForPredicate                                 : loaded 2 times (x 110B)
Class org.jetbrains.kotlin.compilerRunner.GradleCompilerRunnerWithWorkers$GradleKotlinCompilerWorkParameters_Decorated: loaded 2 times (x 144B)
Class org.jetbrains.kotlin.gradle.plugin.diagnostics.checkers.DisabledCinteropCommonizationInHmppProjectChecker: loaded 2 times (x 72B)
Class org.jetbrains.kotlin.gradle.targets.metadata.KotlinMetadataTargetConfiguratorKt$special$$inlined$extrasStoredFuture$1: loaded 2 times (x 77B)
Class org.jetbrains.kotlin.protobuf.AbstractMessageLite                               : loaded 2 times (x 96B)
Class org.jetbrains.kotlin.cli.common.arguments.ArgumentField                         : loaded 2 times (x 70B)
Class org.jetbrains.kotlin.buildtools.api.SourcesChanges$Unknown                      : loaded 2 times (x 71B)
Class com.google.common.collect.ImmutableMap$MapViewOfValuesAsSingletonSets           : loaded 2 times (x 123B)
Class org.jetbrains.kotlin.daemon.common.DaemonJVMOptionsMemoryComparator             : loaded 2 times (x 87B)
Class org.jetbrains.kotlin.gradle.logging.GradleErrorMessageCollector                 : loaded 2 times (x 75B)
Class com.google.common.collect.ImmutableMapKeySet                                    : loaded 2 times (x 148B)
Class org.jetbrains.kotlin.gradle.tasks.DefaultKotlinJavaToolchain$javaExecutable$1   : loaded 2 times (x 73B)
Class com.google.common.base.MoreObjects                                              : loaded 2 times (x 69B)
Class com.google.common.collect.SortedMapDifference                                   : loaded 2 times (x 68B)
Class org.jetbrains.kotlin.gradle.targets.CreateDefaultCompilationsSideEffectKt       : loaded 2 times (x 69B)
Class org.jetbrains.kotlin.gradle.report.BuildReportType                              : loaded 2 times (x 77B)
Class org.jetbrains.kotlin.load.kotlin.header.ReadKotlinClassHeaderAnnotationVisitor$CollectStringArrayAnnotationVisitor: loaded 2 times (x 83B)
Class kotlin.collections.ArraysUtilJVM                                                : loaded 2 times (x 69B)
Class org.jetbrains.kotlin.gradle.internal.StdlibDependencyManagementKt$addStdlibDependency$1$1$1: loaded 2 times (x 73B)
Class org.jetbrains.kotlin.konan.target.Family                                        : loaded 2 times (x 77B)
Class [Lorg.jetbrains.kotlin.daemon.client.DaemonProblemReportingOutputListener;      : loaded 2 times (x 67B)
Class org.jetbrains.kotlin.compilerRunner.ArgumentUtils                               : loaded 2 times (x 69B)
Class org.objectweb.asm.SymbolTable                                                   : loaded 2 times (x 70B)
Class org.jetbrains.kotlin.compilerRunner.OutputItemsCollector                        : loaded 2 times (x 68B)
Class org.jetbrains.kotlin.gradle.plugin.diagnostics.ToolingDiagnosticRenderingOptions: loaded 2 times (x 70B)
Class [Lorg.objectweb.asm.AnnotationVisitor;                                          : loaded 2 times (x 67B)
Class org.jetbrains.kotlin.gradle.plugin.mpp.compilationImpl.KotlinCompilationImpl$1  : loaded 2 times (x 77B)
Class com.google.common.cache.CacheStats                                              : loaded 2 times (x 69B)
Class org.jetbrains.kotlin.gradle.plugin.mpp.compilationImpl.KotlinCompilationImpl$2  : loaded 2 times (x 77B)
Class org.jetbrains.kotlin.gradle.tasks.KotlinCompile$ClasspathSnapshotProperties     : loaded 2 times (x 73B)
Class org.jetbrains.kotlin.gradle.InternalKotlinGradlePluginApi                       : loaded 2 times (x 68B)
Class org.jetbrains.kotlin.gradle.dsl.KotlinCommonCompilerOptions                     : loaded 2 times (x 68B)
Class org.objectweb.asm.Attribute                                                     : loaded 2 times (x 75B)
Class org.jetbrains.kotlin.load.java.JvmAnnotationNames                               : loaded 2 times (x 69B)
Class org.jetbrains.kotlin.compilerRunner.GradleCompilerRunnerWithWorkers$GradleKotlinCompilerWorkAction$Inject: loaded 2 times (x 96B)
Class [Lorg.jetbrains.kotlin.gradle.plugin.sources.android.AndroidVariantType;        : loaded 2 times (x 67B)
Class org.jetbrains.kotlin.gradle.internal.properties.PropertiesBuildService$Companion: loaded 2 times (x 69B)
Class org.jetbrains.kotlin.tooling.core.MutableExtras                                 : loaded 2 times (x 68B)
Class org.jetbrains.kotlin.protobuf.CodedOutputStream$OutOfSpaceException             : loaded 2 times (x 80B)
Class org.gradle.internal.classloader.VisitableURLClassLoader                         : loaded 2 times (x 114B)
Class org.jetbrains.kotlin.build.report.metrics.BuildAttributes                       : loaded 2 times (x 70B)
Class org.jetbrains.kotlin.statistics.metrics.StringAnonymizationPolicy$RegexControlled: loaded 2 times (x 77B)
Class com.google.common.cache.LocalCache$LocalLoadingCache                            : loaded 2 times (x 132B)
Class org.jetbrains.kotlin.metadata.ProtoBuf$EnumEntry                                : loaded 2 times (x 116B)
Class org.jetbrains.kotlin.metadata.deserialization.BinaryVersion$Companion           : loaded 2 times (x 69B)
Class org.jetbrains.kotlin.gradle.plugin.DefaultKotlinBasePlugin$addKotlinCompilerConfiguration$2$1: loaded 2 times (x 73B)
Class org.jetbrains.kotlin.protobuf.LazyField                                         : loaded 2 times (x 81B)
Class org.jetbrains.kotlin.gradle.targets.js.npm.NpmDependencyExtensionDelegate       : loaded 2 times (x 165B)
Class com.google.common.base.Supplier                                                 : loaded 2 times (x 68B)
Class org.jetbrains.kotlin.build.report.metrics.BuildMetrics                          : loaded 2 times (x 70B)
Class org.jetbrains.kotlin.gradle.tasks.KotlinCompilerExecutionStrategy               : loaded 2 times (x 77B)
Class org.jetbrains.kotlin.metadata.ProtoBuf$VersionRequirement                       : loaded 2 times (x 114B)
Class org.jetbrains.org.objectweb.asm.Symbol                                          : loaded 2 times (x 71B)
Class org.jetbrains.kotlin.gradle.plugin.diagnostics.UsesKotlinToolingDiagnostics     : loaded 2 times (x 68B)
Class [Lorg.jetbrains.kotlin.metadata.ProtoBuf$Effect$EffectType;                     : loaded 2 times (x 67B)
Class kotlin.io.FilesKt__FileTreeWalkKt                                               : loaded 2 times (x 69B)
Class build_7yjbj1swkvxmbz6crg57rt4du                                                 : loaded 2 times (x 178B)
Class org.jetbrains.kotlin.daemon.common.IncrementalCompilationOptions                : loaded 2 times (x 71B)
Class org.jetbrains.kotlin.gradle.targets.js.npm.SemverKt                             : loaded 2 times (x 69B)
Class org.jetbrains.kotlin.gradle.plugin.diagnostics.KotlinToolingDiagnosticsSetupActionKt$KotlinToolingDiagnosticsSetupAction$1: loaded 2 times (x 72B)
Class com.google.common.collect.ImmutableMultimap$Keys                                : loaded 2 times (x 164B)
Class com.google.common.base.Objects                                                  : loaded 2 times (x 69B)
Class com.google.common.util.concurrent.AbstractFuture$AtomicHelper                   : loaded 2 times (x 76B)
Class com.google.common.collect.ImmutableBiMap                                        : loaded 2 times (x 141B)
Class org.jetbrains.kotlin.gradle.internal.properties.PropertiesBuildService$property$1$1: loaded 2 times (x 73B)
Class org.gradle.internal.Cast                                                        : loaded 2 times (x 69B)
Class build_bxm6o6omxs1ohvllucxp7xwhc$_run_closure1                                   : loaded 2 times (x 137B)
Class org.jetbrains.kotlin.gradle.targets.js.dsl.KotlinJsTargetDsl                    : loaded 2 times (x 68B)
Class org.jetbrains.kotlin.gradle.dsl.KotlinTargetContainerWithPresetFunctions        : loaded 2 times (x 68B)
Class org.jetbrains.org.objectweb.asm.FieldWriter                                     : loaded 2 times (x 75B)
Class com.google.common.hash.PrimitiveSink                                            : loaded 2 times (x 68B)
Class org.jetbrains.kotlin.daemon.client.DaemonProblemReportingOutputListenerKt       : loaded 2 times (x 69B)
Class org.jetbrains.kotlin.incremental.ClasspathSnapshotFiles                         : loaded 2 times (x 70B)
Class org.jetbrains.kotlin.gradle.internal.KotlinDependenciesManagementKt$configureDefaultVersionsResolutionStrategy$1$1$1: loaded 2 times (x 73B)
Class org.jetbrains.kotlin.daemon.common.ReportCategory                               : loaded 2 times (x 77B)
Class org.jetbrains.kotlin.gradle.dsl.KotlinHierarchyDsl                              : loaded 2 times (x 68B)
Class org.jetbrains.kotlin.load.java.JvmAbi                                           : loaded 2 times (x 69B)
Class com.google.common.collect.NullnessCasts                                         : loaded 2 times (x 69B)
Class org.jetbrains.kotlin.gradle.tasks.configuration.BaseKotlinCompileConfig$Companion: loaded 2 times (x 69B)
Class org.jetbrains.kotlin.gradle.internal.properties.PropertiesBuildService          : loaded 2 times (x 74B)
Class org.jetbrains.kotlin.konan.target.KonanTarget$LINUX_ARM64                       : loaded 2 times (x 76B)
Class org.jetbrains.kotlin.gradle.targets.native.SetupEmbedAndSignAppleFrameworkTaskSideEffectKt$special$$inlined$KotlinTargetSideEffect$1: loaded 2 times (x 72B)
Class org.gradle.api.internal.ClassPathRegistry                                       : loaded 2 times (x 68B)
Class org.jetbrains.kotlin.gradle.plugin.statistics.CompilerArgumentMetrics           : loaded 2 times (x 69B)
Class org.jetbrains.kotlin.gradle.plugin.KotlinCompilationWithResources               : loaded 2 times (x 68B)
Class org.jetbrains.kotlin.gradle.plugin.mpp.compilationImpl.KotlinCompilationProcessorSideEffectKt$KotlinCompilationProcessorSideEffect$1: loaded 2 times (x 72B)
Class org.jetbrains.kotlin.gradle.plugin.internal.ProjectIsolationStartParameterAccessorKt: loaded 2 times (x 69B)
Class com.google.common.cache.LocalCache$EntryFactory                                 : loaded 2 times (x 81B)
Class com.google.gson.stream.JsonReader                                               : loaded 2 times (x 95B)
Class org.jetbrains.kotlin.daemon.common.LoopbackNetworkInterface$ServerLoopbackSocketFactory: loaded 2 times (x 72B)
Class org.jetbrains.kotlin.incremental.FileUtilsKt                                    : loaded 2 times (x 69B)
Class org.jetbrains.kotlin.cli.common.arguments.K2JVMCompilerArguments                : loaded 2 times (x 79B)
Class com.google.common.util.concurrent.UncheckedExecutionException                   : loaded 2 times (x 80B)
Class com.google.gson.stream.MalformedJsonException                                   : loaded 2 times (x 80B)
Class com.google.common.collect.ImmutableSet                                          : loaded 2 times (x 143B)
Class org.gradle.internal.classloader.VisitableURLClassLoader$InstrumentingVisitableURLClassLoader: loaded 2 times (x 120B)
Class org.jetbrains.kotlin.gradle.tasks.CacheableTasksKt$cacheOnlyIfEnabledForKotlin$1$1: loaded 2 times (x 72B)
Class org.jetbrains.kotlin.gradle.plugin.mpp.compilationImpl.KotlinCompilationAssociator: loaded 2 times (x 68B)
Class org.gradle.internal.classloader.ClassLoaderHierarchy                            : loaded 2 times (x 68B)
Class org.jetbrains.kotlin.build.report.FileReportSettings                            : loaded 2 times (x 70B)
Class org.jetbrains.kotlin.gradle.plugin.BuildFinishedListenerService$Companion$registerIfAbsent$1: loaded 2 times (x 72B)
Class org.jetbrains.kotlin.compilerRunner.CompilerSystemPropertiesService$Companion$registerIfAbsent$1: loaded 2 times (x 73B)
Class org.jetbrains.kotlin.gradle.plugin.mpp.KotlinJvmCompilation                     : loaded 2 times (x 198B)
Class [Lorg.jetbrains.kotlin.gradle.plugin.mpp.resources.resolve.KotlinTargetResourcesResolutionStrategy;: loaded 2 times (x 67B)
Class org.jetbrains.kotlin.metadata.ProtoBuf$AnnotationOrBuilder                      : loaded 2 times (x 68B)
Class org.jetbrains.kotlin.gradle.internal.StdlibDependencyManagementKt$configureStdlibVersionAlignment$1$1$1: loaded 2 times (x 73B)
Class org.jetbrains.kotlin.gradle.plugin.KotlinPluginLifecycleImpl$await$2$1          : loaded 2 times (x 77B)
Class org.jetbrains.kotlin.metadata.ProtoBuf$Class$Kind                               : loaded 2 times (x 80B)
Class kotlin.sequences.SequencesKt___SequencesJvmKt                                   : loaded 2 times (x 69B)
Class org.jetbrains.kotlin.gradle.plugin.statistics.MetricContainer                   : loaded 2 times (x 70B)
Class org.jetbrains.kotlin.config.LanguageFeature$Companion                           : loaded 2 times (x 69B)
Class kotlin.collections.MapsKt__MapsKt                                               : loaded 2 times (x 69B)
Class org.jetbrains.kotlin.gradle.plugin.BuildFinishFlowAction                        : loaded 2 times (x 72B)
Class org.jetbrains.kotlin.gradle.internal.StdlibDependencyManagementKt$configureStdlibDefaultDependency$1: loaded 2 times (x 77B)
Class org.jetbrains.kotlin.gradle.plugin.mpp.compilationImpl.KotlinCompilationSideEffect$Companion: loaded 2 times (x 69B)
Class kotlin.collections.ArraysKt                                                     : loaded 2 times (x 69B)
Class org.jetbrains.kotlin.gradle.plugin.diagnostics.checkers.NoKotlinTargetsDeclaredChecker$runChecks$1: loaded 2 times (x 86B)
Class org.jetbrains.kotlin.metadata.ProtoBuf$TypeParameter                            : loaded 2 times (x 128B)
Class org.jetbrains.kotlin.gradle.plugin.KotlinCompilationInfo$TCS$friendPaths$1      : loaded 2 times (x 77B)
Class org.jetbrains.kotlin.gradle.plugin.hierarchy.KotlinSourceSetTreeClassifier$Default: loaded 2 times (x 69B)
Class org.jetbrains.kotlin.gradle.targets.js.npm.DefaultPeerNpmDependencyExtension$delegate$1: loaded 2 times (x 165B)
Class org.jetbrains.kotlin.metadata.ProtoBuf$VersionRequirementTable$1                : loaded 2 times (x 142B)
Class org.jetbrains.kotlin.daemon.client.DaemonReportMessage                          : loaded 2 times (x 70B)
Class org.jetbrains.kotlin.gradle.plugin.statistics.FusMetrics                        : loaded 2 times (x 68B)
Class org.jetbrains.kotlin.gradle.plugin.diagnostics.checkers.ExperimentalTryNextUsageChecker: loaded 2 times (x 72B)
Class org.jetbrains.kotlin.gradle.internal.KotlinDependenciesManagementKt             : loaded 2 times (x 69B)
Class org.jetbrains.kotlin.load.kotlin.header.ReadKotlinClassHeaderAnnotationVisitor$KotlinMetadataArgumentVisitor$1: loaded 2 times (x 83B)
Class org.jetbrains.kotlin.load.kotlin.header.ReadKotlinClassHeaderAnnotationVisitor$KotlinMetadataArgumentVisitor$2: loaded 2 times (x 83B)
Class org.jetbrains.kotlin.gradle.plugin.mpp.compilationImpl.factory.KotlinCompilationDependencyConfigurationsFactoriesKt$WhenMappings: loaded 2 times (x 69B)
Class org.jetbrains.kotlin.gradle.plugin.mpp.InternalKotlinCompilationKt              : loaded 2 times (x 69B)
Class [Lorg.jetbrains.kotlin.gradle.dsl.PlatformSourceSetConventionsChecker$CheckedPlatformInfo;: loaded 2 times (x 67B)
Class org.jetbrains.kotlin.build.report.metrics.BuildAttribute$Companion              : loaded 2 times (x 69B)
Class org.jetbrains.kotlin.gradle.plugin.internal.BuildIdService$Companion$registerIfAbsent$1$1: loaded 2 times (x 73B)
Class com.google.common.collect.Lists$ReverseList                                     : loaded 2 times (x 160B)
Class org.jetbrains.kotlin.build.report.metrics.BuildMetricsReporterImpl$WhenMappings : loaded 2 times (x 69B)
Class org.jetbrains.kotlin.gradle.tasks.AbstractKotlinCompile                         : loaded 2 times (x 451B)
Class org.jetbrains.kotlin.metadata.jvm.JvmProtoBuf$StringTableTypes                  : loaded 2 times (x 108B)
Class jdk.internal.jimage.ImageReader                                                 : loaded 2 times (x 73B)
Class com.google.common.io.Closer$Suppressor                                          : loaded 2 times (x 68B)
Class org.jetbrains.kotlin.metadata.ProtoBuf$Type$ArgumentOrBuilder                   : loaded 2 times (x 68B)
Class org.jetbrains.kotlin.gradle.plugin.VariantImplementationFactories$Parameters_Decorated: loaded 2 times (x 132B)
Class org.jetbrains.kotlin.gradle.targets.native.internal.CInteropConfigurationsKt$special$$inlined$KotlinTargetSideEffect$1: loaded 2 times (x 72B)
Class org.jetbrains.kotlin.konan.target.KonanTarget$WATCHOS_ARM32                     : loaded 2 times (x 76B)
Class kotlin.collections.MapsKt___MapsKt                                              : loaded 2 times (x 69B)
Class org.jetbrains.kotlin.gradle.plugin.mpp.HasBinaries                              : loaded 2 times (x 68B)
Class org.jetbrains.kotlin.gradle.plugin.diagnostics.checkers.DisabledCinteropCommonizationInHmppProjectChecker$runChecks$1: loaded 2 times (x 86B)
Class org.jetbrains.kotlin.gradle.targets.js.npm.NpmDependencyExtensionKt$defaultNpmDependencyDelegate$1: loaded 2 times (x 165B)
Class org.jetbrains.kotlin.metadata.ProtoBuf$VersionRequirementTableOrBuilder         : loaded 2 times (x 68B)
Class com.google.common.collect.AbstractMapBasedMultimap$WrappedList                  : loaded 2 times (x 165B)
Class org.jetbrains.kotlin.gradle.plugin.statistics.BuildFusService$Parameters$Inject : loaded 2 times (x 110B)
Class org.jetbrains.kotlin.gradle.dsl.DefaultToolchainSupport                         : loaded 2 times (x 74B)
Class [Lorg.objectweb.asm.Type;                                                       : loaded 2 times (x 67B)
Class org.jetbrains.kotlin.daemon.common.RestPropMapper                               : loaded 2 times (x 72B)
Class org.jetbrains.kotlin.gradle.tasks.KotlinCompile$kotlinOptions$1                 : loaded 2 times (x 77B)
Class org.jetbrains.kotlin.gradle.plugin.sources.KotlinDependencyScopeKt              : loaded 2 times (x 69B)
Class org.jetbrains.kotlin.konan.target.KonanTarget$WATCHOS_SIMULATOR_ARM64           : loaded 2 times (x 76B)
Class org.jetbrains.kotlin.metadata.jvm.deserialization.JvmMemberSignature            : loaded 2 times (x 72B)
Class org.jetbrains.kotlin.gradle.plugin.mpp.DefaultKotlinUsageContext$1              : loaded 2 times (x 72B)
Class org.jetbrains.kotlin.gradle.utils.ProjectExtensionsKt                           : loaded 2 times (x 69B)
Class org.jetbrains.kotlin.gradle.targets.native.internal.AddKotlinPlatformIntegersSupportLibraryKt: loaded 2 times (x 69B)
Class com.google.common.collect.MapMakerInternalMap$WeakValueReference                : loaded 2 times (x 68B)
Class org.jetbrains.kotlin.gradle.plugin.sources.InternalKotlinSourceSetKt$awaitPlatformCompilations$1: loaded 2 times (x 86B)
Class com.google.common.collect.Lists$ReverseList$1                                   : loaded 2 times (x 97B)
Class com.google.common.base.AbstractIterator$State                                   : loaded 2 times (x 77B)
Class org.jetbrains.kotlin.gradle.plugin.mpp.compilationImpl.KotlinCompilationRegisterInSourceSetsConfigurator: loaded 2 times (x 72B)
Class org.jetbrains.kotlin.gradle.internal.properties.PropertiesBuildServiceKt$propertyWithDeprecatedName$1: loaded 2 times (x 73B)
Class org.jetbrains.kotlin.gradle.plugin.mpp.compilationImpl.KotlinCreateSourcesJarTaskSideEffectKt: loaded 2 times (x 69B)
Class org.jetbrains.kotlin.gradle.dsl.KotlinMultiplatformExtension                    : loaded 2 times (x 699B)
Class org.jetbrains.kotlin.load.kotlin.KotlinJvmBinaryClass$AnnotationVisitor         : loaded 2 times (x 68B)
Class com.google.common.cache.Weigher                                                 : loaded 2 times (x 68B)
Class org.jetbrains.kotlin.config.LanguageVersionSettings                             : loaded 2 times (x 68B)
Class org.jetbrains.kotlin.gradle.plugin.diagnostics.checkers.IncorrectCompileOnlyDependenciesChecker: loaded 2 times (x 72B)
Class kotlin.collections.IndexingIterator                                             : loaded 2 times (x 77B)
Class com.google.common.collect.MapMakerInternalMap$StrongValueEntry                  : loaded 2 times (x 68B)
Class org.jetbrains.kotlin.gradle.plugin.KotlinGradleBuildServices                    : loaded 2 times (x 78B)
Class org.jetbrains.kotlin.gradle.utils.ProviderApiUtilsKt$mapOrNull$1$1              : loaded 2 times (x 73B)
Class org.jetbrains.kotlin.gradle.plugin.statistics.KotlinBuildStatsBeanService       : loaded 2 times (x 85B)
Class com.google.common.base.CharMatcher$NamedFastMatcher                             : loaded 2 times (x 110B)
Class kotlin.collections.IndexingIterable                                             : loaded 2 times (x 77B)
Class org.jetbrains.kotlin.gradle.tasks.TasksUtilsKt                                  : loaded 2 times (x 69B)
Class org.jetbrains.kotlin.gradle.plugin.BuildFinishedListenerService$Companion       : loaded 2 times (x 69B)
Class org.jetbrains.kotlin.compilerRunner.CompilerSystemPropertiesService$Companion   : loaded 2 times (x 69B)
Class org.gradle.internal.InternalTransformer                                         : loaded 2 times (x 68B)
Class com.google.common.collect.AbstractMapBasedMultimap$AsMap$AsMapEntries           : loaded 2 times (x 136B)
Class kotlin.sequences.Sequence                                                       : loaded 2 times (x 68B)
Class org.jetbrains.kotlin.gradle.plugin.diagnostics.checkers.DuplicateSourceSetChecker: loaded 2 times (x 72B)
Class org.jetbrains.kotlin.daemon.common.CompilerServicesFacadeBase                   : loaded 2 times (x 68B)
Class org.jetbrains.kotlin.gradle.plugin.internal.CustomPropertiesFileValueSource$Parameters_Decorated: loaded 2 times (x 132B)
Class org.jetbrains.kotlin.cli.common.repl.ReplCodeLine$Companion                     : loaded 2 times (x 69B)
Class org.jetbrains.kotlin.gradle.dsl.PlatformSourceSetConventionsChecker$runChecks$$inlined$CheckedPlatformInfo$default$1: loaded 2 times (x 76B)
Class org.jetbrains.kotlin.gradle.dsl.JvmTarget$Companion                             : loaded 2 times (x 69B)
Class org.jetbrains.org.objectweb.asm.ClassVisitor                                    : loaded 2 times (x 85B)
Class org.jetbrains.kotlin.gradle.testing.internal.KotlinTestsRegistry$Companion      : loaded 2 times (x 69B)
Class org.gradle.internal.service.ServiceLocator                                      : loaded 2 times (x 68B)
Class org.jetbrains.kotlin.gradle.utils.FutureKt$future$1                             : loaded 2 times (x 93B)
Class org.jetbrains.kotlin.daemon.client.CompileServiceSession                        : loaded 2 times (x 70B)
Class org.jetbrains.kotlin.build.report.metrics.BuildMetricsReporterImpl              : loaded 2 times (x 96B)
Class org.jetbrains.kotlin.gradle.plugin.VariantImplementationFactories               : loaded 2 times (x 73B)
Class Settings_gradle$1                                                               : loaded 2 times (x 72B)
Class org.jetbrains.kotlin.compilerRunner.GradleCompilerServicesFacadeImpl$WhenMappings: loaded 2 times (x 69B)
Class org.jetbrains.kotlin.gradle.tasks.configuration.BaseKotlinCompileConfig$1$3$classpathEntrySnapshotFiles$1: loaded 2 times (x 72B)
Class org.jetbrains.kotlin.gradle.utils.MutableObservableSetImpl                      : loaded 2 times (x 161B)
Class org.jetbrains.kotlin.gradle.plugin.CompilerPluginConfig                         : loaded 2 times (x 70B)
Class org.jetbrains.kotlin.gradle.report.ReportingSettings                            : loaded 2 times (x 70B)
Class org.jetbrains.kotlin.descriptors.ValidateableDescriptor                         : loaded 2 times (x 68B)
Class org.jetbrains.kotlin.daemon.common.FileSystem$WhenMappings                      : loaded 2 times (x 69B)
Class [Lorg.jetbrains.kotlin.statistics.metrics.NumericalMetrics;                     : loaded 2 times (x 67B)
Class org.jetbrains.kotlin.gradle.plugin.GradleUtilsKt                                : loaded 2 times (x 69B)
Class org.jetbrains.kotlin.config.MavenComparableVersion                              : loaded 2 times (x 76B)
Class org.jetbrains.org.objectweb.asm.MethodVisitor                                   : loaded 2 times (x 102B)
Class org.jetbrains.kotlin.daemon.common.FileAgeComparator                            : loaded 2 times (x 87B)
Class com.google.common.collect.ImmutableRangeSet$1                                   : loaded 2 times (x 169B)
Class org.jetbrains.kotlin.gradle.plugin.mpp.AbstractKotlinTarget$kotlinComponents$2  : loaded 2 times (x 77B)
Class com.google.common.util.concurrent.SettableFuture                                : loaded 2 times (x 95B)
Class org.jetbrains.kotlin.gradle.internal.transforms.BuildToolsApiClasspathEntrySnapshotTransform$Parameters: loaded 2 times (x 85B)
Class org.jetbrains.kotlin.gradle.plugin.diagnostics.checkers.GradleDeprecatedPropertyChecker: loaded 2 times (x 72B)
Class org.jetbrains.kotlin.metadata.jvm.JvmProtoBuf$StringTableTypes$RecordOrBuilder  : loaded 2 times (x 68B)
Class org.jetbrains.kotlin.gradle.tasks.OOMErrorException                             : loaded 2 times (x 80B)
Class com.google.common.io.Files$2                                                    : loaded 2 times (x 74B)
Class org.jetbrains.kotlin.gradle.plugin.statistics.KotlinProjectConfigurationMetrics : loaded 2 times (x 69B)
Class com.google.common.collect.ImmutableMapEntry                                     : loaded 2 times (x 83B)
Class org.jetbrains.kotlin.metadata.ProtoBuf$Annotation$Argument$1                    : loaded 2 times (x 142B)
Class org.jetbrains.kotlin.gradle.dsl.PlatformSourceSetConventionsChecker             : loaded 2 times (x 72B)
Class org.jetbrains.kotlin.metadata.ProtoBuf$FunctionOrBuilder                        : loaded 2 times (x 68B)
Class org.jetbrains.kotlin.gradle.targets.native.toolchain.KotlinNativeBundleBuildService$Companion$registerIfAbsent$2$1: loaded 2 times (x 77B)
Class org.jetbrains.kotlin.config.LanguageFeature$Kind                                : loaded 2 times (x 77B)
Class org.jetbrains.kotlin.gradle.tasks.configuration.BaseKotlinCompileConfig$1       : loaded 2 times (x 77B)
Class org.jetbrains.kotlin.gradle.plugin.statistics.FinalizeConfigurationFusMetricActionKt$FinalizeConfigurationFusMetricAction$1: loaded 2 times (x 93B)
Class org.jetbrains.kotlin.daemon.client.KotlinCompilerClient$tryFindSuitableDaemonOrNewOpts$$inlined$compareBy$1: loaded 2 times (x 88B)
Class org.jetbrains.kotlin.gradle.tasks.configuration.BaseKotlinCompileConfig$2       : loaded 2 times (x 77B)
Class org.jetbrains.kotlin.protobuf.Internal$EnumLiteMap                              : loaded 2 times (x 68B)
Class com.google.common.io.ByteStreams                                                : loaded 2 times (x 69B)
Class org.jetbrains.kotlin.gradle.plugin.mpp.compilationImpl.KotlinCompilationSourceSetsContainer: loaded 2 times (x 68B)
Class org.jetbrains.kotlin.gradle.dsl.AndroidMainSourceSetConventionsChecker$runChecks$1: loaded 2 times (x 86B)
Class org.jetbrains.kotlin.gradle.plugin.diagnostics.KotlinToolingDiagnosticsSetupActionKt$KotlinToolingDiagnosticsSetupAction$1$1: loaded 2 times (x 73B)
Class org.jetbrains.kotlin.gradle.plugin.VariantImplementationFactories$Parameters    : loaded 2 times (x 68B)
Class org.jetbrains.kotlin.daemon.client.KotlinCompilerClient$checkDaemonStartedProperly$stdoutThread$1: loaded 2 times (x 77B)
Class org.jetbrains.kotlin.gradle.plugin.SubpluginEnvironment                         : loaded 2 times (x 70B)
Class org.jetbrains.kotlin.gradle.incremental.UsesIncrementalModuleInfoBuildService   : loaded 2 times (x 68B)
Class org.jetbrains.kotlin.gradle.plugin.diagnostics.KotlinToolingDiagnosticsSetupActionKt$KotlinToolingDiagnosticsSetupAction$1$2: loaded 2 times (x 93B)
Class org.jetbrains.kotlin.gradle.plugin.KotlinPluginWrapperKt$kotlinPluginVersionFromResources$1: loaded 2 times (x 76B)
Class org.jetbrains.kotlin.gradle.utils.CompatibilityKt                               : loaded 2 times (x 69B)
Class org.jetbrains.kotlin.gradle.plugin.diagnostics.KotlinToolingDiagnosticsSetupActionKt$KotlinToolingDiagnosticsSetupAction$1$3: loaded 2 times (x 73B)
Class org.jetbrains.kotlin.gradle.plugin.KotlinPluginLifecycleImplKt                  : loaded 2 times (x 69B)
Class org.jetbrains.kotlin.metadata.ProtoBuf$ContractOrBuilder                        : loaded 2 times (x 68B)
Class org.jetbrains.kotlin.gradle.targets.ConfigureBuildSideEffectKt                  : loaded 2 times (x 69B)
Class org.jetbrains.kotlin.gradle.plugin.internal.DefaultConfigurationCacheStartParameterAccessor_Decorated: loaded 2 times (x 123B)
Class kotlin.internal.ProgressionUtilKt                                               : loaded 2 times (x 69B)
Class org.jetbrains.kotlin.daemon.common.CompileService$TargetPlatform                : loaded 2 times (x 77B)
Class org.objectweb.asm.signature.SignatureVisitor                                    : loaded 2 times (x 85B)
Class org.jetbrains.kotlin.gradle.plugin.sources.FragmentConsistencyChecker           : loaded 2 times (x 70B)
Class org.jetbrains.kotlin.gradle.tasks.KotlinTasksProvider                           : loaded 2 times (x 70B)
Class org.jetbrains.kotlin.gradle.internal.properties.PropertiesBuildService$Params_Decorated: loaded 2 times (x 132B)
Class org.jetbrains.kotlin.gradle.internal.properties.PropertiesBuildService$Companion$registerIfAbsent$1: loaded 2 times (x 73B)
Class com.google.gson.internal.JsonReaderInternalAccess                               : loaded 2 times (x 70B)
Class [Lorg.jetbrains.kotlin.protobuf.WireFormat$JavaType;                            : loaded 2 times (x 67B)
Class com.google.common.base.CharMatcher$Invisible                                    : loaded 2 times (x 110B)
Class org.jetbrains.kotlin.gradle.targets.CreateArtifactsSideEffectKt$CreateArtifactsSideEffect$1: loaded 2 times (x 72B)
Class org.jetbrains.kotlin.metadata.ProtoBuf$VersionRequirement$VersionKind$1         : loaded 2 times (x 72B)
Class kotlin.reflect.KFunction                                                        : loaded 2 times (x 68B)
Class org.jetbrains.kotlin.gradle.plugin.hierarchy.KotlinSourceSetTreeClassifierKt$sourceSetTreeClassifier$2: loaded 2 times (x 76B)
Class com.google.common.base.Joiner$1                                                 : loaded 2 times (x 78B)
Class kotlin.jvm.KotlinReflectionNotSupportedError                                    : loaded 2 times (x 80B)
Class kotlin.LazyKt__LazyKt                                                           : loaded 2 times (x 69B)
Class com.google.common.collect.MapMaker                                              : loaded 2 times (x 70B)
Class com.google.common.base.Joiner$2                                                 : loaded 2 times (x 77B)
Class org.jetbrains.org.objectweb.asm.tree.LookupSwitchInsnNode                       : loaded 2 times (x 76B)
Class [Lorg.jetbrains.kotlin.daemon.common.CompileService$TargetPlatform;             : loaded 2 times (x 67B)
Class org.jetbrains.kotlin.gradle.targets.js.npm.SemVer                               : loaded 2 times (x 73B)
Class org.jetbrains.org.objectweb.asm.tree.AnnotationNode                             : loaded 2 times (x 77B)
Class kotlin.io.TerminateException                                                    : loaded 2 times (x 80B)
Class org.jetbrains.org.objectweb.asm.ModuleVisitor                                   : loaded 2 times (x 78B)
Class org.jetbrains.kotlin.daemon.common.CompileIterationResult                       : loaded 2 times (x 70B)
Class org.jetbrains.kotlin.gradle.internal.properties.NativePropertiesLoader$Companion: loaded 2 times (x 69B)
Class com.google.common.collect.ImmutableMultiset                                     : loaded 2 times (x 161B)
Class org.jetbrains.kotlin.gradle.dsl.KotlinJvmCompilerOptions                        : loaded 2 times (x 68B)
Class com.google.common.base.CharMatcher$FastMatcher                                  : loaded 2 times (x 109B)
Class org.jetbrains.kotlin.util.ModuleVisibilityHelper                                : loaded 2 times (x 68B)
Class org.jetbrains.kotlin.gradle.internal.StdlibDependencyManagementKt$isStdlibAddedByUser$1: loaded 2 times (x 77B)
Class org.jetbrains.kotlin.gradle.dsl.KotlinCommonToolOptions                         : loaded 2 times (x 68B)
Class org.jetbrains.kotlin.gradle.targets.CreateDefaultTestRunSideEffectKt            : loaded 2 times (x 69B)
Class [Lorg.jetbrains.kotlin.config.LanguageVersion;                                  : loaded 2 times (x 67B)
Class [Lorg.objectweb.asm.Label;                                                      : loaded 2 times (x 67B)
Class org.jetbrains.kotlin.gradle.internal.StdlibDependencyManagementKt$isStdlibAddedByUser$2: loaded 2 times (x 76B)
Class org.gradle.internal.classpath.DefaultClassPath$ImmutableUniqueList              : loaded 2 times (x 159B)
Class org.jetbrains.kotlin.descriptors.Visibilities$Protected                         : loaded 2 times (x 77B)
Class org.jetbrains.kotlin.gradle.plugin.KotlinCompilerArgumentsProducer$CreateCompilerArgumentsContext: loaded 2 times (x 68B)
Class org.jetbrains.kotlin.gradle.plugin.mpp.compilationImpl.factory.ConfigurationNaming: loaded 2 times (x 68B)
Class org.jetbrains.kotlin.konan.target.KonanTarget$ANDROID_X64                       : loaded 2 times (x 76B)
Class org.jetbrains.kotlin.gradle.plugin.mpp.KotlinUsages$KotlinMetadataCompatibility : loaded 2 times (x 74B)
Class org.jetbrains.kotlin.gradle.plugin.statistics.KotlinBuildStatsLoggerService$Companion: loaded 2 times (x 69B)
Class org.jetbrains.kotlin.protobuf.SmallSortedMap                                    : loaded 2 times (x 128B)
Class org.jetbrains.kotlin.load.kotlin.FileBasedKotlinClass                           : loaded 2 times (x 86B)
Class jdk.internal.jimage.ImageBufferCache                                            : loaded 2 times (x 69B)
Class org.jetbrains.kotlin.gradle.plugin.mpp.compilationImpl.DefaultKotlinCompilationFriendPathsResolver$FriendArtifactResolver: loaded 2 times (x 68B)
Class org.jetbrains.kotlin.gradle.plugin.KotlinGradleBuildServices$Inject             : loaded 2 times (x 98B)
Class org.jetbrains.kotlin.gradle.plugin.diagnostics.checkers.JsLikeEnvironmentChecker: loaded 2 times (x 74B)
Class org.jetbrains.kotlin.gradle.report.TaskExecutionResult                          : loaded 2 times (x 70B)
Class org.jetbrains.kotlin.compilerRunner.GradleKotlinCompilerWorkArguments$Companion : loaded 2 times (x 69B)
Class org.jetbrains.kotlin.gradle.targets.js.npm.NpmDirectoryDependencyExtension      : loaded 2 times (x 68B)
Class com.google.common.base.CharMatcher$JavaLetter                                   : loaded 2 times (x 109B)
Class com.google.common.collect.ImmutableMultimap$1                                   : loaded 2 times (x 80B)
Class com.google.common.collect.ImmutableMultimap$2                                   : loaded 2 times (x 79B)
Class org.jetbrains.kotlin.gradle.plugin.VariantImplementationFactories$Companion$getProvider$2$1: loaded 2 times (x 77B)
Class org.jetbrains.kotlin.protobuf.Parser                                            : loaded 2 times (x 68B)
Class org.jetbrains.kotlin.daemon.common.CompilationResults                           : loaded 2 times (x 68B)
Class org.jetbrains.kotlin.gradle.plugin.KotlinPluginLifecycle$CoroutineStart         : loaded 2 times (x 77B)
Class org.jetbrains.kotlin.tooling.core.TypeUtils                                     : loaded 2 times (x 69B)
Class org.gradle.internal.classpath.TransformedClassPath                              : loaded 2 times (x 94B)
Class org.jetbrains.kotlin.protobuf.ExtensionRegistryLite$ObjectIntPair               : loaded 2 times (x 70B)
Class org.jetbrains.kotlin.gradle.tasks.configuration.KaptGenerateStubsConfig$Companion$configureLibraries$1: loaded 2 times (x 77B)
Class org.jetbrains.kotlin.gradle.dsl.HasConfigurableKotlinCompilerOptions            : loaded 2 times (x 68B)
Class org.jetbrains.kotlin.descriptors.SourceElement$1                                : loaded 2 times (x 72B)
Class org.jetbrains.kotlin.gradle.plugin.diagnostics.checkers.JsEnvironmentChecker    : loaded 2 times (x 74B)
Class com.google.common.collect.MapDifference                                         : loaded 2 times (x 68B)
Class org.jetbrains.kotlin.buildtools.api.ExperimentalBuildToolsApi                   : loaded 2 times (x 68B)
Class org.jetbrains.kotlin.metadata.jvm.JvmProtoBuf$JvmMethodSignature$1              : loaded 2 times (x 142B)
Class org.jetbrains.kotlin.gradle.utils.CompilerArgsUtilsKt$classpathAsList$2         : loaded 2 times (x 76B)
Class org.jetbrains.kotlin.gradle.plugin.BuildFinishedListenerService$Companion$registerIfAbsent$2$1$1: loaded 2 times (x 73B)
Class org.jetbrains.kotlin.compilerRunner.CompilerSystemPropertiesService$Companion$registerIfAbsent$2$1$1: loaded 2 times (x 73B)
Class org.jetbrains.kotlin.gradle.plugin.sources.InternalKotlinSourceSetKt            : loaded 2 times (x 69B)
Class org.jetbrains.kotlin.tooling.core.HasExtras                                     : loaded 2 times (x 68B)
Class com.google.common.collect.Sets$1                                                : loaded 2 times (x 137B)
Class com.google.common.collect.Sets$2                                                : loaded 2 times (x 137B)
Class com.google.common.util.concurrent.AbstractFuture$Trusted                        : loaded 2 times (x 68B)
Class org.jetbrains.kotlin.gradle.artifacts.KotlinNativeKlibArtifactKt$KotlinNativeKlibArtifact$1: loaded 2 times (x 72B)
Class [Lorg.jetbrains.kotlin.gradle.plugin.KotlinPlatformType;                        : loaded 2 times (x 67B)
Class org.jetbrains.kotlin.gradle.plugin.mpp.KotlinAndroidTarget                      : loaded 2 times (x 163B)
Class com.google.common.collect.Sets$3                                                : loaded 2 times (x 137B)
Class com.google.common.graph.SuccessorsFunction                                      : loaded 2 times (x 68B)
Class org.jetbrains.kotlin.gradle.internal.properties.PropertiesBuildService$BooleanGradleProperty: loaded 2 times (x 74B)
Class com.google.common.collect.Sets$4                                                : loaded 2 times (x 137B)
Class org.jetbrains.kotlin.cli.common.messages.CompilerMessageSourceLocation          : loaded 2 times (x 68B)
Class [Lcom.google.common.cache.LocalCache$EntryFactory;                              : loaded 2 times (x 67B)
Class org.jetbrains.kotlin.gradle.utils.IsolatedKotlinClasspathClassCastException     : loaded 2 times (x 80B)
Class kotlin.text.StringsKt___StringsKt                                               : loaded 2 times (x 69B)
Class kotlin.io.CloseableKt                                                           : loaded 2 times (x 69B)
Class org.jetbrains.kotlin.gradle.plugin.statistics.plugins.ObservablePlugins         : loaded 2 times (x 77B)
Class org.jetbrains.kotlin.gradle.internal.KotlinDependenciesManagementKt$CustomizeKotlinDependenciesSetupAction$1$coreLibrariesVersion$1: loaded 2 times (x 77B)
Class org.jetbrains.kotlin.gradle.plugin.HasCompilerOptions                           : loaded 2 times (x 68B)
Class org.jetbrains.kotlin.statistics.metrics.StringOverridePolicy$OVERRIDE_VERSION_IF_NOT_SET: loaded 2 times (x 83B)
Class org.jetbrains.kotlin.gradle.utils.FutureKt                                      : loaded 2 times (x 69B)
Class org.jetbrains.kotlin.metadata.jvm.JvmProtoBuf$JvmFieldSignature                 : loaded 2 times (x 106B)
Class org.jetbrains.kotlin.statistics.metrics.StatisticsValuesConsumer                : loaded 2 times (x 68B)
Class org.jetbrains.kotlin.gradle.testing.internal.KotlinTestsRegistry                : loaded 2 times (x 70B)
Class kotlin.Pair                                                                     : loaded 2 times (x 70B)
Class org.jetbrains.kotlin.gradle.plugin.mpp.compilationImpl.KotlinCompilationLanguageSettingsConfigurator: loaded 2 times (x 72B)
Class org.jetbrains.kotlin.statistics.metrics.StringMetrics                           : loaded 2 times (x 78B)
Class com.google.common.io.ByteSink                                                   : loaded 2 times (x 74B)
Class [Lorg.jetbrains.kotlin.metadata.jvm.JvmProtoBuf$StringTableTypes$Record$Operation;: loaded 2 times (x 67B)
Class com.google.common.collect.AbstractMapBasedMultimap$WrappedCollection$WrappedIterator: loaded 2 times (x 82B)
Class org.jetbrains.kotlin.gradle.plugin.diagnostics.checkers.DuplicateSourceSetChecker$runChecks$1: loaded 2 times (x 86B)
Class org.jetbrains.kotlin.gradle.plugin.KotlinCompilerArgumentsProducer              : loaded 2 times (x 68B)
Class org.jetbrains.kotlin.metadata.deserialization.ProtoTypeTableUtilKt              : loaded 2 times (x 69B)
Class org.objectweb.asm.MethodWriter                                                  : loaded 2 times (x 104B)
Class org.jetbrains.kotlin.descriptors.DelegatedDescriptorVisibility                  : loaded 2 times (x 77B)
Class org.jetbrains.kotlin.metadata.ProtoBuf$Type$1                                   : loaded 2 times (x 142B)
Class org.jetbrains.kotlin.gradle.plugin.internal.ConfigurationCacheStartParameterAccessor: loaded 2 times (x 68B)
Class org.jetbrains.kotlin.compilerRunner.KotlinCompilerRunnerUtils                   : loaded 2 times (x 69B)
Class kotlin.collections.AbstractList$Companion                                       : loaded 2 times (x 69B)
Class org.jetbrains.kotlin.cli.common.arguments.PreprocessCommandLineArgumentsKt      : loaded 2 times (x 69B)
Class org.jetbrains.kotlin.gradle.plugin.KotlinTargetConfiguratorKt                   : loaded 2 times (x 69B)
Class org.jetbrains.kotlin.gradle.plugin.mpp.InternalKotlinCompilation$DefaultImpls   : loaded 2 times (x 69B)
Class org.jetbrains.kotlin.metadata.jvm.deserialization.JvmNameResolver               : loaded 2 times (x 78B)
Class [Lorg.jetbrains.kotlin.daemon.common.DaemonReportCategory;                      : loaded 2 times (x 67B)
Class org.jetbrains.kotlin.gradle.plugin.sources.DefaultKotlinSourceSet_Decorated     : loaded 2 times (x 190B)
Class com.google.common.collect.Platform                                              : loaded 2 times (x 69B)
Class org.jetbrains.kotlin.load.kotlin.header.KotlinClassHeader                       : loaded 2 times (x 70B)
Class org.jetbrains.kotlin.gradle.dsl.KotlinCommonCompilerToolOptionsDefault          : loaded 2 times (x 82B)
Class org.jetbrains.kotlin.gradle.report.ConfigureReporingKt                          : loaded 2 times (x 69B)
Class com.google.common.collect.ImmutableAsList                                       : loaded 2 times (x 169B)
Class org.jetbrains.kotlin.gradle.tasks.CacheableTasksKt$cacheOnlyIfEnabledForKotlin$1: loaded 2 times (x 73B)
Class org.jetbrains.kotlin.gradle.dsl.jvm.JvmTargetValidationMode                     : loaded 2 times (x 77B)
Class kotlin.SynchronizedLazyImpl                                                     : loaded 2 times (x 74B)
Class org.jetbrains.kotlin.daemon.client.KotlinCompilerClient$DaemonSearchResult$NotFound: loaded 2 times (x 70B)
Class org.jetbrains.kotlin.gradle.tasks.internal.KotlinJvmOptionsCompat               : loaded 2 times (x 101B)
Class com.google.common.util.concurrent.ExecutionError                                : loaded 2 times (x 80B)
Class org.jetbrains.kotlin.build.report.metrics.BuildMetrics$Companion                : loaded 2 times (x 69B)
Class org.jetbrains.kotlin.daemon.common.LoopbackNetworkInterface$ClientLoopbackSocketFactory: loaded 2 times (x 73B)
Class com.google.common.io.ByteSink$AsCharSink                                        : loaded 2 times (x 78B)
Class org.jetbrains.kotlin.gradle.tasks.KotlinCompilerExecutionStrategy$Companion     : loaded 2 times (x 69B)
Class org.jetbrains.kotlin.konan.target.KonanTarget$WATCHOS_ARM64                     : loaded 2 times (x 76B)
Class org.jetbrains.kotlin.gradle.plugin.KotlinPluginLifecycleImpl                    : loaded 2 times (x 78B)
Class com.google.common.base.Equivalence$Identity                                     : loaded 2 times (x 80B)
Class org.jetbrains.kotlin.gradle.dsl.PlatformSourceSetConventionsChecker$runChecks$1 : loaded 2 times (x 86B)
Class [Lorg.jetbrains.kotlin.gradle.plugin.KotlinPluginLifecycle$Stage;               : loaded 2 times (x 67B)
Class com.google.common.base.CharMatcher$AnyOf                                        : loaded 2 times (x 110B)
Class com.google.common.base.CharMatcher$IsEither                                     : loaded 2 times (x 109B)
Class org.jetbrains.org.objectweb.asm.tree.Util                                       : loaded 2 times (x 69B)
Class kotlin.collections.SetsKt__SetsKt                                               : loaded 2 times (x 69B)
Class com.google.common.collect.ImmutableSortedMapFauxverideShim                      : loaded 2 times (x 118B)
Class org.jetbrains.kotlin.gradle.dsl.PlatformSourceSetConventionsChecker$runChecks$2 : loaded 2 times (x 76B)
Class org.jetbrains.kotlin.gradle.internal.CompilerOptionsDslHelpersKt                : loaded 2 times (x 69B)
Class org.jetbrains.kotlin.konan.target.HostManager$targetValues$2                    : loaded 2 times (x 76B)
Class org.jetbrains.kotlin.gradle.dsl.PlatformSourceSetConventionsChecker$runChecks$3 : loaded 2 times (x 76B)
Class [Lorg.jetbrains.kotlin.gradle.plugin.diagnostics.ToolingDiagnostic$Severity;    : loaded 2 times (x 67B)
Class org.jetbrains.kotlin.gradle.plugin.StatisticsBuildFlowManager$Companion         : loaded 2 times (x 69B)
Class org.jetbrains.kotlin.gradle.plugin.statistics.BuildFusService$Companion         : loaded 2 times (x 69B)
Class org.jetbrains.kotlin.gradle.plugin.internal.CustomPropertiesFileValueSource$Inject: loaded 2 times (x 111B)
Class org.jetbrains.kotlin.gradle.plugin.PluginWrappersKt                             : loaded 2 times (x 69B)
Class com.google.common.collect.AbstractIterator$1                                    : loaded 2 times (x 69B)
Class org.jetbrains.kotlin.gradle.dsl.PlatformSourceSetConventionsChecker$runChecks$4 : loaded 2 times (x 76B)
Class org.jetbrains.kotlin.gradle.dsl.KotlinCommonCompilerToolOptionsHelper           : loaded 2 times (x 69B)
Class org.jetbrains.kotlin.metadata.ProtoBuf$VersionRequirement$1                     : loaded 2 times (x 142B)
Class org.jetbrains.kotlin.gradle.plugin.mpp.KotlinCompilationsKt$sam$java_util_concurrent_Callable$0: loaded 2 times (x 73B)
Class jdk.internal.jimage.ImageReader$Directory                                       : loaded 2 times (x 82B)
Class org.jetbrains.kotlin.gradle.tasks.configuration.AbstractKotlinCompileConfig     : loaded 2 times (x 70B)
Class org.jetbrains.kotlin.gradle.dsl.PlatformSourceSetConventionsChecker$runChecks$6 : loaded 2 times (x 86B)
Class org.jetbrains.kotlin.gradle.plugin.mpp.compilationImpl.KotlinCreateNativeCompileTasksSideEffectKt$special$$inlined$KotlinCompilationSideEffect$1: loaded 2 times (x 72B)
Class com.google.common.cache.LocalCache                                              : loaded 2 times (x 185B)
Class com.google.common.collect.ImmutableRangeSet$Builder                             : loaded 2 times (x 75B)
Class org.jetbrains.kotlin.gradle.plugin.diagnostics.CheckKotlinGradlePluginConfigurationErrorsKt$addDependsOnFromTasksThatShouldFailWhenErrorsReported$1: loaded 2 times (x 73B)
Class org.jetbrains.kotlin.gradle.targets.CreateTargetConfigurationsSideEffectKt$CreateTargetConfigurationsSideEffect$1: loaded 2 times (x 72B)
Class org.jetbrains.kotlin.gradle.plugin.KotlinPluginLifecycleImpl$launch$coroutine$1 : loaded 2 times (x 74B)
Class org.jetbrains.kotlin.name.FqNameUnsafe$1                                        : loaded 2 times (x 72B)
Class org.jetbrains.kotlin.metadata.ProtoBuf$Constructor$1                            : loaded 2 times (x 142B)
Class org.jetbrains.kotlin.gradle.targets.CreateDefaultTestRunSideEffectKt$special$$inlined$KotlinTargetSideEffect$1: loaded 2 times (x 72B)
Class com.google.common.collect.RegularImmutableList                                  : loaded 2 times (x 172B)
Class org.jetbrains.kotlin.gradle.plugin.diagnostics.KotlinToolingDiagnostics         : loaded 2 times (x 69B)
Class org.jetbrains.kotlin.gradle.internal.StdlibDependencyManagementKt$addStdlibDependency$1: loaded 2 times (x 73B)
Class org.jetbrains.kotlin.gradle.dsl.KotlinCommonOptions                             : loaded 2 times (x 68B)
Class org.jetbrains.kotlin.gradle.plugin.HasKotlinDependencies                        : loaded 2 times (x 68B)
Class org.jetbrains.kotlin.statistics.fileloggers.MetricsContainer                    : loaded 2 times (x 75B)
Class com.google.common.util.concurrent.AbstractFuture$UnsafeAtomicHelper$1           : loaded 2 times (x 74B)
Class org.jetbrains.kotlin.cli.common.arguments.Freezable                             : loaded 2 times (x 70B)
Class org.jetbrains.kotlin.gradle.plugin.mpp.KotlinTargetSoftwareComponentImplKt$KotlinTargetSoftwareComponent$1$1$configuration$1: loaded 2 times (x 77B)
Class com.google.common.base.CharMatcher$JavaUpperCase                                : loaded 2 times (x 109B)
Class [Lkotlin.Function;                                                              : loaded 2 times (x 67B)
Class org.jetbrains.kotlin.cli.common.arguments.K2JVMCompilerArguments$Companion      : loaded 2 times (x 69B)
Class org.jetbrains.kotlin.gradle.plugin.mpp.SyncLanguageSettingsWithKotlinExtensionSetupActionKt$SyncLanguageSettingsWithKotlinExtensionSetupAction$1: loaded 2 times (x 93B)
Class com.google.common.collect.Multiset                                              : loaded 2 times (x 68B)
Class org.jetbrains.kotlin.gradle.tasks.K2MultiplatformStructure$RefinesEdge          : loaded 2 times (x 70B)
Class org.jetbrains.kotlin.metadata.ProtoBuf$Expression$1                             : loaded 2 times (x 142B)
Class org.jetbrains.kotlin.build.report.statistics.StatTag                            : loaded 2 times (x 77B)
Class com.google.common.collect.ImmutableSet$CachingAsList                            : loaded 2 times (x 145B)
Class org.jetbrains.kotlin.daemon.client.DaemonGcAutoConfigurationProblemsListener    : loaded 2 times (x 74B)
Class org.jetbrains.kotlin.gradle.plugin.mpp.compilationImpl.KotlinCreateNativeCompileTasksSideEffectKt: loaded 2 times (x 69B)
Class org.jetbrains.kotlin.descriptors.Visibilities$Local                             : loaded 2 times (x 77B)
Class org.jetbrains.kotlin.compilerRunner.ProjectFilesForCompilation                  : loaded 2 times (x 70B)
Class org.jetbrains.kotlin.gradle.tasks.KotlinJavaToolchain$JavaToolchainSetter       : loaded 2 times (x 68B)
Class org.jetbrains.kotlin.daemon.common.Profiler                                     : loaded 2 times (x 68B)
Class org.jetbrains.kotlin.gradle.plugin.VariantImplementationFactoriesConfigurator$Companion: loaded 2 times (x 69B)
Class org.jetbrains.kotlin.metadata.ProtoBuf$TypeParameterOrBuilder                   : loaded 2 times (x 68B)
Class org.jetbrains.kotlin.descriptors.DescriptorVisibilities$10                      : loaded 2 times (x 74B)
Class org.jetbrains.kotlin.konan.target.KonanTarget$ANDROID_X86                       : loaded 2 times (x 76B)
Class org.jetbrains.kotlin.gradle.tooling.BuildKotlinToolingMetadataTask              : loaded 2 times (x 315B)
Class org.jetbrains.kotlin.descriptors.DescriptorVisibilities$11                      : loaded 2 times (x 74B)
Class org.jetbrains.kotlin.gradle.plugin.KotlinCompilerPluginSupportPlugin            : loaded 2 times (x 68B)
Class org.jetbrains.kotlin.gradle.internal.properties.NativeProperties                : loaded 2 times (x 68B)
Class org.jetbrains.kotlin.descriptors.DescriptorVisibilities$12                      : loaded 2 times (x 74B)
Class kotlin.comparisons.ComparisonsKt__ComparisonsKt                                 : loaded 2 times (x 69B)
Class org.jetbrains.kotlin.gradle.plugin.mpp.compilationImpl.KotlinCreateResourcesTaskSideEffectKt$KotlinCreateResourcesTaskSideEffect$1: loaded 2 times (x 72B)
Class org.jetbrains.kotlin.gradle.internal.properties.NativePropertiesLoader$userProvidedNativeHome$1: loaded 2 times (x 73B)
Class org.jetbrains.kotlin.gradle.plugin.mpp.compilationImpl.factory.KotlinCompilationImplFactory$KotlinCompilerOptionsFactory$Options: loaded 2 times (x 70B)
Class org.jetbrains.kotlin.gradle.utils.SingleActionPerProject                        : loaded 2 times (x 71B)
Class org.jetbrains.kotlin.gradle.plugin.mpp.AbstractKotlinTarget$components$2        : loaded 2 times (x 77B)
Class org.jetbrains.kotlin.gradle.plugin.diagnostics.checkers.CInteropInputChecker    : loaded 2 times (x 72B)
Class com.google.common.collect.NullsLastOrdering                                     : loaded 2 times (x 113B)
Class org.jetbrains.kotlin.gradle.plugin.mpp.compilationImpl.factory.KotlinCompilationImplFactory: loaded 2 times (x 70B)
Class org.jetbrains.kotlin.gradle.plugin.mpp.KotlinTargetWithBinaries                 : loaded 2 times (x 161B)
Class org.objectweb.asm.MethodVisitor                                                 : loaded 2 times (x 103B)
Class org.jetbrains.kotlin.gradle.dsl.KotlinSingleTargetExtension                     : loaded 2 times (x 122B)
Class org.jetbrains.kotlin.metadata.ProtoBuf$TypeOrBuilder                            : loaded 2 times (x 68B)
Class kotlin.io.ByteStreamsKt                                                         : loaded 2 times (x 69B)
Class com.google.common.collect.ComparisonChain                                       : loaded 2 times (x 78B)
Class com.google.common.collect.AbstractMapBasedMultimap$KeySet$1                     : loaded 2 times (x 80B)
Class org.jetbrains.kotlin.gradle.plugin.statistics.KotlinBuildStatsMXBean            : loaded 2 times (x 68B)
Class org.jetbrains.kotlin.daemon.common.DaemonReportCategory                         : loaded 2 times (x 77B)
Class com.google.common.collect.ImmutableMapEntry$NonTerminalImmutableMapEntry        : loaded 2 times (x 83B)
Class org.jetbrains.kotlin.protobuf.MessageLiteOrBuilder                              : loaded 2 times (x 68B)
Class org.jetbrains.kotlin.gradle.ExperimentalKotlinGradlePluginApi                   : loaded 2 times (x 68B)
Class com.google.common.collect.AbstractMapBasedMultimap                              : loaded 2 times (x 137B)
Class org.jetbrains.kotlin.metadata.jvm.JvmProtoBuf$JvmPropertySignatureOrBuilder     : loaded 2 times (x 68B)
Class com.google.gson.stream.JsonToken                                                : loaded 2 times (x 77B)


---------------  S Y S T E M  ---------------

OS:
 Windows 11 , 64 bit Build 22621 (10.0.22621.5415)
OS uptime: 1 days 0:24 hours
Hyper-V role detected

CPU: total 16 (initial active 16) (8 cores per cpu, 2 threads per core) family 6 model 141 stepping 1 microcode 0x26, cx8, cmov, fxsr, ht, mmx, 3dnowpref, sse, sse2, sse3, ssse3, sse4.1, sse4.2, popcnt, lzcnt, tsc, tscinvbit, avx, avx2, aes, erms, clmul, bmi1, bmi2, adx, avx512f, avx512dq, avx512cd, avx512bw, avx512vl, sha, fma, vzeroupper, avx512_vpopcntdq, avx512_vpclmulqdq, avx512_vaes, avx512_vnni, clflush, clflushopt, clwb, avx512_vbmi2, avx512_vbmi, hv

Memory: 4k page, system-wide physical 16085M (423M free)
TotalPageFile size 31701M (AvailPageFile size 166M)
current process WorkingSet (physical memory assigned to process): 1282M, peak: 1321M
current process commit charge ("private bytes"): 1834M, peak: 2079M

vm_info: OpenJDK 64-Bit Server VM (17.0.7+0-b2043.56-10550314) for windows-amd64 JRE (17.0.7+0-b2043.56-10550314), built on Jul 24 2023 18:27:45 by "androidbuild" with MS VC++ 16.10 / 16.11 (VS2019)

END.
